sales_month,category,state,customer_segment,total_orders,total_customers,total_sellers,total_quantity,total_sales,average_order_value,average_unit_price
2024-01-01,Electronics,Tamil Nadu,Regular,767,738,551,1066,14616507.290000001,19056.723976532,14005.940417209909
2024-01-01,Fashion,Delhi,Regular,521,506,395,722,10919586.859999998,20958.899923225,15031.2158925144
2024-01-01,Electronics,Gujarat,New,151,149,142,200,3123324.3800000008,20684.267417219,14610.111854304638
2024-01-01,Beauty,Delhi,Regular,287,276,254,411,6514958.78,22700.204808362,16028.292125435537
2024-01-01,Sports,Gujarat,Regular,235,232,214,334,4307633.9799999995,18330.357361702,13349.492936170212
2024-01-01,Beauty,Telangana,Regular,379,363,306,514,7476141.8299999991,19725.967889182,15117.295672823215
2024-01-01,Electronics,West Bengal,Regular,496,470,384,674,11228105.639999997,22637.309758065,15694.285080645162
2024-01-01,Sports,Telangana,Regular,318,315,279,437,6681799.9700000007,21011.949591195,14089.947830188683
2024-01-01,Electronics,Uttar Pradesh,Regular,900,859,583,1250,18524300.82,20582.556466667,15039.2828
2024-01-01,Home & Kitchen,Maharashtra,New,167,162,152,244,3534087.850000001,21162.202694611,14298.626766467065
2024-01-01,Sports,Delhi,New,44,43,44,63,1095677.4100000001,24901.759318182,17277.519090909089
2024-01-01,Beauty,Gujarat,Regular,268,266,234,361,4772105.5999999987,17806.364179104,13185.118358208954
2024-01-01,Fashion,Maharashtra,New,190,175,170,269,3761916.9499999997,19799.562894737,14342.773842105262
2024-01-01,Grocery,Delhi,Regular,297,289,253,425,5021912.5800000019,16908.796565657,12496.990370370369
2024-01-01,Fashion,Uttar Pradesh,Regular,785,763,552,1086,16686052.560000006,21256.117910828,15909.479643312108
2024-01-01,Electronics,Maharashtra,Premium,192,181,171,268,4601512.33,23966.210052083,15663.318593750006
2024-01-01,Home & Kitchen,Telangana,Regular,581,560,446,807,14622203.350000005,25167.303528399,18185.715335628229
2024-01-01,Electronics,Telangana,New,173,163,152,237,3383237.21,19556.284450867,13364.773410404623
2024-01-01,Grocery,Gujarat,Regular,290,283,256,373,6146125.52,21193.536275862,15590.86227586207
2024-01-01,Sports,Gujarat,New,53,51,52,77,1150940.31,21715.85490566,13711.351132075473
2024-01-01,Electronics,Telangana,Premium,169,157,151,239,3781147.8500000006,22373.65591716,15363.097810650888
2024-01-01,Electronics,Gujarat,Premium,132,129,122,180,1983253.9699999997,15024.651287879,11854.920757575757
2024-01-01,Sports,West Bengal,Premium,35,35,35,41,1230546.88,35158.482285714,26922.286
2024-01-01,Fashion,Maharashtra,Premium,204,200,186,274,4538294.3999999994,22246.541176471,16857.407205882359
2024-01-01,Fashion,Telangana,New,158,155,144,225,3012196.1099999989,19064.532341772,12937.953734177212
2024-01-01,Electronics,Maharashtra,New,205,194,177,272,3342553.4299999992,16305.138682927,12532.798926829269
2024-01-01,Home & Kitchen,Gujarat,Regular,420,405,346,586,8412918.58,20030.75852381,13895.796690476196
2024-01-01,Fashion,Telangana,Regular,622,596,472,880,14027398.669999992,22552.087893891,16109.725289389069
2024-01-01,Beauty,West Bengal,New,40,39,40,56,456381.69999999995,11409.5425,9267.2219999999979
2024-01-01,Home & Kitchen,Maharashtra,Premium,144,140,133,213,2796772.57,19422.031736111,13706.259097222224
2024-01-01,Fashion,Telangana,Premium,143,138,131,188,2508779.3100000005,17543.911258741,14652.650769230771
2024-01-01,Fashion,Gujarat,Regular,501,482,395,692,10745563.54,21448.230618762,15716.345848303383
2024-01-01,Fashion,West Bengal,Regular,405,390,335,556,9077142.0300000012,22412.69637037,16357.279086419761
2024-01-01,Fashion,Gujarat,New,117,113,111,157,2453092.0600000005,20966.598803419,17037.08205128205
2024-01-01,Sports,Delhi,Regular,229,228,208,310,4293359.8999999994,18748.29650655,14673.150131004366
2024-01-01,Fashion,Uttar Pradesh,New,168,165,152,250,3737868.2699999991,22249.215892857,14267.701249999996
2024-01-01,Home & Kitchen,Telangana,Premium,131,125,123,177,2675578.0500000007,20424.259923664,14711.572061068704
2024-01-01,Electronics,Gujarat,Regular,601,577,458,806,10719913.909999998,17836.795191348,13071.37494176373
2024-01-01,Home & Kitchen,Telangana,New,120,115,115,174,2304838.649999999,19206.98875,13879.681
2024-01-01,Sports,Karnataka,New,71,71,69,106,1653802.1699999997,23292.988309859,15744.766197183097
2024-01-01,Electronics,Telangana,Regular,783,754,545,1097,16620123.100000003,21226.210855683,15605.465874840362
2024-01-01,Beauty,Telangana,Premium,88,88,85,118,2057448.3100000005,23380.094431818,14284.851022727275
2024-01-01,Beauty,West Bengal,Premium,47,47,47,61,858911.55,18274.713829787,13497.723404255319
2024-01-01,Electronics,Uttar Pradesh,New,213,202,193,310,4166888.3599999994,19562.856150235,14141.503896713617
2024-01-01,Home & Kitchen,West Bengal,Regular,377,364,302,517,7268736.7300000014,19280.468779841,14627.293262599464
2024-01-01,Sports,Maharashtra,Regular,433,428,357,605,8691685.93,20073.177667436,14429.732009237878
2024-01-01,Grocery,Telangana,New,84,84,80,119,1089125.56,12965.78047619,9182.4391666666652
2024-01-01,Beauty,Maharashtra,Regular,454,443,364,615,9075049.9200000037,19989.096740088,14593.500792951534
2024-01-01,Fashion,Delhi,New,131,125,124,182,3104862.2199999997,23701.238320611,17063.515954198469
2024-01-01,Home & Kitchen,Delhi,Regular,448,430,360,596,9761988.2399999928,21790.152321429,14662.054821428568
2024-01-01,Beauty,Telangana,New,76,74,71,104,1509607.2,19863.252631579,12817.926052631577
2024-01-01,Sports,Telangana,Premium,75,74,73,103,1225286.4000000004,16337.152,12467.679466666666
2024-01-01,Sports,Karnataka,Premium,90,89,87,136,2283544.9399999995,25372.721555556,16074.83033333333
2024-01-01,Home & Kitchen,Uttar Pradesh,Regular,643,623,488,916,15120684.310000006,23515.83874028,15699.666562985998
2024-01-01,Beauty,Karnataka,New,91,88,89,128,2459147.2,27023.595604396,18398.665824175823
2024-01-01,Beauty,Karnataka,Premium,92,90,88,137,1433142.89,15577.640108696,11012.515978260868
2024-01-01,Electronics,Uttar Pradesh,Premium,215,204,197,302,3777564.7899999996,17570.068790698,12725.956
2024-01-01,Grocery,Telangana,Premium,64,62,61,87,1468855.52,22950.8675,16465.61046875
2024-01-01,Fashion,Uttar Pradesh,Premium,157,150,139,231,2942138.13,18739.733312102,13940.752993630571
2024-01-01,Electronics,Delhi,New,121,116,113,177,2536831.6,20965.550413223,14810.359338842978
2024-01-01,Grocery,Maharashtra,Regular,507,496,392,712,10152041.940000003,20023.751360947,14302.535305719921
2024-01-01,Beauty,Maharashtra,New,101,101,97,148,2228356.2,22062.932673267,14996.915940594059
2024-01-01,Beauty,Maharashtra,Premium,101,98,98,143,1571518.5900000003,15559.59,10764.993069306935
2024-01-01,Electronics,Delhi,Premium,120,116,112,159,2132133.9000000004,17767.7825,12992.74225
2024-01-01,Grocery,West Bengal,New,52,51,50,65,889667.07000000007,17108.982115385,13209.063461538461
2024-01-01,Grocery,West Bengal,Premium,52,50,52,72,1394372.53,26814.856346154,16861.704423076921
2024-01-01,Sports,Telangana,New,62,61,59,84,858022.75,13839.076612903,11604.924354838709
2024-01-01,Grocery,Karnataka,Premium,97,94,94,127,1654092.5600000003,17052.500618557,13051.017010309275
2024-01-01,Beauty,West Bengal,Regular,247,240,218,340,3928290.3999999994,15904.009716599,12198.634979757091
2024-01-01,Grocery,West Bengal,Regular,244,243,218,331,4200975.709999999,17217.113565574,13346.671557377047
2024-01-01,Fashion,Gujarat,Premium,107,105,101,153,2194899.07,20513.075420561,14965.100280373828
2024-01-01,Sports,West Bengal,New,55,53,51,78,917129.74999999988,16675.086363636,12331.305636363635
2024-01-01,Home & Kitchen,Karnataka,Regular,676,663,488,932,13845559.850000005,20481.597411243,13878.47924556213
2024-01-01,Grocery,Karnataka,New,102,99,95,130,1577499.8400000003,15465.684705882,11308.375
2024-01-01,Fashion,Tamil Nadu,Regular,635,612,473,879,13443699.09,21171.179669291,15032.477464566929
2024-01-01,Home & Kitchen,Maharashtra,Regular,745,726,515,1026,17052432.009999994,22889.170483221,15733.949543624161
2024-01-01,Grocery,Maharashtra,Premium,95,94,88,125,1306309.36,13750.624842105,10653.56789473684
2024-01-01,Home & Kitchen,West Bengal,Premium,63,61,60,78,1268740.33,20138.735396825,17215.538571428577
2024-01-01,Home & Kitchen,Tamil Nadu,Regular,595,570,457,806,12820224.570000006,21546.595915966,16285.04937815126
2024-01-01,Home & Kitchen,Karnataka,New,135,129,130,193,2277608.0100000012,16871.170444444,11405.271777777782
2024-01-01,Fashion,West Bengal,Premium,69,65,68,99,1559782.32,22605.540869565,16352.111014492752
2024-01-01,Sports,Maharashtra,New,92,92,86,133,1953772.7399999998,21236.660217391,16136.053913043477
2024-01-01,Sports,Uttar Pradesh,New,83,83,80,112,1872965.7799999998,22565.852771084,14837.995301204819
2024-01-01,Beauty,Tamil Nadu,Regular,348,344,301,463,7529876.3699999992,21637.575775862,15315.463735632187
2024-01-01,Fashion,Maharashtra,Regular,882,859,578,1223,19029833.39,21575.774818594,15800.062346938761
2024-01-01,Home & Kitchen,Karnataka,Premium,148,143,140,213,3043668.6599999988,20565.328783784,14384.685945945948
2024-01-01,Sports,Maharashtra,Premium,90,88,89,124,2130731.5499999993,23674.795,18937.411555555555
2024-01-01,Beauty,Uttar Pradesh,New,85,84,82,112,1241377.9700000002,14604.446705882,12845.388117647059
2024-01-01,Sports,Gujarat,Premium,43,40,42,60,999361.07000000018,23240.955116279,17217.047441860461
2024-01-01,Fashion,Delhi,Premium,108,103,101,158,2470272.14,22872.890185185,15437.985370370368
2024-01-01,Grocery,Maharashtra,New,89,87,83,118,923965.74999999988,10381.637640449,9024.2076404494364
2024-01-01,Home & Kitchen,Uttar Pradesh,Premium,144,142,131,198,2316545.54,16087.121805556,11494.865486111114
2024-01-01,Grocery,Tamil Nadu,Regular,341,339,290,483,5814016.7500000009,17049.902492669,13716.388944281525
2024-01-01,Sports,Uttar Pradesh,Premium,85,84,82,125,1908017.4,22447.263529412,17746.550117647061
2024-01-01,Home & Kitchen,Delhi,Premium,105,101,99,145,1888296.7700000005,17983.778761905,12558.842190476193
2024-01-01,Beauty,Gujarat,New,61,61,60,88,1398109.38,22919.825901639,16569.577377049183
2024-01-01,Fashion,West Bengal,New,79,75,75,122,1566808.68,19833.021265823,14076.416835443039
2024-01-01,Home & Kitchen,West Bengal,New,81,77,79,107,1192845.28,14726.484938272,12678.905679012347
2024-01-01,Sports,West Bengal,Regular,212,205,193,286,4134044.38,19500.209339623,14425.272028301892
2024-01-01,Beauty,Uttar Pradesh,Premium,85,84,83,123,1922929.07,22622.694941176,15624.437647058825
2024-01-01,Sports,Tamil Nadu,Regular,287,279,245,392,5965338.5300000021,20785.151672474,15968.551707317072
2024-01-01,Electronics,Maharashtra,Regular,1038,991,646,1432,19963234.749999985,19232.403420039,14470.146069364157
2024-01-01,Fashion,Karnataka,New,169,161,158,227,3941257.3099999991,23321.049171598,17928.800295857989
2024-01-01,Sports,Tamil Nadu,New,52,50,52,69,852505.82,16394.342692308,12247.272307692305
2024-01-01,Sports,Tamil Nadu,Premium,56,54,54,83,1106351.0400000003,19756.268571429,12885.667321428573
2024-01-01,Electronics,Tamil Nadu,Premium,177,169,159,235,3724439.9099999997,21042.033389831,14180.95723163842
2024-01-01,Home & Kitchen,Uttar Pradesh,New,141,136,133,196,2743720.7699999996,19459.012553191,15473.937730496453
2024-01-01,Home & Kitchen,Gujarat,New,95,93,87,127,2350818.79,24745.460947368,17068.064526315789
2024-01-01,Grocery,Telangana,Regular,420,409,342,593,8289529.980000006,19736.976142857,13791.094095238097
2024-01-01,Fashion,Karnataka,Premium,181,175,165,276,4195658.6700000009,23180.434640884,15006.30237569061
2024-01-01,Home & Kitchen,Delhi,New,96,93,95,139,2506486.4300000006,26109.233645833,18471.966354166667
2024-01-01,Home & Kitchen,Gujarat,Premium,89,87,82,122,1970580.3799999997,22141.35258427,17618.60853932584
2024-01-01,Electronics,Delhi,Regular,620,590,446,820,12469491.39,20112.082887097,15502.47791935484
2024-01-01,Electronics,Tamil Nadu,New,150,142,140,203,2780786.350000001,18538.575666667,14372.4092
2024-01-01,Electronics,Karnataka,Premium,187,180,176,262,3540193.1899999995,18931.514385027,12685.817433155082
2024-01-01,Electronics,Karnataka,New,204,192,185,285,4208498.7699999986,20629.895931373,15770.283627450981
2024-01-01,Sports,Uttar Pradesh,Regular,354,349,287,504,8247841.2500000047,23298.986581921,16051.087175141231
2024-01-01,Electronics,West Bengal,New,87,84,84,121,1748133.6500000004,20093.490229885,14990.80390804598
2024-01-01,Fashion,Tamil Nadu,Premium,133,128,125,195,2262248.7699999996,17009.38924812,11389.491729323307
2024-01-01,Beauty,Uttar Pradesh,Regular,418,407,340,589,9362371.9899999965,22398.019114833,16141.052942583732
2024-01-01,Sports,Karnataka,Regular,362,357,306,506,8008518.72,22122.979889503,16010.414917127073
2024-01-01,Electronics,Karnataka,Regular,892,856,586,1200,17154193.980000004,19231.159170404,14652.278071748877
2024-01-01,Grocery,Uttar Pradesh,Premium,96,94,91,143,2163270.09,22534.0634375,15312.456875
2024-01-01,Home & Kitchen,Tamil Nadu,New,120,115,112,155,2105349.1999999993,17544.576666667,13989.439083333335
2024-01-01,Fashion,Tamil Nadu,New,119,116,108,159,3211454.7599999988,26987.014789916,18626.562521008407
2024-01-01,Beauty,Delhi,New,75,75,73,98,1374895.7699999998,18331.9436,16050.986400000007
2024-01-01,Grocery,Uttar Pradesh,Regular,414,408,335,576,8316750.43,20088.769154589,14559.606159420289
2024-01-01,Grocery,Gujarat,Premium,68,66,67,88,1252597.27,18420.548088235,13671.943235294118
2024-01-01,Home & Kitchen,Tamil Nadu,Premium,110,109,105,156,2047448.6000000006,18613.169090909,13585.476636363635
2024-01-01,Fashion,Karnataka,Regular,796,770,537,1092,17478900.52,21958.417738693,16024.098643216075
2024-01-01,Grocery,Tamil Nadu,Premium,68,68,65,93,1161444.6300000001,17080.068088235,10176.986617647059
2024-01-01,Grocery,Delhi,New,71,69,70,106,1420858.13,20012.086338028,14929.019859154931
2024-01-01,Beauty,Tamil Nadu,Premium,95,93,89,130,1929620.5699999998,20311.795473684,15983.75231578947
2024-01-01,Beauty,Gujarat,Premium,75,74,73,101,1596920.29,21292.270533333,17004.212133333331
2024-01-01,Beauty,Karnataka,Regular,452,436,360,612,10021144.52,22170.673716814,16089.785840707966
2024-01-01,Electronics,West Bengal,Premium,111,105,104,163,1930694.2699999996,17393.642072072,12930.352522522522
2024-01-01,Grocery,Uttar Pradesh,New,100,99,94,140,1749184.6199999999,17491.8462,14062.103100000002
2024-01-01,Grocery,Karnataka,Regular,453,443,373,627,9091540.1499999966,20069.625055188,13131.382825607068
2024-01-01,Beauty,Delhi,Premium,70,69,68,97,1369431.44,19563.306285714,15414.781000000003
2024-01-01,Sports,Delhi,Premium,66,63,64,87,1058923.78,16044.29969697,11977.131515151514
2024-01-01,Grocery,Gujarat,New,69,68,67,94,1043266.8600000002,15119.809565217,9822.6508695652174
2024-01-01,Beauty,Tamil Nadu,New,73,71,69,100,1224326.7399999998,16771.599178082,12455.117534246576
2024-01-01,Grocery,Tamil Nadu,New,73,72,68,96,1557505.91,21335.69739726,15158.348904109585
2024-01-01,Grocery,Delhi,Premium,68,66,65,107,1339596.2500000005,19699.944852941,12628.378970588237
2024-02-01,Electronics,Uttar Pradesh,Premium,185,179,177,268,3564804.67,19269.214432432,14356.919135135133
2024-02-01,Electronics,Maharashtra,New,180,175,165,234,2940011.0499999993,16333.394722222,12403.9735
2024-02-01,Beauty,Gujarat,New,50,48,50,67,607601.20999999985,12152.0242,10331.839200000002
2024-02-01,Sports,Uttar Pradesh,Regular,332,328,274,460,6877057.4900000021,20714.028584337,14601.322228915664
2024-02-01,Grocery,Tamil Nadu,New,73,71,70,93,1396224.5,19126.363013699,15569.802191780826
2024-02-01,Sports,Gujarat,Regular,213,207,200,285,5064367.51,23776.373286385,18195.992394366196
2024-02-01,Home & Kitchen,Karnataka,Regular,609,598,457,841,12627536.430000011,20734.870985222,15299.702660098523
2024-02-01,Grocery,Tamil Nadu,Premium,79,75,76,112,1368836.6199999999,17327.045822785,13972.609746835444
2024-02-01,Electronics,Uttar Pradesh,New,193,185,178,252,3667916.7999999989,19004.750259067,15001.842072538859
2024-02-01,Grocery,Telangana,Regular,373,368,314,554,8707917.9799999986,23345.62461126,14862.446943699728
2024-02-01,Electronics,West Bengal,Premium,107,103,101,141,2446256.54,22862.210654206,16573.706822429904
2024-02-01,Electronics,Uttar Pradesh,Regular,802,767,560,1120,14723929.970000008,18359.014925187,13287.181159600997
2024-02-01,Grocery,Uttar Pradesh,New,109,108,103,148,2505353.3699999996,22984.893302752,18034.315963302754
2024-02-01,Beauty,Uttar Pradesh,Regular,392,383,324,551,9553376.770000007,24370.859107143,17039.70540816327
2024-02-01,Grocery,Delhi,Regular,294,287,258,425,4510746.4500000011,15342.675,10361.400510204081
2024-02-01,Fashion,Karnataka,Regular,707,689,497,987,15444861.059999995,21845.630919378,15524.838925035358
2024-02-01,Beauty,Telangana,Regular,352,348,295,498,8755033.9,24872.255397727,17107.899886363637
2024-02-01,Home & Kitchen,Telangana,Regular,547,536,428,753,10684667.149999997,19533.212340037,14279.793235831807
2024-02-01,Grocery,Delhi,New,43,43,43,56,618960.07999999984,14394.420465116,10468.624883720931
2024-02-01,Home & Kitchen,Gujarat,Premium,68,66,65,98,1688712.7400000002,24834.010882353,17225.35073529412
2024-02-01,Grocery,Delhi,Premium,72,71,70,97,1532482.95,21284.485416667,16149.695
2024-02-01,Home & Kitchen,Tamil Nadu,Premium,99,97,93,138,2043834.2500000005,20644.79040404,15376.177575757574
2024-02-01,Fashion,Maharashtra,Premium,190,181,174,238,4009642.810000001,21103.383210526,16326.453684210524
2024-02-01,Home & Kitchen,Tamil Nadu,New,105,100,100,142,1675913.6099999999,15961.082,12355.971047619048
2024-02-01,Beauty,Gujarat,Regular,273,269,243,386,5870339.3299999982,21503.074468864,13618.205164835161
2024-02-01,Beauty,Tamil Nadu,New,67,65,65,99,1134819.9800000002,16937.611641791,12558.19313432836
2024-02-01,Sports,Telangana,Regular,301,297,264,418,5741752.8,19075.590697674,14380.809401993354
2024-02-01,Grocery,Karnataka,Regular,411,406,330,557,7455688.6200000038,18140.361605839,13179.554160583944
2024-02-01,Fashion,Maharashtra,New,161,159,153,229,3515856.6700000004,21837.619068323,15096.303788819872
2024-02-01,Home & Kitchen,Uttar Pradesh,Premium,127,124,120,176,2765709.38,21777.239212598,16330.335275590549
2024-02-01,Electronics,Karnataka,Regular,821,794,557,1131,14908763.860000003,18159.273885505,14040.104470158343
2024-02-01,Beauty,Karnataka,Regular,402,394,329,575,8137293.6,20242.023880597,14227.178880597014
2024-02-01,Grocery,Gujarat,Regular,286,282,241,405,5381860.0199999986,18817.692377622,13025.054860139862
2024-02-01,Beauty,Delhi,Regular,266,261,228,355,5532027.9400000013,20797.097518797,15545.848834586468
2024-02-01,Electronics,West Bengal,Regular,473,449,377,671,10445376.330000008,22083.248054968,14906.274545454547
2024-02-01,Fashion,Uttar Pradesh,Premium,131,131,123,181,2578365.6299999994,19682.180381679,14343.331603053435
2024-02-01,Home & Kitchen,Maharashtra,Premium,153,150,144,218,3970225.88,25949.18875817,17788.752091503269
2024-02-01,Fashion,Tamil Nadu,New,120,116,116,155,2028128.27,16901.068916667,13407.170833333334
2024-02-01,Electronics,Telangana,Premium,160,153,151,222,3547360.13,22171.0008125,15878.403749999998
2024-02-01,Sports,Gujarat,Premium,53,52,52,69,1068429.0399999998,20159.038490566,16433.717358490569
2024-02-01,Fashion,Tamil Nadu,Premium,124,118,114,173,3580457.0900000003,28874.653951613,21146.179999999993
2024-02-01,Fashion,West Bengal,Premium,89,86,84,115,1246245.72,14002.760898876,12197.847640449436
2024-02-01,Fashion,Telangana,Regular,613,590,456,836,12759703.039999997,20815.176247961,15891.008678629682
2024-02-01,Electronics,Tamil Nadu,New,126,119,120,181,2679636.4299999997,21266.955793651,15743.522698412698
2024-02-01,Grocery,Uttar Pradesh,Premium,96,94,87,125,1761358.88,18347.488333333,12392.770520833335
2024-02-01,Sports,Karnataka,Regular,336,331,283,459,7533614.3300000019,22421.471220238,16080.644851190476
2024-02-01,Home & Kitchen,Uttar Pradesh,New,132,127,123,192,2568341.4000000004,19457.131818182,14799.666287878788
2024-02-01,Home & Kitchen,Delhi,Premium,89,86,87,121,1650255.91,18542.201235955,15811.620898876406
2024-02-01,Sports,West Bengal,Premium,36,35,35,44,868583.82,24127.328333333,20101.752222222218
2024-02-01,Electronics,West Bengal,New,87,83,80,126,2149587.44,24707.901609195,15804.107931034479
2024-02-01,Fashion,Telangana,New,157,154,149,213,4143582.45,26392.244904459,17401.684777070062
2024-02-01,Beauty,Delhi,New,63,61,61,87,1139013.5199999998,18079.57968254,12444.82126984127
2024-02-01,Sports,Delhi,Regular,250,245,219,342,5087941.88,20351.76752,15309.6564
2024-02-01,Beauty,Uttar Pradesh,Premium,93,89,90,119,1840706.31,19792.540967742,14164.008279569893
2024-02-01,Home & Kitchen,Gujarat,Regular,422,407,350,583,10051055.730000004,23817.667606635,16106.876327014214
2024-02-01,Electronics,Tamil Nadu,Premium,141,138,130,204,3052872.2700000005,21651.576382979,13120.952553191491
2024-02-01,Home & Kitchen,Maharashtra,New,145,143,138,184,2426595.08,16735.138482759,12811.768896551723
2024-02-01,Fashion,West Bengal,Regular,425,413,350,600,11251969.190000001,26475.221623529,18869.504964705888
2024-02-01,Electronics,Maharashtra,Premium,206,197,186,269,3871591.9299999992,18794.135582524,14929.476456310678
2024-02-01,Grocery,Uttar Pradesh,Regular,419,416,340,584,8065336.629999998,19249.013436754,14256.251742243436
2024-02-01,Grocery,West Bengal,Premium,41,41,41,58,1468667.83,35821.166585366,22838.685853658535
2024-02-01,Home & Kitchen,Delhi,New,95,94,93,136,2279012.04,23989.600421053,16003.223684210527
2024-02-01,Electronics,Telangana,Regular,707,679,501,980,15655730.350000005,22143.890169731,16166.055091937751
2024-02-01,Electronics,Delhi,Regular,529,509,406,745,11563224.250000002,21858.646975425,15374.72489603024
2024-02-01,Fashion,Karnataka,Premium,183,177,169,234,3101621.6799999997,16948.752349727,13976.310601092899
2024-02-01,Beauty,Tamil Nadu,Premium,59,59,54,85,1143211.28,19376.462372881,14774.37288135593
2024-02-01,Sports,Maharashtra,New,80,80,80,116,1527468.3199999998,19093.354,13692.8145
2024-02-01,Electronics,Telangana,New,135,132,128,188,2020464.98,14966.407259259,12070.862
2024-02-01,Electronics,Karnataka,New,180,173,168,242,3548914.1400000015,19716.189666667,14823.274944444445
2024-02-01,Home & Kitchen,Gujarat,New,91,89,87,140,1523910.3599999999,16746.267692308,11906.515824175824
2024-02-01,Sports,Delhi,Premium,51,50,50,68,1391681.8900000001,27287.880196078,17684.992352941179
2024-02-01,Fashion,Gujarat,Regular,513,496,399,694,9915895.5000000019,19329.230994152,14299.390428849903
2024-02-01,Beauty,Gujarat,Premium,50,50,50,70,952198.51,19043.9702,15629.094599999999
2024-02-01,Fashion,Uttar Pradesh,Regular,695,673,503,947,14636587.629999992,21059.838316547,15285.299726618707
2024-02-01,Electronics,Gujarat,Regular,556,537,425,774,12723310.79,22883.6525,16193.399190647482
2024-02-01,Sports,Tamil Nadu,New,57,57,56,75,1030255.21,18074.652807018,12636.662105263156
2024-02-01,Electronics,Karnataka,Premium,172,168,161,242,3171261.6600000006,18437.567790698,13025.200116279069
2024-02-01,Sports,West Bengal,Regular,211,203,192,280,4152665.6999999988,19680.880094787,15080.710142180096
2024-02-01,Home & Kitchen,Delhi,Regular,428,414,338,570,8542422.790000001,19958.931752336,15613.765981308406
2024-02-01,Sports,Tamil Nadu,Premium,50,50,47,70,1575131.7900000003,31502.6358,19379.665399999998
2024-02-01,Sports,Delhi,New,60,58,56,79,1231093.1,20518.218333333,14848.144500000002
2024-02-01,Beauty,Tamil Nadu,Regular,296,291,263,399,5977949.2399999984,20195.774459459,15151.482939189187
2024-02-01,Sports,Tamil Nadu,Regular,297,288,267,400,6334512.0999999987,21328.323569024,15685.294579124582
2024-02-01,Fashion,Telangana,Premium,127,123,117,189,2822246.5500000003,22222.413779528,13301.064488188978
2024-02-01,Home & Kitchen,Telangana,New,121,117,113,158,1602336.59,13242.451157025,11036.717768595041
2024-02-01,Sports,Maharashtra,Regular,373,368,312,502,6722807.4400000013,18023.612439678,13541.619705093834
2024-02-01,Home & Kitchen,Telangana,Premium,115,111,109,144,2407707.6500000004,20936.58826087,15725.423304347823
2024-02-01,Home & Kitchen,West Bengal,New,81,77,78,119,1796616.46,22180.450123457,14260.306666666667
2024-02-01,Fashion,Gujarat,New,97,95,91,142,2482004.85,25587.678865979,15140.442268041237
2024-02-01,Electronics,Gujarat,Premium,116,112,109,166,3245344.5399999991,27977.108103448,19046.101982758621
2024-02-01,Sports,West Bengal,New,45,44,43,58,1049559.08,23323.535111111,18033.134000000002
2024-02-01,Sports,Karnataka,Premium,67,67,64,87,1010394.7399999998,15080.518507463,12885.527313432836
2024-02-01,Sports,Karnataka,New,72,71,69,93,1354814.4200000004,18816.866944444,14367.301666666668
2024-02-01,Fashion,Uttar Pradesh,New,158,151,145,206,3292235.3400000008,20836.932531646,16022.1779113924
2024-02-01,Beauty,Telangana,Premium,85,84,80,112,1885518.4599999997,22182.570117647,15341.484352941177
2024-02-01,Grocery,Karnataka,New,79,75,76,100,1327339.2999999998,16801.763291139,13092.122151898737
2024-02-01,Beauty,Telangana,New,83,82,82,112,938821.93999999971,11311.107710843,8425.3406024096384
2024-02-01,Electronics,Delhi,Premium,106,103,104,143,1544647.16,14572.143018868,11939.284245283019
2024-02-01,Grocery,Tamil Nadu,Regular,332,326,286,453,8232846.0699999975,24797.729126506,17798.507108433732
2024-02-01,Fashion,Gujarat,Premium,114,107,106,150,2324826.7199999997,20393.216842105,15785.959298245612
2024-02-01,Grocery,Telangana,Premium,78,78,77,113,1660550.28,21289.106153846,16381.01
2024-02-01,Electronics,Maharashtra,Regular,964,929,610,1340,19759927.799999997,20497.850414938,14721.409657676351
2024-02-01,Grocery,Maharashtra,New,87,85,85,125,1890985.4500000002,21735.464942529,14034.79
2024-02-01,Electronics,Delhi,New,128,122,121,167,2467602.59,19278.145234375,16582.405703125
2024-02-01,Beauty,West Bengal,Premium,48,47,47,68,595388.92000000016,12403.935833333,9595.9814583333336
2024-02-01,Home & Kitchen,West Bengal,Premium,76,73,70,105,1435983.2999999998,18894.517105263,14979.768552631576
2024-02-01,Grocery,Gujarat,Premium,60,60,58,82,617904.89000000013,10298.414833333,8260.395
2024-02-01,Beauty,Uttar Pradesh,New,69,69,67,89,1593895.02,23099.927826087,18409.040869565215
2024-02-01,Beauty,Karnataka,Premium,87,87,83,119,1761502.7699999998,20247.158275862,15907.335172413792
2024-02-01,Home & Kitchen,West Bengal,Regular,364,354,298,517,7763436.8599999975,21328.123241758,14492.265384615383
2024-02-01,Beauty,Maharashtra,New,92,89,85,134,2330025.46,25326.363695652,16350.06608695652
2024-02-01,Fashion,Delhi,Regular,489,473,395,675,10959505.169999996,22412.07601227,15864.124335378323
2024-02-01,Home & Kitchen,Tamil Nadu,Regular,516,505,406,713,10006971.65,19393.355910853,13761.204593023262
2024-02-01,Beauty,Delhi,Premium,54,54,54,79,902432.82000000007,16711.718888889,10660.085000000001
2024-02-01,Fashion,Maharashtra,Regular,815,789,550,1122,17115150.739999995,21000.184957055,15088.567803680984
2024-02-01,Beauty,West Bengal,New,49,47,48,73,1306560.84,26664.506938776,16589.913673469386
2024-02-01,Sports,Uttar Pradesh,New,81,78,78,102,1390906.05,17171.67962963,14064.533086419757
2024-02-01,Fashion,Delhi,Premium,124,120,118,163,3096328.86,24970.394032258,19045.095080645169
2024-02-01,Grocery,Maharashtra,Regular,459,450,363,610,8804372.6,19181.639651416,15145.79498910676
2024-02-01,Fashion,West Bengal,New,67,66,65,89,1447914.81,21610.66880597,15874.321343283582
2024-02-01,Sports,Uttar Pradesh,Premium,79,78,78,107,925900.30999999994,11720.257088608,9096.3850632911381
2024-02-01,Grocery,West Bengal,New,49,48,49,68,941998.64999999991,19224.462244898,15464.186734693876
2024-02-01,Beauty,West Bengal,Regular,235,232,209,342,6291150.8600000013,26770.854723404,16470.880851063826
2024-02-01,Sports,Maharashtra,Premium,94,93,93,130,1986777.9499999997,21135.935638298,14986.588617021278
2024-02-01,Beauty,Maharashtra,Regular,472,466,372,640,8545644.7799999956,18105.179618644,13694.863919491523
2024-02-01,Fashion,Karnataka,New,133,132,127,178,2967780.3700000006,22314.138120301,16127.876390977446
2024-02-01,Grocery,Maharashtra,Premium,106,105,100,146,2589083.03,24425.311603774,17020.523584905663
2024-02-01,Home & Kitchen,Karnataka,New,131,126,121,175,2135793.23,16303.765114504,13183.138244274811
2024-02-01,Fashion,Tamil Nadu,Regular,611,596,451,841,12993400.29,21265.794255319,16193.194058919797
2024-02-01,Grocery,Telangana,New,70,69,67,98,1297969.8600000003,18542.426571429,14642.607714285712
2024-02-01,Electronics,Gujarat,New,108,103,103,143,2328390.8100000005,21559.174166667,15765.240462962962
2024-02-01,Home & Kitchen,Karnataka,Premium,112,106,111,171,2366238.9,21127.133035714,13903.454285714288
2024-02-01,Beauty,Karnataka,New,93,91,87,130,1998408.9199999997,21488.267956989,16587.4023655914
2024-02-01,Electronics,Tamil Nadu,Regular,723,690,508,1056,16507355.080000002,22831.749764869,15497.136639004155
2024-02-01,Sports,Gujarat,New,59,58,57,79,1044075.2500000002,17696.190677966,15199.629152542371
2024-02-01,Sports,Telangana,New,63,62,61,80,1316223.7300000002,20892.44015873,16243.382857142857
2024-02-01,Fashion,Delhi,New,120,117,116,179,3114697.8900000006,25955.81575,18134.819583333338
2024-02-01,Home & Kitchen,Maharashtra,Regular,715,695,511,1027,16051331.96,22449.415328671,15412.043468531458
2024-02-01,Grocery,Karnataka,Premium,102,100,96,137,1936225.8200000003,18982.606078431,13792.620294117645
2024-02-01,Home & Kitchen,Uttar Pradesh,Regular,615,604,476,849,12352650.359999996,20085.610341463,14589.982390243908
2024-02-01,Sports,Telangana,Premium,56,56,55,75,965829.31,17246.951964286,12052.679821428574
2024-02-01,Grocery,West Bengal,Regular,250,245,216,344,5088843.7599999988,20355.37504,15917.227080000002
2024-02-01,Beauty,Maharashtra,Premium,98,97,94,134,1900398.7599999998,19391.824081633,14751.021530612246
2024-02-01,Grocery,Gujarat,New,56,56,55,80,877815.90999999992,15675.284107143,11237.66375
2024-03-01,Home & Kitchen,Karnataka,Regular,668,652,490,902,13398358.159999995,20057.42239521,14943.605733532933
2024-03-01,Beauty,Delhi,Regular,289,288,259,402,6164695.1599999983,21331.125121107,15483.579411764706
2024-03-01,Beauty,Karnataka,Premium,99,96,95,157,2538120.54,25637.581212121,15664.056969696972
2024-03-01,Home & Kitchen,Maharashtra,Regular,740,721,523,1028,15250033.460000008,20608.153324324,14787.078108108111
2024-03-01,Sports,Telangana,New,60,60,57,78,1604893.8700000006,26748.231166667,21143.373166666664
2024-03-01,Electronics,Delhi,Premium,118,114,109,171,2465473.17,20893.840423729,14839.028983050845
2024-03-01,Sports,Uttar Pradesh,New,75,75,72,97,1490972.7100000002,19879.636133333,15688.899733333337
2024-03-01,Beauty,Maharashtra,New,97,95,94,130,2346281.51,24188.469175258,20637.512268041235
2024-03-01,Beauty,Gujarat,New,60,59,57,84,1027815.5,17130.258333333,12230.823999999999
2024-03-01,Sports,West Bengal,New,52,50,51,82,1644413.0,31623.326923077,20920.649807692309
2024-03-01,Fashion,Gujarat,Premium,102,100,98,140,2332846.0,22871.039215686,15135.715980392159
2024-03-01,Grocery,West Bengal,Regular,266,257,232,364,4920567.4199999971,18498.373759398,13184.857368421051
2024-03-01,Grocery,West Bengal,Premium,58,56,58,73,837963.55,14447.647413793,12218.245344827585
2024-03-01,Grocery,Maharashtra,Regular,508,499,408,713,9948050.64,19582.776850394,13532.706692913385
2024-03-01,Grocery,Maharashtra,New,103,98,101,139,2049150.7900000005,19894.667864078,13160.180097087377
2024-03-01,Beauty,West Bengal,Premium,51,50,51,64,1389246.1700000002,27240.120980392,20931.128431372552
2024-03-01,Beauty,Uttar Pradesh,Regular,452,439,359,597,9120721.9699999988,20178.588429204,14462.14661504425
2024-03-01,Electronics,Tamil Nadu,Regular,691,667,515,945,13667860.510000007,19779.8270767,14433.280709117218
2024-03-01,Sports,Uttar Pradesh,Premium,77,75,74,104,1866655.6599999997,24242.281298701,17874.558961038958
2024-03-01,Home & Kitchen,Delhi,Regular,455,441,369,616,10836497.019999998,23816.476967033,17299.39986813187
2024-03-01,Beauty,Maharashtra,Premium,104,103,101,144,1673896.0200000005,16095.154038462,10695.122403846155
2024-03-01,Beauty,Telangana,New,69,66,67,94,1412941.77,20477.416956522,14747.504202898552
2024-03-01,Grocery,Maharashtra,Premium,96,94,92,128,1499514.43,15619.941979167,11130.028020833333
2024-03-01,Grocery,West Bengal,New,63,63,63,95,983890.81000000017,15617.314444444,10996.052857142857
2024-03-01,Sports,Telangana,Premium,72,72,69,95,1508501.3400000003,20951.4075,17212.266388888889
2024-03-01,Home & Kitchen,Delhi,New,123,120,113,163,2778272.1999999997,22587.578861789,16970.087235772357
2024-03-01,Home & Kitchen,West Bengal,Regular,357,345,286,509,8093178.5599999977,22669.967955182,15296.343305322131
2024-03-01,Sports,Karnataka,New,90,90,86,124,1495432.14,16615.912666667,11928.22
2024-03-01,Home & Kitchen,West Bengal,New,63,62,62,79,1337103.5299999998,21223.865555556,17447.1280952381
2024-03-01,Grocery,Karnataka,New,89,86,88,123,1761565.4900000002,19792.870674157,14884.990449438204
2024-03-01,Sports,Delhi,Premium,57,57,52,74,1195039.2500000002,20965.600877193,16805.22087719298
2024-03-01,Beauty,Uttar Pradesh,New,79,77,76,118,1874161.7999999998,23723.567088608,16447.31253164557
2024-03-01,Fashion,Tamil Nadu,Regular,570,550,438,778,12463987.88,21866.645403509,15807.907578947377
2024-03-01,Fashion,Delhi,Premium,112,110,105,155,2535806.6799999992,22641.131071429,16432.057053571429
2024-03-01,Home & Kitchen,Tamil Nadu,Regular,517,509,402,718,9973290.6500000022,19290.697582205,14117.766750483555
2024-03-01,Grocery,Gujarat,Premium,60,58,59,78,979739.42999999993,16328.9905,13601.668000000001
2024-03-01,Home & Kitchen,Karnataka,New,148,144,139,197,3122790.45,21099.935472973,14822.783108108111
2024-03-01,Home & Kitchen,West Bengal,Premium,76,74,73,107,1590652.1999999997,20929.634210526,15439.011184210523
2024-03-01,Fashion,Maharashtra,Regular,912,879,594,1222,19560335.559999991,21447.736359649,15594.13739035087
2024-03-01,Grocery,Karnataka,Premium,86,84,83,110,1012018.6,11767.658139535,9600.10976744186
2024-03-01,Home & Kitchen,Uttar Pradesh,Regular,662,638,485,911,14496800.139999999,21898.489637462,15669.294229607249
2024-03-01,Sports,Karnataka,Premium,85,83,84,112,1650504.9300000002,19417.705058824,15896.337529411767
2024-03-01,Electronics,Telangana,Regular,802,768,558,1086,15359594.180000007,19151.613690773,13513.836583541148
2024-03-01,Sports,Gujarat,Premium,61,59,60,82,1467091.6099999999,24050.682131148,17470.848360655738
2024-03-01,Grocery,Uttar Pradesh,Premium,85,81,82,122,1247922.31,14681.438941176,10972.322823529412
2024-03-01,Grocery,Tamil Nadu,Regular,332,328,284,452,6278227.2900000019,18910.323162651,14203.325572289152
2024-03-01,Beauty,Karnataka,New,81,78,76,108,1457554.3200000003,17994.497777778,14864.070123456786
2024-03-01,Home & Kitchen,Gujarat,Premium,98,96,95,153,2298255.3000000003,23451.584693878,13565.623367346938
2024-03-01,Beauty,Maharashtra,Regular,457,439,367,636,9725097.7800000031,21280.301487965,15710.682975929973
2024-03-01,Sports,Maharashtra,Regular,437,434,357,579,8194824.4799999986,18752.458764302,13368.679519450801
2024-03-01,Grocery,Delhi,Premium,59,58,55,78,1261786.0899999999,21386.204915254,15579.11033898305
2024-03-01,Beauty,Delhi,New,52,51,48,72,1097618.4599999997,21108.047307692,16007.163076923072
2024-03-01,Home & Kitchen,Karnataka,Premium,152,144,146,211,3875164.8899999992,25494.505855263,16379.825921052634
2024-03-01,Grocery,Telangana,New,87,86,85,113,1540566.2899999998,17707.658505747,15362.347816091955
2024-03-01,Beauty,Telangana,Premium,87,85,82,132,2067520.0699999998,23764.598505747,14925.043448275861
2024-03-01,Beauty,Gujarat,Premium,61,60,59,81,1551364.1400000001,25432.199016393,17667.493114754096
2024-03-01,Electronics,Delhi,New,134,130,127,189,2475785.81,18476.013507463,12212.145223880594
2024-03-01,Grocery,Telangana,Premium,95,91,91,127,2087157.01,21970.073789474,16197.386736842103
2024-03-01,Fashion,West Bengal,Regular,401,392,334,579,9071596.9300000034,22622.436234414,16719.685785536167
2024-03-01,Fashion,West Bengal,Premium,79,78,77,103,1825326.4,23105.397468354,16704.58772151899
2024-03-01,Home & Kitchen,Uttar Pradesh,Premium,162,158,151,210,2027181.34,12513.465061728,9955.5959259259253
2024-03-01,Home & Kitchen,Gujarat,New,98,94,96,133,1926829.57,19661.52622449,14275.664591836738
2024-03-01,Beauty,Tamil Nadu,Regular,316,313,275,439,6680886.4499999965,21142.045727848,15482.979746835439
2024-03-01,Electronics,Karnataka,Premium,157,147,146,217,2914900.1399999997,18566.242929936,13325.134777070065
2024-03-01,Fashion,Karnataka,New,164,159,152,227,3253942.3299999996,19841.111768293,14827.87365853659
2024-03-01,Sports,West Bengal,Premium,44,43,42,54,933569.83000000007,21217.496136364,16188.33431818182
2024-03-01,Home & Kitchen,Telangana,Premium,117,112,108,161,2432452.41,20790.191538462,14782.078888888887
2024-03-01,Electronics,Gujarat,Regular,612,586,481,877,12651621.35,20672.583905229,15033.826944444445
2024-03-01,Sports,Tamil Nadu,Regular,299,295,261,429,6726201.8900000025,22495.658494983,15758.448829431441
2024-03-01,Sports,Delhi,New,52,51,51,70,962642.24999999977,18512.350961538,13827.872692307694
2024-03-01,Electronics,Maharashtra,Regular,1001,957,637,1347,19640733.450000003,19621.112337662,14901.743606393604
2024-03-01,Sports,Maharashtra,New,84,83,80,120,2498943.0200000005,29749.321666667,20867.5025
2024-03-01,Sports,Uttar Pradesh,Regular,378,369,312,558,7659363.4300000025,20262.866216931,13560.663888888888
2024-03-01,Fashion,Telangana,New,128,124,122,185,2692922.9300000006,21038.460390625,13907.451171874998
2024-03-01,Fashion,Delhi,New,98,96,93,141,1920368.15,19595.593367347,13645.008367346942
2024-03-01,Home & Kitchen,Telangana,New,128,123,123,192,3042868.9299999997,23772.413515625,15612.344999999998
2024-03-01,Fashion,Uttar Pradesh,New,166,158,149,229,3443285.7400000007,20742.685180723,14748.361204819274
2024-03-01,Fashion,Tamil Nadu,Premium,154,145,142,204,3740217.6899999995,24287.127857143,18454.226428571434
2024-03-01,Fashion,Uttar Pradesh,Regular,803,775,543,1126,19813029.2,24673.759900374,16893.8113574097
2024-03-01,Fashion,Gujarat,Regular,516,501,411,730,10977626.3,21274.469573643,15162.177325581397
2024-03-01,Beauty,West Bengal,Regular,210,210,188,284,4281468.62,20387.945809524,14526.819380952382
2024-03-01,Fashion,Delhi,Regular,522,504,415,716,12252667.969999999,23472.544003831,17029.430574712645
2024-03-01,Grocery,Uttar Pradesh,New,92,89,80,120,1773802.7200000002,19280.464347826,15905.793478260868
2024-03-01,Home & Kitchen,Maharashtra,Premium,142,139,134,191,2742089.5300000007,19310.489647887,14343.450492957747
2024-03-01,Sports,Maharashtra,Premium,73,70,69,104,1413211.06,19359.055616438,14918.597260273971
2024-03-01,Electronics,Tamil Nadu,New,151,143,136,212,2921353.92,19346.714701987,13429.585827814572
2024-03-01,Home & Kitchen,Uttar Pradesh,New,136,125,128,176,2318964.7800000007,17051.211617647,13878.559117647061
2024-03-01,Fashion,Telangana,Regular,677,656,507,941,14467106.34999999,21369.433308715,15133.558995568683
2024-03-01,Electronics,Tamil Nadu,Premium,147,145,134,199,2017120.32,13721.906938776,9725.4080952380973
2024-03-01,Fashion,Gujarat,New,121,117,114,165,2352807.82,19444.692727273,15213.774958677684
2024-03-01,Home & Kitchen,Gujarat,Regular,459,446,359,640,9803712.9400000013,21358.851721133,15066.742701525049
2024-03-01,Sports,Delhi,Regular,241,235,211,328,4006049.4399999995,16622.611784232,13072.77668049792
2024-03-01,Fashion,Telangana,Premium,146,140,144,203,2927619.73,20052.189931507,14779.474383561639
2024-03-01,Home & Kitchen,Telangana,Regular,623,597,453,881,13046155.010000009,20940.858764045,14180.401476725519
2024-03-01,Sports,West Bengal,Regular,195,192,184,284,4250510.48,21797.489641026,16509.899384615383
2024-03-01,Fashion,Karnataka,Premium,196,186,179,271,3712190.2099999995,18939.745969388,14482.154795918366
2024-03-01,Sports,Tamil Nadu,Premium,60,59,57,88,1508406.5799999998,25140.109666667,14975.792999999998
2024-03-01,Sports,Gujarat,New,56,55,54,78,1340115.9900000002,23930.642678571,17284.399821428575
2024-03-01,Grocery,Tamil Nadu,New,60,59,58,82,1235673.96,20594.566,11430.804833333332
2024-03-01,Electronics,Karnataka,New,208,199,191,306,4628125.5499999989,22250.603605769,14353.053701923076
2024-03-01,Electronics,Delhi,Regular,602,578,465,852,12107668.760000007,20112.406578073,14505.102823920264
2024-03-01,Fashion,Tamil Nadu,New,120,115,113,155,2326069.3599999994,19383.911333333,13800.043083333338
2024-03-01,Fashion,Maharashtra,New,197,189,177,280,4067432.5199999982,20646.865583756,14395.655634517767
2024-03-01,Electronics,Karnataka,Regular,873,840,573,1217,18889811.630000003,21637.814009164,15244.469301260018
2024-03-01,Grocery,Gujarat,Regular,302,293,252,423,6817675.2799999984,22575.083708609,16094.738079470206
2024-03-01,Sports,Tamil Nadu,New,64,61,62,95,1227257.5400000003,19175.8990625,13070.030468750001
2024-03-01,Electronics,Telangana,New,168,158,154,224,3225321.5300000003,19198.342440476,15538.69779761905
2024-03-01,Electronics,Gujarat,Premium,136,131,130,183,3099157.69,22787.924191176,18987.780514705883
2024-03-01,Fashion,Maharashtra,Premium,196,188,175,268,3884515.03,19818.954234694,13644.113367346938
2024-03-01,Beauty,West Bengal,New,34,33,33,44,615098.76,18091.14,11753.404705882356
2024-03-01,Electronics,Uttar Pradesh,New,203,192,186,279,4256001.9599999972,20965.526896552,14887.216256157633
2024-03-01,Beauty,Gujarat,Regular,288,285,248,405,6296158.5000000019,21861.661458333,15428.475173611114
2024-03-01,Electronics,Maharashtra,New,195,187,183,277,4709466.3,24151.109230769,17273.6263076923
2024-03-01,Fashion,Uttar Pradesh,Premium,195,187,178,265,5235635.5499999989,26849.413076923,19422.886564102562
2024-03-01,Home & Kitchen,Tamil Nadu,Premium,117,115,111,158,2279518.8499999996,19483.067094017,13461.974444444442
2024-03-01,Beauty,Uttar Pradesh,Premium,98,96,95,128,1443273.0399999998,14727.275918367,10675.562653061226
2024-03-01,Beauty,Delhi,Premium,75,73,71,97,1658650.18,22115.335733333,16375.856666666668
2024-03-01,Electronics,Telangana,Premium,175,165,161,246,3608731.33,20621.321885714,13798.979028571432
2024-03-01,Fashion,West Bengal,New,91,87,87,123,2187268.7600000002,24035.92043956,16412.990439560435
2024-03-01,Electronics,Gujarat,New,136,129,127,191,2602384.39,19135.179338235,14460.162720588234
2024-03-01,Home & Kitchen,Tamil Nadu,New,112,107,107,163,2239179.93,19992.677946429,14617.387946428569
2024-03-01,Grocery,Delhi,New,73,70,72,101,1537886.7600000002,21066.941917808,15994.4398630137
2024-03-01,Sports,Karnataka,Regular,423,415,338,577,9659151.85,22834.874349882,16154.423498817961
2024-03-01,Electronics,Uttar Pradesh,Regular,902,861,607,1252,16976803.1,18821.289467849,13757.044201773839
2024-03-01,Sports,Telangana,Regular,308,300,269,412,5370583.8899999978,17436.960681818,13197.1598051948
2024-03-01,Electronics,West Bengal,Regular,493,468,396,669,8789398.8099999968,17828.39515213,12946.207687626775
2024-03-01,Beauty,Tamil Nadu,Premium,95,91,92,141,2380614.5500000003,25059.100526316,16058.444315789468
2024-03-01,Grocery,Delhi,Regular,296,289,252,420,5127690.3500000015,17323.278209459,12514.940202702703
2024-03-01,Electronics,Maharashtra,Premium,179,175,171,249,3498315.0999999987,19543.659776536,14416.205083798885
2024-03-01,Fashion,Karnataka,Regular,769,743,528,1073,15448327.66,20088.852613784,14706.836072821847
2024-03-01,Grocery,Tamil Nadu,Premium,71,69,70,97,1053648.4399999997,14840.118873239,10380.558028169013
2024-03-01,Electronics,West Bengal,Premium,111,105,105,152,2274986.25,20495.371621622,14139.606576576572
2024-03-01,Beauty,Telangana,Regular,370,364,311,518,7365879.91,19907.783540541,13490.849513513513
2024-03-01,Beauty,Karnataka,Regular,453,443,364,629,8091446.56,17861.912935982,13097.756754966891
2024-03-01,Grocery,Karnataka,Regular,463,460,372,649,7672875.3199999984,16572.084924406,12057.326457883371
2024-03-01,Sports,Gujarat,Regular,240,236,216,340,4941852.13,20591.050541667,13682.288750000002
2024-03-01,Grocery,Gujarat,New,70,69,69,107,1073214.1300000001,15331.630428571,10772.059142857144
2024-03-01,Electronics,Uttar Pradesh,Premium,185,171,169,261,3282031.4000000008,17740.71027027,11245.478432432434
2024-03-01,Home & Kitchen,Maharashtra,New,173,166,157,243,3597996.3100000005,20797.666531792,15378.395375722544
2024-03-01,Grocery,Telangana,Regular,395,391,326,565,6234701.3500000034,15784.054050633,11366.724101265823
2024-03-01,Electronics,West Bengal,New,105,102,101,150,2371216.87,22583.017809524,14333.132095238092
2024-03-01,Grocery,Uttar Pradesh,Regular,422,410,341,564,8928945.8099999987,21158.63936019,15787.117677725124
2024-03-01,Beauty,Tamil Nadu,New,75,73,72,107,2069214.2200000002,27589.522933333,19370.21986666667
2024-03-01,Home & Kitchen,Delhi,Premium,100,97,96,140,2013793.2300000002,20137.9323,15993.2445
2024-04-01,Grocery,Karnataka,Premium,99,97,96,137,1533417.2299999995,15489.062929293,12712.673535353537
2024-04-01,Beauty,Gujarat,Premium,50,50,50,70,1811223.26,36224.4652,22711.316600000002
2024-04-01,Grocery,Telangana,Regular,372,361,317,490,7014039.9899999984,18854.946209677,14467.00051075269
2024-04-01,Home & Kitchen,Telangana,Regular,519,500,401,704,11556298.750000004,22266.471579961,16623.063911368008
2024-04-01,Beauty,Gujarat,Regular,252,247,229,352,5381676.9,21355.860714286,14940.381825396822
2024-04-01,Sports,Gujarat,Regular,257,252,219,343,3990636.0999999987,15527.76692607,12271.74856031128
2024-04-01,Beauty,Telangana,Regular,336,327,285,450,6813883.4700000007,20279.415089286,15216.206190476187
2024-04-01,Sports,Telangana,Regular,284,280,249,367,5197208.2199999979,18300.028943662,14854.192640845073
2024-04-01,Sports,West Bengal,New,32,31,31,38,452948.81000000006,14154.6503125,10520.5353125
2024-04-01,Sports,Delhi,Regular,265,262,229,375,4656301.5900000008,17570.949396226,13192.380528301886
2024-04-01,Beauty,Delhi,Regular,265,261,241,371,6553231.4699999979,24729.175358491,17488.223320754711
2024-04-01,Beauty,West Bengal,Premium,34,34,34,43,661479.64,19455.283529412,15598.509705882352
2024-04-01,Electronics,Gujarat,New,136,131,123,182,2168221.05,15942.801838235,12122.687058823529
2024-04-01,Sports,West Bengal,Premium,34,33,34,46,979995.97,28823.410882353,23078.106470588235
2024-04-01,Electronics,Telangana,Premium,158,147,141,214,2942789.51,18625.250063291,14585.004746835437
2024-04-01,Home & Kitchen,Gujarat,Regular,424,409,348,604,8423815.3099999987,19867.488938679,14425.396886792454
2024-04-01,Electronics,Telangana,New,149,144,134,216,2666983.8700000006,17899.220604027,11628.621879194632
2024-04-01,Grocery,Delhi,Regular,321,315,276,421,4906642.1000000024,15285.4894081,12162.881744548285
2024-04-01,Fashion,Gujarat,Premium,122,117,112,166,2232370.26,18298.116885246,12305.842213114756
2024-04-01,Fashion,Gujarat,Regular,467,449,380,646,9136325.19,19563.865503212,14386.501370449674
2024-04-01,Fashion,Telangana,Premium,144,138,135,188,2544411.2,17669.522222222,13944.066250000002
2024-04-01,Fashion,Telangana,Regular,678,658,483,916,13697418.220000003,20202.681740413,15081.743731563418
2024-04-01,Fashion,Telangana,New,140,135,129,197,2817389.2600000007,20124.209,13979.865071428572
2024-04-01,Fashion,Uttar Pradesh,Regular,723,697,520,986,16147919.049999999,22334.604495159,15999.5600968188
2024-04-01,Electronics,Telangana,Regular,766,732,518,1072,14780172.920000004,19295.264908616,13416.085378590078
2024-04-01,Electronics,Gujarat,Premium,118,116,112,160,2516845.62,21329.200169492,16683.991694915258
2024-04-01,Fashion,Gujarat,New,117,115,113,156,3115777.7299999995,26630.578888889,19875.014444444452
2024-04-01,Home & Kitchen,Telangana,Premium,131,130,118,185,3518185.2199999988,26856.375725191,17580.607175572524
2024-04-01,Beauty,West Bengal,New,43,43,42,62,974306.19,22658.283488372,14903.33046511628
2024-04-01,Electronics,Gujarat,Regular,578,557,425,843,13248387.24,22921.085190311,15035.424480968864
2024-04-01,Sports,Karnataka,New,64,62,61,87,1465782.42,22902.8503125,16804.586875
2024-04-01,Home & Kitchen,Telangana,New,101,100,99,136,1970444.2600000002,19509.349108911,14602.83544554455
2024-04-01,Beauty,Telangana,New,79,79,74,102,984413.41999999993,12460.929367089,11113.346835443039
2024-04-01,Sports,Karnataka,Premium,84,83,80,116,1691715.8199999996,20139.474047619,14197.948095238096
2024-04-01,Beauty,Telangana,Premium,77,76,75,108,1593568.4500000004,20695.694155844,15081.924155844157
2024-04-01,Grocery,Telangana,Premium,76,74,73,103,1606872.8299999996,21143.063552632,17495.877631578944
2024-04-01,Home & Kitchen,Uttar Pradesh,Regular,646,625,480,890,13613168.850000003,21073.016795666,15240.403328173375
2024-04-01,Grocery,West Bengal,Premium,48,47,48,74,1341665.67,27951.368125,18783.667083333334
2024-04-01,Home & Kitchen,Delhi,Regular,451,437,362,628,9793119.9999999963,21714.235033259,15325.697694013306
2024-04-01,Grocery,Telangana,New,72,72,69,99,830720.13,11537.779583333,8608.98486111111
2024-04-01,Beauty,Karnataka,New,93,92,85,118,1676717.58,18029.221290323,14430.128494623656
2024-04-01,Sports,Uttar Pradesh,Premium,72,72,70,105,1585274.3699999999,22017.699583333,13214.769305555556
2024-04-01,Sports,Uttar Pradesh,New,74,73,70,107,1418827.04,19173.338378378,11876.58121621622
2024-04-01,Sports,Telangana,Premium,68,66,66,96,1408086.81,20707.158970588,16182.995
2024-04-01,Sports,Telangana,New,62,60,58,83,1184036.5799999998,19097.364193548,15302.872258064521
2024-04-01,Grocery,Gujarat,Regular,259,256,236,362,5092381.7899999972,19661.705752896,15031.514247104247
2024-04-01,Grocery,West Bengal,New,58,57,57,81,836891.5199999999,14429.164137931,8395.2643103448263
2024-04-01,Home & Kitchen,Gujarat,New,104,100,99,148,1746085.8800000004,16789.287307692,12294.599134615386
2024-04-01,Grocery,Karnataka,New,103,101,97,132,1276235.44,12390.635339806,10561.509805825241
2024-04-01,Electronics,Tamil Nadu,Regular,733,711,516,1003,14312885.630000003,19526.446971351,14233.287557980897
2024-04-01,Home & Kitchen,Karnataka,New,118,111,113,159,2498240.7800000003,21171.532033898,16141.296525423732
2024-04-01,Fashion,West Bengal,Premium,66,65,64,93,1668081.52,25273.962424242,16569.069393939393
2024-04-01,Fashion,Tamil Nadu,Regular,576,558,443,798,12289964.830000006,21336.744496528,15496.519322916663
2024-04-01,Home & Kitchen,Tamil Nadu,Regular,534,519,411,714,11659362.71,21834.012565543,15918.412546816473
2024-04-01,Home & Kitchen,Karnataka,Premium,145,138,138,201,2884437.9,19892.675172414,14049.907310344828
2024-04-01,Beauty,Uttar Pradesh,Regular,446,439,369,598,9129073.1699999962,20468.773923767,15283.601883408073
2024-04-01,Beauty,Uttar Pradesh,New,81,81,77,114,1336990.75,16506.058641975,12646.787037037038
2024-04-01,Electronics,Delhi,New,111,109,107,147,2310783.56,20817.86990991,14355.592072072073
2024-04-01,Home & Kitchen,West Bengal,New,77,73,73,111,1488661.94,19333.271948052,14514.892337662337
2024-04-01,Grocery,Tamil Nadu,Regular,338,332,285,469,6474734.7099999972,19156.019852071,13611.759437869821
2024-04-01,Home & Kitchen,West Bengal,Premium,77,74,76,108,1603969.9500000002,20830.778571429,15639.433246753248
2024-04-01,Fashion,Delhi,New,105,103,101,145,2604278.3400000008,24802.650857143,17164.05723809524
2024-04-01,Beauty,Tamil Nadu,Regular,322,315,280,465,7642267.1199999992,23733.748819876,16476.074968944093
2024-04-01,Sports,Tamil Nadu,Regular,309,302,261,423,5418257.1899999976,17534.812912621,12586.202103559866
2024-04-01,Fashion,Delhi,Regular,512,497,411,698,11433425.899999999,22330.909960938,16416.176503906248
2024-04-01,Fashion,Karnataka,New,164,159,150,229,3552313.4,21660.447560976,16299.425731707319
2024-04-01,Fashion,Karnataka,Premium,175,166,166,230,3720732.2699999991,21261.327257143,15312.954742857144
2024-04-01,Home & Kitchen,Gujarat,Premium,94,93,83,127,1732777.8899999992,18433.807340426,14523.436382978729
2024-04-01,Grocery,Uttar Pradesh,Regular,423,408,352,592,6939524.3200000031,16405.494846336,12046.359219858157
2024-04-01,Electronics,Tamil Nadu,New,160,156,141,215,3061162.81,19132.2675625,13612.488375
2024-04-01,Electronics,West Bengal,Premium,83,81,79,114,1569101.21,18904.833855422,13095.992650602409
2024-04-01,Fashion,Tamil Nadu,Premium,153,148,138,206,1947956.08,12731.739084967,10216.158954248367
2024-04-01,Electronics,Uttar Pradesh,Regular,827,800,551,1111,17491352.410000015,21150.3656711,15336.039770253934
2024-04-01,Electronics,Karnataka,New,181,176,164,246,3520446.1400000006,19449.978674033,14329.102154696127
2024-04-01,Electronics,Delhi,Regular,528,509,413,722,10725997.630000008,20314.389450758,14891.182840909094
2024-04-01,Grocery,Uttar Pradesh,Premium,92,92,85,127,1513452.04,16450.565652174,12166.004021739131
2024-04-01,Fashion,Delhi,Premium,95,91,94,124,1789519.6599999997,18837.049052632,14038.143578947365
2024-04-01,Home & Kitchen,Delhi,New,95,90,90,127,1408648.3099999998,14827.876947368,11527.905052631579
2024-04-01,Home & Kitchen,Delhi,Premium,94,91,92,133,1936716.5300000003,20603.367340426,15734.083829787231
2024-04-01,Fashion,Tamil Nadu,New,134,130,126,198,4013687.3100000005,29952.890373134,19284.248283582085
2024-04-01,Electronics,Karnataka,Premium,217,211,193,290,4570487.9099999992,21062.156267281,16509.464147465438
2024-04-01,Sports,Karnataka,Regular,338,333,288,480,6854867.589999998,20280.673343195,14256.291982248524
2024-04-01,Grocery,Delhi,New,79,79,76,112,1166449.4,14765.182278481,10841.319873417722
2024-04-01,Home & Kitchen,Tamil Nadu,Premium,116,116,108,176,3112467.3099999996,26831.614741379,17960.581206896553
2024-04-01,Home & Kitchen,Tamil Nadu,New,115,109,108,159,2422663.58,21066.639826087,16435.017826086962
2024-04-01,Beauty,Uttar Pradesh,Premium,99,99,93,136,1623818.5800000003,16402.207878788,13620.736464646461
2024-04-01,Grocery,Uttar Pradesh,New,99,97,96,133,2007218.3299999994,20274.932626263,13200.855555555556
2024-04-01,Beauty,Karnataka,Regular,444,434,358,607,8392551.610000005,18902.143265766,13145.085427927927
2024-04-01,Electronics,West Bengal,New,95,89,89,130,2179157.51,22938.500105263,17632.839894736851
2024-04-01,Fashion,West Bengal,New,95,93,90,131,1734326.8,18256.071578947,13819.536210526314
2024-04-01,Grocery,Karnataka,Regular,465,453,368,629,10154545.759999998,21837.732817204,16385.347053763431
2024-04-01,Home & Kitchen,Karnataka,Regular,622,597,467,859,12794267.040000001,20569.561157556,14997.545273311898
2024-04-01,Grocery,Tamil Nadu,New,78,76,75,109,1531127.5899999999,19629.840897436,13569.640000000001
2024-04-01,Grocery,Gujarat,Premium,68,64,64,79,1136759.1099999999,16717.045735294,15585.697794117645
2024-04-01,Grocery,Tamil Nadu,Premium,72,69,69,94,1097528.11,15243.445972222,11856.218888888889
2024-04-01,Fashion,Karnataka,Regular,770,743,520,1042,16465736.020000003,21384.072753247,15232.060337662338
2024-04-01,Beauty,Tamil Nadu,Premium,67,65,63,94,1462359.83,21826.266119403,14810.9323880597
2024-04-01,Beauty,Delhi,New,64,64,61,80,1209273.4,18894.896875,15530.596406249999
2024-04-01,Beauty,Gujarat,New,65,62,63,95,1490316.52,22927.946461538,17393.147538461537
2024-04-01,Home & Kitchen,Uttar Pradesh,New,131,131,124,175,2038036.65,15557.531679389,11246.279923664122
2024-04-01,Electronics,Karnataka,Regular,830,806,561,1136,17313125.630000003,20859.187506024,14809.363891566267
2024-04-01,Sports,Tamil Nadu,Premium,61,61,61,84,1193078.9400000002,19558.671147541,13182.456557377049
2024-04-01,Beauty,West Bengal,Regular,191,187,177,277,4228866.620000001,22140.662931937,15804.683246073291
2024-04-01,Sports,Tamil Nadu,New,60,59,60,85,1959453.85,32657.564166667,23621.924333333336
2024-04-01,Beauty,Tamil Nadu,New,60,60,57,84,1222961.7200000002,20382.695333333,13536.527166666667
2024-04-01,Home & Kitchen,Uttar Pradesh,Premium,137,127,128,206,2884785.1,21056.825547445,15887.707445255475
2024-04-01,Grocery,Delhi,Premium,62,60,60,83,1199225.54,19342.347419355,14431.043548387099
2024-04-01,Grocery,Gujarat,New,62,61,61,86,821203.63000000012,13245.21983871,9217.8096774193546
2024-04-01,Sports,West Bengal,Regular,210,205,186,285,4179130.1399999992,19900.619714286,13447.407619047623
2024-04-01,Sports,Gujarat,New,41,41,40,52,910028.28,22195.811707317,16792.058292682927
2024-04-01,Beauty,Maharashtra,Premium,86,85,81,114,2088927.7200000002,24289.857209302,17676.933720930232
2024-04-01,Grocery,West Bengal,Regular,215,212,196,303,4037120.33,18777.303860465,14496.93465116279
2024-04-01,Beauty,Maharashtra,New,88,86,83,123,1597201.36,18150.015454545,14505.102159090913
2024-04-01,Sports,Uttar Pradesh,Regular,349,339,295,483,6357347.99,18215.896819484,13580.11498567335
2024-04-01,Beauty,Delhi,Premium,58,55,57,77,1185868.73,20446.012586207,16271.993448275862
2024-04-01,Fashion,Uttar Pradesh,New,145,139,133,214,3458242.35,23849.947241379,15954.996413793098
2024-04-01,Sports,Maharashtra,Premium,89,89,86,117,1605458.97,18038.864831461,14502.375168539322
2024-04-01,Electronics,Maharashtra,Regular,904,869,595,1260,20380954.629999988,22545.303794248,15448.190829646021
2024-04-01,Fashion,Maharashtra,Regular,849,813,592,1188,18730743.789999984,22062.124605418,15214.768822143702
2024-04-01,Home & Kitchen,Maharashtra,Regular,723,700,519,1024,16960667.989999995,23458.73857538,15840.332752420471
2024-04-01,Grocery,Maharashtra,New,100,98,95,125,2104830.77,21048.3077,16872.568199999998
2024-04-01,Grocery,Maharashtra,Regular,482,470,394,632,8413213.9000000041,17454.800622407,13518.493049792531
2024-04-01,Sports,Maharashtra,New,104,102,98,137,1615277.1500000001,15531.511057692,11189.18903846154
2024-04-01,Home & Kitchen,West Bengal,Regular,351,339,298,486,7256221.51,20672.995754986,14787.058262108265
2024-04-01,Grocery,Maharashtra,Premium,109,105,103,152,1968835.2899999998,18062.709082569,12979.020275229359
2024-04-01,Beauty,Maharashtra,Regular,419,412,340,576,8184041.31,19532.318162291,14010.950692124108
2024-04-01,Sports,Maharashtra,Regular,376,365,320,522,7670427.6500000013,20400.073537234,15113.059734042548
2024-04-01,Fashion,Uttar Pradesh,Premium,163,156,149,211,3431596.77,21052.740920245,16091.279141104293
2024-04-01,Sports,Delhi,Premium,52,52,52,76,710571.48,13664.836153846,9923.7534615384629
2024-04-01,Electronics,Maharashtra,Premium,230,218,204,312,4889090.3,21256.914347826,16032.105565217389
2024-04-01,Home & Kitchen,Maharashtra,New,141,135,132,198,2817425.8600000003,19981.743687943,16390.777659574469
2024-04-01,Fashion,West Bengal,Regular,428,418,345,589,9144547.1100000013,21365.764275701,15271.498574766354
2024-04-01,Sports,Gujarat,Premium,47,47,45,62,1139595.4199999997,24246.71106383,17075.437872340426
2024-04-01,Sports,Delhi,New,48,48,48,60,960115.90999999992,20002.414791667,15824.176666666666
2024-04-01,Electronics,Maharashtra,New,196,189,178,272,3380180.6400000006,17245.819591837,12864.81306122449
2024-04-01,Electronics,West Bengal,Regular,463,440,376,633,10759573.230000004,23238.819071274,16920.44628509719
2024-04-01,Electronics,Uttar Pradesh,Premium,176,169,155,234,3035214.9199999995,17245.539318182,13937.577159090908
2024-04-01,Electronics,Uttar Pradesh,New,179,167,164,240,3328066.3400000008,18592.549385475,13384.124189944134
2024-04-01,Fashion,Maharashtra,Premium,194,190,172,268,4054313.2499999991,20898.521907216,16022.127371134018
2024-04-01,Home & Kitchen,Maharashtra,Premium,170,166,160,226,3648967.7400000007,21464.516117647,15903.252000000002
2024-04-01,Fashion,Maharashtra,New,185,183,171,256,4061735.1300000008,21955.325027027,16674.673081081088
2024-04-01,Beauty,Karnataka,Premium,98,95,95,136,2111605.17,21546.991530612,13998.26918367347
2024-04-01,Electronics,Delhi,Premium,117,111,111,166,2367546.1300000004,20235.437008547,13580.254188034189
2024-04-01,Electronics,Tamil Nadu,Premium,152,146,145,221,3427156.9200000013,22547.085,16544.155000000002
2024-05-01,Home & Kitchen,Maharashtra,New,179,173,163,246,3180488.9,17768.094413408,13961.475027932958
2024-05-01,Grocery,Uttar Pradesh,Premium,97,93,92,136,2064103.48,21279.417319588,15823.012577319589
2024-05-01,Fashion,West Bengal,New,86,85,84,115,1251726.6900000004,14554.961511628,10814.211395348837
2024-05-01,Home & Kitchen,Gujarat,New,105,103,99,150,2894878.2300000009,27570.268857143,17047.627047619051
2024-05-01,Fashion,Maharashtra,New,181,176,168,249,3812833.9699999993,21065.381049724,14124.173756906079
2024-05-01,Electronics,Uttar Pradesh,New,188,177,170,272,3295608.8399999989,17529.834255319,11883.903563829786
2024-05-01,Sports,West Bengal,Premium,38,37,38,59,659601.9800000001,17357.946842105,12023.336315789475
2024-05-01,Fashion,Gujarat,Regular,510,490,394,679,9460647.19,18550.288607843,14042.280411764701
2024-05-01,Electronics,West Bengal,Regular,500,479,380,700,11121560.379999999,22243.12076,15869.512459999998
2024-05-01,Electronics,Telangana,Premium,134,130,124,180,2559779.25,19102.830223881,13496.911417910449
2024-05-01,Sports,Delhi,Regular,231,229,210,309,3752160.1999999997,16243.117748918,11832.835714285709
2024-05-01,Home & Kitchen,Telangana,Premium,129,127,119,181,2887258.4299999992,22381.848294574,15602.518992248062
2024-05-01,Grocery,Delhi,Regular,254,249,230,332,3832218.9099999997,15087.476023622,12111.885196850391
2024-05-01,Electronics,Uttar Pradesh,Premium,196,190,176,266,3683348.15,18792.592602041,14520.093724489801
2024-05-01,Home & Kitchen,Maharashtra,Premium,160,157,146,212,4126477.1300000008,25790.4820625,19342.166562500006
2024-05-01,Beauty,Gujarat,New,52,51,50,71,1534635.9,29512.228846154,18336.551538461536
2024-05-01,Grocery,Gujarat,Regular,319,312,272,461,6297206.6900000013,19740.45984326,13434.837648902818
2024-05-01,Electronics,Telangana,New,161,155,148,223,3710591.7299999995,23047.153602484,17309.861739130436
2024-05-01,Electronics,Gujarat,Regular,585,553,445,803,11814745.22,20196.145675214,14955.6090940171
2024-05-01,Grocery,West Bengal,Premium,44,44,44,56,431375.54,9803.989545455,8548.4802272727247
2024-05-01,Fashion,Maharashtra,Premium,194,193,180,279,4338224.3199999994,22361.981030928,14430.087319587627
2024-05-01,Electronics,Delhi,Premium,150,138,144,205,2371219.98,15808.1332,12318.991933333329
2024-05-01,Fashion,Telangana,New,117,112,109,175,1867187.7599999998,15958.86974359,10592.73264957265
2024-05-01,Home & Kitchen,Telangana,New,102,100,98,144,1980520.1900000002,19416.864607843,13779.135784313725
2024-05-01,Grocery,Telangana,New,93,91,84,131,2136362.0000000005,22971.634408602,18339.738817204303
2024-05-01,Grocery,Gujarat,Premium,54,53,53,78,1438474.2899999998,26638.412777778,17332.887037037031
2024-05-01,Electronics,Maharashtra,New,200,192,185,290,4933464.57,24667.32285,16140.901900000006
2024-05-01,Grocery,Telangana,Premium,88,83,87,112,1551746.4700000002,17633.482613636,15554.625113636361
2024-05-01,Fashion,Uttar Pradesh,New,170,166,158,221,3813258.4800000004,22430.932235294,17183.687470588229
2024-05-01,Electronics,Delhi,New,133,131,127,194,2482070.6600000006,18662.185413534,13259.28669172932
2024-05-01,Sports,West Bengal,New,48,47,48,65,613507.16000000015,12781.399166667,9609.2318750000013
2024-05-01,Fashion,West Bengal,Regular,408,390,338,554,9834857.21,24105.042181373,16943.636372549023
2024-05-01,Sports,Telangana,Regular,292,290,262,392,6430324.2700000014,22021.658458904,15908.551232876709
2024-05-01,Beauty,Karnataka,New,82,81,78,111,1051947.1999999997,12828.624390244,10093.454634146343
2024-05-01,Beauty,Telangana,New,79,78,75,107,1367424.58,17309.171898734,12721.999240506331
2024-05-01,Beauty,Karnataka,Premium,84,83,79,113,1814494.8099999998,21601.128690476,15024.899880952384
2024-05-01,Electronics,Maharashtra,Premium,229,219,199,319,4356553.1400000006,19024.249519651,14004.778558951963
2024-05-01,Electronics,Uttar Pradesh,Regular,881,855,565,1207,19478750.270000003,22109.818694665,15751.277185017019
2024-05-01,Beauty,Maharashtra,New,120,120,119,165,2560290.79,21335.756583333,14397.011499999997
2024-05-01,Beauty,Gujarat,Regular,257,248,223,369,4929214.56,19179.823190661,13040.761167315175
2024-05-01,Sports,Maharashtra,Regular,410,403,337,545,7508917.7600000026,18314.433560976,12862.192146341462
2024-05-01,Sports,Telangana,New,75,72,74,108,1391481.0499999998,18553.080666667,12729.606666666667
2024-05-01,Beauty,Telangana,Premium,75,74,73,111,1900438.1600000001,25339.175466667,14712.449333333332
2024-05-01,Sports,Karnataka,Premium,90,87,87,116,1978145.79,21979.397666667,17054.83833333333
2024-05-01,Sports,Telangana,Premium,72,70,66,94,1124314.8599999999,15615.484166667,12501.350694444445
2024-05-01,Fashion,Delhi,Premium,123,118,116,160,2208776.9499999997,17957.536178862,13680.169512195127
2024-05-01,Sports,Karnataka,New,92,91,86,130,2080573.4999999998,22614.929347826,15400.24717391304
2024-05-01,Beauty,Telangana,Regular,384,377,319,527,8411345.82,21904.54640625,15205.922057291667
2024-05-01,Grocery,Karnataka,Premium,93,92,86,125,1790671.11,19254.528064516,15267.969677419358
2024-05-01,Sports,Gujarat,Regular,227,223,205,315,5867359.7200000016,25847.399647577,18072.015462555071
2024-05-01,Home & Kitchen,West Bengal,Regular,367,353,311,506,7208735.47,19642.330980926,14025.932615803813
2024-05-01,Beauty,West Bengal,Premium,51,51,51,73,1072847.3000000003,21036.221568627,13605.71862745098
2024-05-01,Grocery,Telangana,Regular,417,407,334,552,7860325.9299999969,18849.702470024,14758.44868105515
2024-05-01,Beauty,West Bengal,New,55,55,54,83,1268955.72,23071.922181818,15277.558363636364
2024-05-01,Beauty,Maharashtra,Regular,475,466,374,643,8639919.05,18189.303263158,13896.402484210526
2024-05-01,Electronics,Gujarat,Premium,149,143,136,197,3174858.6799999988,21307.776375839,15851.145369127518
2024-05-01,Grocery,West Bengal,New,56,56,55,78,1059517.5100000002,18919.955535714,15174.609107142856
2024-05-01,Grocery,Karnataka,New,103,101,97,139,1611037.1400000001,15641.137281553,12507.2459223301
2024-05-01,Beauty,Delhi,Regular,291,288,257,394,6407278.79,22018.140171821,15889.10089347079
2024-05-01,Grocery,Maharashtra,New,102,102,96,148,2048693.0300000003,20085.225784314,14790.11794117647
2024-05-01,Electronics,Tamil Nadu,Regular,734,705,524,1053,15366819.45000001,20935.721321526,14716.743010899183
2024-05-01,Home & Kitchen,Delhi,New,115,108,105,149,2080762.98,18093.591130435,14132.323043478262
2024-05-01,Grocery,West Bengal,Regular,267,262,232,365,4195829.3699999982,15714.716741573,11820.941423220977
2024-05-01,Beauty,Gujarat,Premium,60,60,58,84,621702.98,10361.716333333,8661.2475000000031
2024-05-01,Home & Kitchen,Telangana,Regular,588,574,448,810,10504226.629999999,17864.331003401,12675.469710884361
2024-05-01,Grocery,Maharashtra,Regular,529,514,417,738,10391877.870000003,19644.381606805,13964.18156899811
2024-05-01,Fashion,Tamil Nadu,Regular,629,594,447,894,13615916.029999997,21646.925325914,15180.850572337045
2024-05-01,Electronics,Gujarat,New,132,129,127,187,1971599.83,14936.362348485,12358.978409090911
2024-05-01,Fashion,Telangana,Regular,643,625,475,876,13207239.860000003,20540.03088647,14751.999113530324
2024-05-01,Grocery,Gujarat,New,61,61,59,80,1388029.0199999998,22754.574098361,17076.564918032785
2024-05-01,Sports,Uttar Pradesh,Regular,351,344,297,486,7806801.5100000016,22241.59974359,15540.333304843301
2024-05-01,Home & Kitchen,Tamil Nadu,Regular,522,508,412,700,10633390.0,20370.478927203,14576.402471264364
2024-05-01,Fashion,Karnataka,Regular,799,767,549,1112,16694782.150000002,20894.595932416,15679.8691864831
2024-05-01,Home & Kitchen,West Bengal,New,70,68,66,99,1864894.85,26641.355,19275.926142857141
2024-05-01,Home & Kitchen,West Bengal,Premium,75,73,71,106,960590.59,12807.874533333,11377.043199999998
2024-05-01,Fashion,Uttar Pradesh,Regular,751,717,527,1017,15801082.039999992,21040.055978695,14876.588735019976
2024-05-01,Sports,Gujarat,Premium,61,61,58,86,1115400.2600000002,18285.250163934,15058.120491803276
2024-05-01,Grocery,Tamil Nadu,Regular,342,338,289,476,6643319.0600000005,19424.909532164,13321.595116959064
2024-05-01,Beauty,Maharashtra,Premium,98,95,92,134,1511133.5499999998,15419.730102041,12783.538367346941
2024-05-01,Home & Kitchen,Karnataka,New,149,144,138,199,2246341.0700000003,15076.114563758,11915.015167785232
2024-05-01,Beauty,Tamil Nadu,Regular,335,329,289,431,6365557.830000001,19001.665164179,14756.780358208956
2024-05-01,Home & Kitchen,Karnataka,Premium,156,150,145,220,4198175.5999999987,26911.382051282,17744.692756410259
2024-05-01,Sports,Tamil Nadu,Regular,305,295,262,442,6084186.8000000017,19948.153442623,13932.462459016397
2024-05-01,Fashion,Delhi,New,102,100,97,142,3020803.9899999998,29615.725392157,20010.831078431376
2024-05-01,Electronics,Telangana,Regular,778,749,555,1032,14584330.150000013,18745.925642674,14463.908341902315
2024-05-01,Home & Kitchen,Uttar Pradesh,Regular,679,666,486,963,15125976.299999997,22276.842857143,15817.430544918998
2024-05-01,Sports,Gujarat,New,62,60,61,85,1024401.96,16522.612258065,13673.262419354838
2024-05-01,Fashion,Karnataka,New,172,165,160,235,2717434.49,15799.037732558,12087.776162790698
2024-05-01,Fashion,Gujarat,New,113,108,103,148,2768676.4200000004,24501.561238938,19682.974690265481
2024-05-01,Sports,Uttar Pradesh,Premium,70,66,67,105,2148224.1100000003,30688.915857143,20518.351285714285
2024-05-01,Fashion,Karnataka,Premium,184,173,159,242,3671176.8199999994,19952.047934783,15027.759945652177
2024-05-01,Home & Kitchen,Maharashtra,Regular,777,756,549,1082,16065525.07000001,20676.351441441,14590.532895752896
2024-05-01,Home & Kitchen,Delhi,Premium,93,92,90,128,1959220.69,21066.889139785,14498.919892473117
2024-05-01,Grocery,Maharashtra,Premium,94,94,91,123,1870636.4800000002,19900.388085106,15533.815
2024-05-01,Beauty,West Bengal,Regular,228,225,197,326,4829764.8499999987,21183.179166667,15170.965219298243
2024-05-01,Fashion,Gujarat,Premium,109,104,106,156,2213167.21,20304.286330275,14155.850091743119
2024-05-01,Fashion,Maharashtra,Regular,870,842,584,1207,19750441.910000015,22701.657367816,15515.420183908034
2024-05-01,Electronics,Tamil Nadu,Premium,146,141,135,178,3020651.07,20689.390890411,15978.573835616438
2024-05-01,Fashion,Uttar Pradesh,Premium,135,134,129,181,2435877.7600000012,18043.538962963,13348.163555555555
2024-05-01,Home & Kitchen,Delhi,Regular,464,449,367,651,9189192.7399999928,19804.294698276,15212.917737068967
2024-05-01,Electronics,Karnataka,Premium,193,184,175,249,3550270.879999999,18395.185906736,13786.376943005185
2024-05-01,Electronics,Maharashtra,Regular,989,955,627,1359,20955866.25,21188.944641052,15126.071607684526
2024-05-01,Fashion,West Bengal,Premium,86,85,85,122,1979939.4299999997,23022.551511628,18032.549302325584
2024-05-01,Electronics,Tamil Nadu,New,135,129,128,179,2578830.22,19102.446074074,13894.88674074074
2024-05-01,Home & Kitchen,Gujarat,Regular,432,419,341,615,8877668.46,20550.158472222,14684.102152777774
2024-05-01,Fashion,Telangana,Premium,148,144,130,214,3691762.16,24944.338918919,16557.153986486486
2024-05-01,Electronics,Karnataka,New,204,195,180,271,3948161.3499999992,19353.732107843,13298.094117647055
2024-05-01,Home & Kitchen,Tamil Nadu,Premium,122,117,117,174,2599706.0599999991,21309.066065574,15395.455491803279
2024-05-01,Fashion,Tamil Nadu,New,121,116,114,153,2628508.14,21723.207768595,18052.877190082643
2024-05-01,Sports,Karnataka,Regular,403,399,348,562,6806873.9099999992,16890.505980149,12939.413622828788
2024-05-01,Home & Kitchen,Uttar Pradesh,Premium,127,123,120,169,2737864.0500000007,21557.984645669,16423.330551181105
2024-05-01,Home & Kitchen,Gujarat,Premium,101,98,96,150,2107632.41,20867.647623762,13290.154455445543
2024-05-01,Grocery,Delhi,New,73,70,71,107,1117975.4,15314.731506849,11359.005616438355
2024-05-01,Grocery,Delhi,Premium,73,70,69,87,1187469.15,16266.700684932,13184.222054794524
2024-05-01,Grocery,Tamil Nadu,New,59,59,57,86,1171836.3399999999,19861.632881356,14878.200338983048
2024-05-01,Fashion,Tamil Nadu,Premium,100,98,90,143,2026064.3900000001,20260.6439,15388.554199999995
2024-05-01,Sports,Maharashtra,New,78,75,76,100,1837187.3200000003,23553.683589744,17531.407564102563
2024-05-01,Fashion,Delhi,Regular,499,488,392,687,10009849.590000004,20059.818817635,14341.072184368741
2024-05-01,Beauty,Karnataka,Regular,434,422,371,607,8955654.86,20635.149447005,15437.578387096772
2024-05-01,Sports,Maharashtra,Premium,76,75,74,104,1824244.92,24003.222631579,16645.08855263158
2024-05-01,Home & Kitchen,Tamil Nadu,New,94,94,93,128,1959803.0700000003,20848.968829787,16850.584255319147
2024-05-01,Beauty,Uttar Pradesh,New,109,104,96,147,1507338.5399999996,13828.793944954,10199.299908256879
2024-05-01,Grocery,Uttar Pradesh,Regular,437,425,351,593,7706275.69,17634.498146453,12866.478009153323
2024-05-01,Electronics,West Bengal,New,99,92,94,134,1872192.8200000003,18911.038585859,15399.684848484849
2024-05-01,Grocery,Tamil Nadu,Premium,83,81,78,111,1260276.55,15184.054819277,11762.227349397592
2024-05-01,Electronics,Delhi,Regular,573,551,434,781,10321034.910000006,18012.277329843,13849.959493891798
2024-05-01,Grocery,Karnataka,Regular,462,454,367,641,9712784.98,21023.344112554,14587.430173160172
2024-05-01,Beauty,Delhi,Premium,70,69,69,97,1308510.58,18693.008285714,12723.94114285714
2024-05-01,Sports,Delhi,New,63,60,61,92,1781453.2099999997,28277.035079365,19939.846349206349
2024-05-01,Beauty,Uttar Pradesh,Premium,103,98,100,138,1808588.85,17559.115048544,14733.970388349513
2024-05-01,Sports,Uttar Pradesh,New,88,87,84,119,1598759.4,18167.720454545,13558.57159090909
2024-05-01,Electronics,Karnataka,Regular,886,850,590,1246,19211037.839999992,21682.886952596,15789.826004514676
2024-05-01,Home & Kitchen,Karnataka,Regular,651,632,489,898,13846471.059999999,21269.540798771,15748.259354838716
2024-05-01,Beauty,Tamil Nadu,Premium,74,72,72,104,1350345.7000000002,18247.914864865,12285.299459459458
2024-05-01,Beauty,Tamil Nadu,New,62,62,62,91,1636504.13,26395.227903226,18245.627096774191
2024-05-01,Beauty,Delhi,New,64,61,62,88,1275083.25,19923.17578125,13110.2778125
2024-05-01,Sports,Tamil Nadu,New,74,74,71,100,1213423.27,16397.611756757,13789.976216216215
2024-05-01,Electronics,West Bengal,Premium,105,100,101,144,2369443.8900000006,22566.132285714,15544.642380952373
2024-05-01,Beauty,Uttar Pradesh,Regular,395,385,328,545,8381774.1700000027,21219.681443038,16168.653873417725
2024-05-01,Sports,Tamil Nadu,Premium,72,71,70,85,1191515.26,16548.823055556,14424.573333333336
2024-05-01,Sports,Delhi,Premium,64,63,62,83,1519038.58,23734.9778125,19859.01859375
2024-05-01,Grocery,Uttar Pradesh,New,96,94,87,138,1868184.5100000002,19460.2553125,14349.023854166666
2024-05-01,Sports,West Bengal,Regular,190,189,175,251,4193764.7299999995,22072.445947368,17105.357684210529
2024-05-01,Home & Kitchen,Uttar Pradesh,New,144,142,137,213,2160272.48,15001.892222222,12334.35125
2024-06-01,Fashion,Telangana,Premium,151,142,137,201,3603647.8699999996,23865.217682119,17299.030927152322
2024-06-01,Fashion,Telangana,Regular,653,631,471,902,13935603.139999995,21340.893016845,15244.364042879019
2024-06-01,Sports,West Bengal,Regular,190,185,176,264,3280496.4600000004,17265.770842105,13325.633789473683
2024-06-01,Beauty,Delhi,Premium,39,37,38,55,805660.57000000007,20657.963333333,16078.09923076923
2024-06-01,Sports,Tamil Nadu,Premium,68,67,65,91,1652190.8900000001,24296.924852941,15957.394117647058
2024-06-01,Beauty,Tamil Nadu,Premium,69,67,67,85,954558.15,13834.176086957,11111.348115942028
2024-06-01,Home & Kitchen,Gujarat,Regular,428,418,342,585,8832089.4199999981,20635.722943925,14869.695957943928
2024-06-01,Home & Kitchen,Gujarat,New,77,77,74,114,2245761.37,29165.732077922,18708.719740259745
2024-06-01,Fashion,Gujarat,Regular,501,486,398,695,10763807.419999998,21484.645548902,15764.483013972058
2024-06-01,Home & Kitchen,Maharashtra,Premium,171,161,159,225,3416236.5000000005,19977.99122807,15263.090584795324
2024-06-01,Beauty,Gujarat,Premium,51,49,50,82,1662542.1,32598.864705882,19506.371960784316
2024-06-01,Fashion,Karnataka,Regular,735,706,527,999,14564790.39,19816.041346939,14773.271659863944
2024-06-01,Sports,Delhi,Regular,217,216,197,310,6071284.8000000007,27978.270967742,19870.600967741928
2024-06-01,Fashion,Telangana,New,158,149,142,208,2812186.1,17798.646202532,12871.405949367092
2024-06-01,Grocery,Uttar Pradesh,New,100,97,93,140,1634400.41,16344.0041,11666.224
2024-06-01,Fashion,Maharashtra,Premium,190,185,185,261,4349807.2800000012,22893.722526316,16649.346052631576
2024-06-01,Fashion,Maharashtra,New,193,186,176,268,3990576.5299999989,20676.562331606,15426.097098445598
2024-06-01,Grocery,Uttar Pradesh,Regular,421,414,350,573,7900354.8199999994,18765.688408551,13091.747767220904
2024-06-01,Grocery,Tamil Nadu,Premium,74,74,72,100,1587762.48,21456.24972973,15831.837567567567
2024-06-01,Electronics,Telangana,New,163,158,152,232,3332559.9800000004,20445.153251534,15638.882822085889
2024-06-01,Sports,Gujarat,Premium,47,47,46,55,779831.47000000009,16592.15893617,15863.741489361702
2024-06-01,Grocery,Gujarat,Regular,292,286,249,382,5445219.77,18648.012910959,14648.254657534248
2024-06-01,Electronics,Gujarat,Regular,611,585,449,817,11238334.039999997,18393.345400982,13571.969950900168
2024-06-01,Electronics,Uttar Pradesh,New,173,164,158,220,3279935.9900000007,18959.167572254,15368.669479768787
2024-06-01,Beauty,Delhi,New,68,68,67,97,1694327.6500000001,24916.583088235,15434.910588235294
2024-06-01,Beauty,Uttar Pradesh,Premium,90,88,86,132,1778962.9600000002,19766.255111111,13914.983444444448
2024-06-01,Home & Kitchen,Karnataka,Regular,624,607,468,890,14623605.489999993,23435.265208333,16192.139342948714
2024-06-01,Beauty,Uttar Pradesh,New,89,87,87,125,1924900.0500000003,21628.090449438,15634.529101123597
2024-06-01,Fashion,West Bengal,New,101,96,97,150,1938484.6900000002,19192.917722772,12035.269801980196
2024-06-01,Fashion,Delhi,Regular,515,497,401,726,10470413.840000002,20330.900660194,14579.014640776695
2024-06-01,Sports,Karnataka,New,64,63,61,90,1431825.4099999997,22372.27203125,14189.889375000002
2024-06-01,Home & Kitchen,Gujarat,Premium,95,90,93,127,2081387.3600000006,21909.340631579,14916.454526315789
2024-06-01,Grocery,Delhi,Premium,63,62,63,90,1080192.55,17145.913492063,13797.783015873018
2024-06-01,Home & Kitchen,Telangana,Premium,113,112,109,164,1944336.36,17206.516460177,12556.506283185841
2024-06-01,Home & Kitchen,Telangana,New,106,104,102,160,2408864.5899999994,22725.137641509,13601.695943396226
2024-06-01,Electronics,Karnataka,Regular,912,875,598,1257,17683331.47,19389.617839912,14366.151403508778
2024-06-01,Electronics,West Bengal,Regular,471,458,384,683,9304074.0199999977,19753.872653928,13900.799617834393
2024-06-01,Beauty,Uttar Pradesh,Regular,376,372,320,512,7985494.07,21238.016143617,15022.104441489359
2024-06-01,Sports,Uttar Pradesh,Premium,86,84,83,113,1912591.6700000004,22239.438023256,16356.456395348834
2024-06-01,Grocery,Karnataka,Regular,449,444,366,630,8992974.8099999949,20028.897126949,14966.886837416479
2024-06-01,Sports,West Bengal,Premium,47,45,46,67,1257150.12,26747.874893617,18011.120000000006
2024-06-01,Beauty,Telangana,Premium,93,92,91,137,1710074.2800000003,18387.895483871,13744.792688172041
2024-06-01,Electronics,West Bengal,New,94,92,90,126,1627205.65,17310.698404255,13732.3385106383
2024-06-01,Home & Kitchen,Maharashtra,New,151,148,144,208,3276124.9100000006,21696.191456954,15951.978609271522
2024-06-01,Beauty,Karnataka,Premium,74,71,72,102,1224901.37,16552.721216216,12813.848243243243
2024-06-01,Electronics,Telangana,Premium,193,183,173,268,2867403.6799999997,14857.01388601,10689.091813471498
2024-06-01,Electronics,Maharashtra,New,204,196,184,294,4028886.6399999997,19749.444313725,13230.707990196081
2024-06-01,Home & Kitchen,Tamil Nadu,Premium,100,97,97,129,2192466.2800000003,21924.6628,15828.4184
2024-06-01,Beauty,Tamil Nadu,New,59,58,57,83,1026495.7400000001,17398.232881356,11371.411186440679
2024-06-01,Electronics,Uttar Pradesh,Premium,169,159,159,245,3470187.56,20533.654201183,14442.162603550296
2024-06-01,Grocery,Uttar Pradesh,Premium,112,108,105,155,2262617.7399999993,20201.944107143,14231.43705357143
2024-06-01,Grocery,Telangana,Premium,81,80,77,113,1750690.0599999996,21613.457530864,15890.229506172838
2024-06-01,Beauty,West Bengal,Regular,209,205,192,281,4019964.6799999988,19234.28076555,14449.245215311006
2024-06-01,Home & Kitchen,West Bengal,New,91,86,85,121,1952874.6200000003,21460.160659341,14630.78197802198
2024-06-01,Sports,West Bengal,New,27,25,27,36,991163.08000000007,36709.743703704,24625.900740740741
2024-06-01,Grocery,Tamil Nadu,New,56,56,55,75,1255766.38,22424.399642857,15178.887857142861
2024-06-01,Beauty,Telangana,New,80,79,77,106,1435584.81,17944.810125,14312.096375
2024-06-01,Grocery,Delhi,New,74,68,74,103,1228728.8799999997,16604.444324324,10311.152432432431
2024-06-01,Sports,Delhi,Premium,51,50,51,77,934546.15999999992,18324.434509804,11977.572745098039
2024-06-01,Beauty,Delhi,Regular,275,266,240,377,5579534.8800000027,20289.217745455,14912.347963636361
2024-06-01,Beauty,Karnataka,Regular,398,396,336,536,8621454.76,21661.946633166,16041.803768844218
2024-06-01,Electronics,West Bengal,Premium,90,84,84,124,1662586.56,18473.184,13681.783333333335
2024-06-01,Electronics,Maharashtra,Premium,220,208,195,303,4592286.1399999987,20874.027909091,14998.397590909091
2024-06-01,Home & Kitchen,Uttar Pradesh,Premium,129,127,122,181,3092863.6500000004,23975.687209302,17976.452635658912
2024-06-01,Beauty,Gujarat,Regular,261,256,226,355,6115160.3000000017,23429.732950192,17283.667969348662
2024-06-01,Home & Kitchen,Tamil Nadu,New,124,119,122,177,2530407.8600000008,20406.515,14522.784193548388
2024-06-01,Fashion,Tamil Nadu,New,126,123,113,168,2159389.3499999996,17138.010714286,13000.853809523811
2024-06-01,Sports,Karnataka,Regular,350,346,291,475,7886327.0399999982,22532.362971429,16586.069885714285
2024-06-01,Home & Kitchen,Delhi,Premium,87,82,83,108,1961813.02,22549.574942529,16581.023333333334
2024-06-01,Sports,Telangana,Regular,333,326,270,489,7608595.0500000017,22848.633783784,15952.320720720718
2024-06-01,Home & Kitchen,Uttar Pradesh,New,130,124,122,184,2705196.1900000004,20809.201461538,15794.931153846155
2024-06-01,Sports,Karnataka,Premium,86,85,82,110,2192106.7600000002,25489.613488372,17902.642093023256
2024-06-01,Sports,Tamil Nadu,New,68,67,66,94,1039680.27,15289.415735294,12654.222647058819
2024-06-01,Grocery,Telangana,New,77,75,75,108,1248385.9300000002,16212.804285714,11509.428311688313
2024-06-01,Fashion,Uttar Pradesh,New,168,158,157,226,2723099.78,16208.927261905,12485.908511904761
2024-06-01,Electronics,Maharashtra,Regular,994,958,632,1336,20281266.140000004,20403.688269618,15088.69952716298
2024-06-01,Sports,Gujarat,Regular,255,252,225,353,5190339.6999999993,20354.273333333,13535.851803921565
2024-06-01,Home & Kitchen,Delhi,New,92,87,86,140,1694955.02,18423.424130435,13134.463804347824
2024-06-01,Electronics,Tamil Nadu,New,139,134,130,178,2269222.6599999997,16325.342877698,12767.497338129495
2024-06-01,Sports,Maharashtra,Premium,86,83,82,118,1818848.3399999999,21149.399302326,15318.305348837204
2024-06-01,Fashion,Tamil Nadu,Premium,141,134,138,200,3905175.3499999996,27696.279078014,19378.655531914897
2024-06-01,Fashion,Delhi,New,124,123,117,174,2610619.6099999994,21053.383951613,16035.297499999997
2024-06-01,Sports,Delhi,New,58,58,56,80,987364.62000000023,17023.527931034,12401.542413793102
2024-06-01,Fashion,West Bengal,Regular,395,384,326,548,10523138.809999997,26640.857746835,18065.552050632916
2024-06-01,Fashion,Uttar Pradesh,Premium,163,151,147,224,3360482.67,20616.45809816,15517.50165644172
2024-06-01,Electronics,Delhi,Premium,123,118,118,177,2614891.63,21259.281544715,13435.724146341463
2024-06-01,Fashion,Maharashtra,Regular,850,820,580,1184,18302781.360000007,21532.683952941,14664.633152941178
2024-06-01,Sports,Uttar Pradesh,New,72,70,70,92,1297111.7899999998,18015.441527778,14272.310833333335
2024-06-01,Beauty,Telangana,Regular,371,365,315,496,6976543.1099999985,18804.698409704,14847.340242587601
2024-06-01,Sports,Maharashtra,Regular,432,427,348,616,8981644.38,20790.843472222,14416.242175925921
2024-06-01,Fashion,West Bengal,Premium,85,81,81,118,1695210.8600000003,19943.657176471,13620.580235294117
2024-06-01,Electronics,Uttar Pradesh,Regular,859,826,562,1175,17561829.580000013,20444.504749709,14296.072561117575
2024-06-01,Grocery,Gujarat,New,63,63,62,90,1347272.66,21385.28031746,15113.695555555558
2024-06-01,Sports,Maharashtra,New,95,93,88,134,1788670.9,18828.114736842,13611.548526315786
2024-06-01,Electronics,Karnataka,Premium,184,173,171,243,3928283.1599999992,21349.365,16143.197771739129
2024-06-01,Fashion,Gujarat,Premium,112,109,105,155,2460067.52,21964.888571429,14763.428035714283
2024-06-01,Home & Kitchen,Uttar Pradesh,Regular,647,629,487,901,14866440.340000007,22977.496661515,16571.467125193212
2024-06-01,Beauty,Gujarat,New,62,61,59,88,1609141.8099999998,25953.90016129,20900.658709677416
2024-06-01,Electronics,Tamil Nadu,Premium,149,140,139,218,2956485.9500000007,19842.187583893,13565.982550335568
2024-06-01,Grocery,Delhi,Regular,286,284,252,383,5613024.3399999989,19625.959230769,14197.255489510491
2024-06-01,Fashion,Delhi,Premium,123,118,115,177,3002643.2800000003,24411.73398374,14311.485365853658
2024-06-01,Grocery,West Bengal,New,50,49,46,71,822905.09000000008,16458.1018,11675.618
2024-06-01,Fashion,Karnataka,Premium,178,172,160,266,3480870.2500000005,19555.450842697,14401.26584269663
2024-06-01,Sports,Telangana,Premium,69,68,67,94,1401233.46,20307.731304348,14438.878115942029
2024-06-01,Sports,Telangana,New,68,67,64,88,1600847.69,23541.877794118,15683.749558823532
2024-06-01,Grocery,Karnataka,Premium,94,92,91,127,1503326.8999999994,15992.839361702,13358.5385106383
2024-06-01,Fashion,Karnataka,New,174,172,157,240,3407874.3899999997,19585.485,14087.753850574714
2024-06-01,Electronics,Karnataka,New,172,169,153,231,3586571.7100000004,20852.161104651,14006.5013372093
2024-06-01,Electronics,Telangana,Regular,781,747,540,1060,16361643.22,20949.607195903,15843.422919334191
2024-06-01,Electronics,Delhi,Regular,613,596,464,841,12923214.070000004,21081.915285481,15296.863996737357
2024-06-01,Home & Kitchen,West Bengal,Premium,82,78,80,115,1917922.8699999996,23389.303292683,17117.622073170725
2024-06-01,Beauty,Maharashtra,Regular,467,462,368,671,10274389.770000001,22000.834625268,14783.154561027837
2024-06-01,Beauty,West Bengal,Premium,52,51,52,79,872269.94,16774.421923077,11418.997115384616
2024-06-01,Grocery,Telangana,Regular,412,406,338,560,8052839.47,19545.726868932,13714.854514563103
2024-06-01,Beauty,Maharashtra,New,106,101,102,148,1921028.0199999998,18122.905849057,14374.737169811324
2024-06-01,Home & Kitchen,Maharashtra,Regular,744,720,523,987,14985016.149999987,20141.150739247,15540.868494623659
2024-06-01,Beauty,West Bengal,New,57,57,57,79,1582878.0599999998,27769.790526316,19003.047543859648
2024-06-01,Home & Kitchen,Karnataka,Premium,158,149,140,219,2970831.3,18802.729746835,12257.770822784812
2024-06-01,Sports,Tamil Nadu,Regular,315,310,270,436,7023478.3000000007,22296.756507937,15261.540666666664
2024-06-01,Grocery,Maharashtra,New,97,96,92,143,1822681.8400000003,18790.53443299,12200.40144329897
2024-06-01,Grocery,Karnataka,New,102,99,96,132,1358113.5500000005,13314.83872549,9625.8392156862756
2024-06-01,Electronics,Gujarat,Premium,118,114,113,160,2561656.5300000003,21708.953644068,18162.838389830504
2024-06-01,Home & Kitchen,West Bengal,Regular,315,304,275,441,6908575.709999999,21931.986380952,15971.148507936507
2024-06-01,Home & Kitchen,Delhi,Regular,419,410,349,568,8176524.0699999994,19514.37725537,14125.069809069209
2024-06-01,Beauty,Karnataka,New,103,100,98,134,1843352.21,17896.623398058,13847.386407766988
2024-06-01,Home & Kitchen,Telangana,Regular,566,546,435,767,11758146.209999999,20774.109911661,16057.771713780909
2024-06-01,Grocery,Tamil Nadu,Regular,333,325,287,468,6205250.5999999959,18634.386186186,13490.265045045044
2024-06-01,Grocery,Maharashtra,Premium,101,100,98,142,2102800.83,20819.81019802,15208.969306930696
2024-06-01,Fashion,Gujarat,New,119,116,111,171,2688399.290000001,22591.590672269,16546.836890756305
2024-06-01,Beauty,Tamil Nadu,Regular,336,326,296,457,5561685.9900000021,16552.636875,12574.743154761909
2024-06-01,Electronics,Tamil Nadu,Regular,697,664,494,924,13657455.940000005,19594.628321377,14888.125925394554
2024-06-01,Grocery,Maharashtra,Regular,512,502,408,690,9367609.1,18296.111523438,12947.327832031249
2024-06-01,Grocery,West Bengal,Premium,60,59,57,82,887706.15999999992,14795.102666667,12512.177666666665
2024-06-01,Fashion,Uttar Pradesh,Regular,748,718,536,1019,14670170.679999994,19612.527647059,14633.755949197861
2024-06-01,Fashion,Tamil Nadu,Regular,597,581,447,838,13080653.979999997,21910.64318258,15255.049798994978
2024-06-01,Grocery,Gujarat,Premium,61,60,60,80,962928.76999999979,15785.717540984,12344.773606557377
2024-06-01,Sports,Uttar Pradesh,Regular,333,329,284,461,6714617.8100000042,20164.017447447,14359.394474474471
2024-06-01,Home & Kitchen,Tamil Nadu,Regular,550,534,421,764,11812070.620000003,21476.492036364,15618.174436363637
2024-06-01,Beauty,Maharashtra,Premium,98,94,91,127,1768156.6700000002,18042.415,13685.716632653064
2024-06-01,Sports,Gujarat,New,41,39,39,58,1092649.92,26649.99804878,17350.277073170731
2024-06-01,Electronics,Gujarat,New,125,121,118,192,2796682.2800000003,22373.45824,15261.173599999996
2024-06-01,Home & Kitchen,Karnataka,New,143,137,130,206,2834940.4,19824.758041958,14982.909440559442
2024-06-01,Electronics,Delhi,New,112,111,105,152,1839369.7200000004,16422.943928571,12382.725357142857
2024-06-01,Grocery,West Bengal,Regular,212,208,185,306,5104279.540000001,24076.790283019,16875.565330188678
2024-07-01,Home & Kitchen,Tamil Nadu,Regular,537,524,420,747,10980072.310000004,20447.062029795,15123.314003724396
2024-07-01,Fashion,Tamil Nadu,New,134,129,121,179,3238905.14,24170.933880597,18111.031343283583
2024-07-01,Beauty,West Bengal,Regular,241,240,214,327,5122503.57,21255.20153527,15805.802074688801
2024-07-01,Home & Kitchen,Telangana,Regular,636,615,486,863,12626858.510000004,19853.551116352,15008.941006289302
2024-07-01,Fashion,Telangana,Regular,630,609,478,878,14521251.190000003,23049.605063492,15838.716015873013
2024-07-01,Electronics,Gujarat,Premium,123,118,115,172,2426282.850000001,19725.876829268,16233.358617886181
2024-07-01,Fashion,Karnataka,New,139,133,127,201,2877554.4500000007,20701.83057554,15385.788561151079
2024-07-01,Grocery,West Bengal,New,66,66,63,90,1336298.7800000003,20246.951212121,13591.553636363635
2024-07-01,Grocery,Tamil Nadu,Regular,357,350,296,499,7012525.3499999987,19642.928151261,14022.903557422971
2024-07-01,Sports,Gujarat,Premium,41,41,40,52,870867.07000000007,21240.660243902,15973.512926829268
2024-07-01,Beauty,Tamil Nadu,Regular,342,333,291,481,7163964.9700000007,20947.265994152,14662.463596491232
2024-07-01,Grocery,West Bengal,Regular,242,238,216,337,5611832.8900000006,23189.392107438,15212.113016528929
2024-07-01,Home & Kitchen,Uttar Pradesh,New,142,139,129,196,3099110.87,21824.72443662,15930.22288732394
2024-07-01,Home & Kitchen,Karnataka,New,125,123,117,191,2747420.7499999991,21979.366,14356.185840000002
2024-07-01,Home & Kitchen,Karnataka,Premium,122,118,114,174,2652324.5299999993,21740.365,13939.92737704918
2024-07-01,Fashion,Tamil Nadu,Regular,662,646,489,947,15043375.230000012,22724.131767372,15139.957009063442
2024-07-01,Grocery,West Bengal,Premium,60,59,58,88,1142170.5200000003,19036.175333333,15588.595
2024-07-01,Grocery,Karnataka,Premium,115,114,110,158,1550007.56,13478.326608696,10339.364173913045
2024-07-01,Electronics,Tamil Nadu,Regular,682,654,473,938,14170128.66,20777.314750733,15606.627668621702
2024-07-01,Home & Kitchen,West Bengal,New,59,58,58,85,1344812.0900000003,22793.425254237,13525.22271186441
2024-07-01,Home & Kitchen,Maharashtra,Regular,724,702,511,996,16047415.020000003,22164.937872928,16144.154240331489
2024-07-01,Home & Kitchen,Uttar Pradesh,Premium,140,135,132,181,2353492.7199999997,16810.662285714,13925.930857142863
2024-07-01,Electronics,Gujarat,New,137,131,126,197,2973427.0900000003,21703.847372263,15214.476058394166
2024-07-01,Fashion,West Bengal,New,78,74,76,112,1764998.39,22628.184487179,15453.587948717945
2024-07-01,Electronics,Telangana,Regular,767,733,545,1108,18309171.510000009,23871.149295958,15867.46582790092
2024-07-01,Fashion,West Bengal,Premium,79,78,75,109,1595462.1599999997,20195.723544304,13036.915949367094
2024-07-01,Fashion,Uttar Pradesh,Regular,795,764,529,1092,16435114.489999991,20673.099987421,14842.928666666669
2024-07-01,Grocery,Maharashtra,Regular,498,491,397,665,8725391.0599999968,17520.865582329,14039.724518072288
2024-07-01,Beauty,Maharashtra,Regular,497,490,395,672,10646689.519999994,21421.910503018,15998.027042253523
2024-07-01,Home & Kitchen,Uttar Pradesh,Regular,696,678,504,964,15774689.680000009,22664.784022989,15824.942844827587
2024-07-01,Sports,Tamil Nadu,Regular,307,304,259,415,7678139.4899999993,25010.226351792,17604.773583061891
2024-07-01,Home & Kitchen,Delhi,New,103,101,102,144,1438456.67,13965.598737864,11538.412233009711
2024-07-01,Sports,Delhi,New,54,53,53,81,1373626.55,25437.528703704,17497.411851851852
2024-07-01,Grocery,Maharashtra,New,106,104,104,156,1779837.6300000001,16790.921037736,11975.696698113208
2024-07-01,Grocery,Karnataka,New,97,95,93,130,1728797.0799999996,17822.650309278,14149.371443298967
2024-07-01,Beauty,Gujarat,Premium,46,46,45,65,762338.90000000014,16572.584782609,11776.767391304347
2024-07-01,Home & Kitchen,Maharashtra,New,178,174,161,253,2795342.3499999996,15704.170505618,11200.20230337079
2024-07-01,Grocery,Gujarat,New,62,59,59,88,960973.88,15499.578709677,12372.697419354839
2024-07-01,Beauty,Delhi,Premium,56,55,55,78,1432532.84,25580.943571429,17483.17982142857
2024-07-01,Sports,Telangana,New,63,61,60,85,1296641.31,20581.608095238,14922.772222222218
2024-07-01,Electronics,Delhi,Regular,633,611,462,859,11426367.640000002,18051.13371248,13204.859099526066
2024-07-01,Home & Kitchen,West Bengal,Regular,368,351,314,504,7776112.6899999985,21130.741005435,14443.602391304343
2024-07-01,Grocery,Telangana,Regular,398,394,325,569,7834684.2499999991,19685.136306533,14309.542512562812
2024-07-01,Beauty,Karnataka,New,94,91,89,133,2285151.75,24310.125,13457.109361702125
2024-07-01,Home & Kitchen,West Bengal,Premium,82,79,78,113,2657687.5400000005,32410.823658537,20404.655731707317
2024-07-01,Electronics,Tamil Nadu,New,155,150,148,221,4213901.53,27186.461483871,17948.49509677419
2024-07-01,Electronics,Delhi,New,122,119,113,155,2453588.66,20111.382459016,15591.868196721311
2024-07-01,Grocery,Maharashtra,Premium,108,104,104,153,2434817.0400000005,22544.602222222,15215.999074074078
2024-07-01,Electronics,West Bengal,Premium,83,80,79,123,2246733.79,27069.081807229,18345.72108433735
2024-07-01,Electronics,Tamil Nadu,Premium,152,144,144,209,3292277.1799999997,21659.718289474,13987.411578947369
2024-07-01,Electronics,Uttar Pradesh,New,212,199,189,290,4071591.3800000004,19205.619716981,14457.465566037736
2024-07-01,Electronics,Karnataka,New,180,172,164,247,3987684.63,22153.8035,17819.697722222227
2024-07-01,Home & Kitchen,Delhi,Premium,96,89,88,147,2622268.32,27315.295,19163.502395833333
2024-07-01,Grocery,Delhi,Regular,286,279,246,386,5671745.629999998,19831.278426573,15831.407097902098
2024-07-01,Home & Kitchen,Gujarat,New,111,103,101,171,1867570.13,16824.956126126,13193.65531531532
2024-07-01,Fashion,Gujarat,New,109,106,101,157,2136943.29,19604.984311927,13951.91788990826
2024-07-01,Grocery,Gujarat,Premium,63,63,62,85,1427864.21,22664.511269841,15355.245396825398
2024-07-01,Fashion,Maharashtra,Regular,911,875,603,1246,20277681.719999988,22258.706608123,16422.907782656435
2024-07-01,Beauty,Karnataka,Premium,91,90,90,123,1539316.6099999999,16915.567142857,12999.190109890109
2024-07-01,Electronics,Delhi,Premium,123,116,114,158,1868274.3199999998,15189.222113821,12938.628211382114
2024-07-01,Fashion,Gujarat,Premium,108,105,103,146,2289767.1300000004,21201.5475,17115.294259259255
2024-07-01,Sports,Uttar Pradesh,New,75,75,71,125,1616396.3800000004,21551.951733333,13402.708
2024-07-01,Sports,Maharashtra,Regular,414,403,338,586,9550291.2499999963,23068.336352657,15949.44413043478
2024-07-01,Sports,Uttar Pradesh,Regular,356,350,288,514,8035933.0299999975,22572.845589888,15365.2820505618
2024-07-01,Fashion,Delhi,Premium,124,119,117,169,2258701.9699999997,18215.338467742,14666.614274193549
2024-07-01,Beauty,Maharashtra,Premium,110,107,102,146,2505256.25,22775.056818182,16340.160545454552
2024-07-01,Home & Kitchen,Delhi,Regular,468,451,364,655,9776599.540000001,20890.169957265,14949.730534188031
2024-07-01,Beauty,Maharashtra,New,111,109,108,141,2432899.6100000008,21918.014504505,18226.042342342345
2024-07-01,Beauty,Telangana,New,75,74,73,98,1197737.55,15969.834,12185.52
2024-07-01,Grocery,Telangana,New,76,75,70,103,1404642.1,18482.132894737,12468.893815789474
2024-07-01,Fashion,West Bengal,Regular,402,385,330,570,9671917.7800000012,24059.496965174,17149.333432835818
2024-07-01,Electronics,Uttar Pradesh,Regular,877,849,568,1218,15722886.600000011,17928.034891676,13705.44724059293
2024-07-01,Home & Kitchen,Gujarat,Premium,83,81,79,123,1464080.3699999996,17639.52253012,13893.612530120481
2024-07-01,Fashion,Maharashtra,Premium,179,176,167,248,4284153.830000001,23933.82027933,16850.2930726257
2024-07-01,Electronics,Maharashtra,Regular,1031,988,642,1452,22051300.890000004,21388.264684772,15223.074287099906
2024-07-01,Sports,Gujarat,Regular,260,257,234,361,6000265.96,23077.946,15836.170500000007
2024-07-01,Home & Kitchen,Tamil Nadu,Premium,131,126,123,187,3407391.9299999997,26010.625419847,17076.010229007639
2024-07-01,Sports,Karnataka,Regular,374,369,314,515,7950924.31,21259.155909091,15723.643556149733
2024-07-01,Beauty,Gujarat,Regular,261,259,228,364,5867081.1999999993,22479.238314176,16345.470996168584
2024-07-01,Beauty,Telangana,Regular,332,324,278,461,5846861.0600000015,17611.027289157,12395.544668674698
2024-07-01,Fashion,Delhi,New,126,122,118,172,2579723.7200000007,20473.997777778,15018.779285714285
2024-07-01,Sports,Telangana,Premium,78,77,76,109,1842364.4800000002,23620.057435897,17001.178589743591
2024-07-01,Electronics,West Bengal,Regular,516,488,406,707,11287159.270000001,21874.339670543,15720.292519379853
2024-07-01,Sports,Telangana,Regular,311,304,254,429,6709268.7600000016,21573.211446945,14800.90424437299
2024-07-01,Fashion,Tamil Nadu,Premium,116,111,107,159,2730101.4199999995,23535.357068966,17403.623534482762
2024-07-01,Sports,Maharashtra,New,82,81,76,121,2085206.0099999998,25429.341585366,18652.023414634154
2024-07-01,Grocery,Delhi,Premium,61,60,58,80,745192.62999999989,12216.272622951,10656.998852459015
2024-07-01,Beauty,Telangana,Premium,81,77,75,111,1648439.7399999993,20351.107901235,16298.12296296296
2024-07-01,Electronics,Uttar Pradesh,Premium,168,162,155,218,3720644.8699999996,22146.695654762,16422.140833333335
2024-07-01,Beauty,Uttar Pradesh,New,82,81,79,108,1170474.92,14274.084390244,10224.05524390244
2024-07-01,Beauty,Karnataka,Regular,419,409,344,610,8432887.3500000015,20126.222792363,13271.051121718387
2024-07-01,Sports,West Bengal,Premium,48,48,48,73,1132877.06,23601.605416667,12031.602500000003
2024-07-01,Sports,West Bengal,New,30,30,27,47,1186671.9500000002,39555.731666667,21147.447666666663
2024-07-01,Fashion,Uttar Pradesh,Premium,168,164,155,234,4698222.9399999995,27965.612738095,19111.39410714286
2024-07-01,Grocery,Karnataka,Regular,424,417,357,591,9670559.5700000059,22807.923514151,15558.740023584909
2024-07-01,Sports,Maharashtra,Premium,77,75,74,112,1865919.0099999998,24232.714415584,17175.526363636363
2024-07-01,Home & Kitchen,Tamil Nadu,New,95,92,92,127,1879566.1799999995,19784.907157895,14296.214000000002
2024-07-01,Grocery,Telangana,Premium,88,84,83,124,1535847.3599999999,17452.810909091,13538.898636363636
2024-07-01,Electronics,Maharashtra,Premium,202,194,184,270,3653939.9900000007,18088.811831683,14535.946039603959
2024-07-01,Fashion,Delhi,Regular,500,485,398,671,9616907.8400000054,19233.81568,15284.41968
2024-07-01,Sports,West Bengal,Regular,208,206,194,283,4189486.1599999992,20141.760384615,15220.63543269231
2024-07-01,Beauty,Delhi,New,63,62,59,86,1473663.33,23391.481428571,15977.425555555557
2024-07-01,Beauty,Uttar Pradesh,Regular,436,423,350,606,9188980.97,21075.644426606,15148.779678899085
2024-07-01,Sports,Uttar Pradesh,Premium,88,86,81,129,1507752.4500000002,17133.550568182,13214.308863636363
2024-07-01,Sports,Karnataka,Premium,73,72,70,115,2000339.94,27401.916986301,17778.321780821916
2024-07-01,Grocery,Uttar Pradesh,New,104,101,95,148,2108890.21,20277.790480769,15771.070961538462
2024-07-01,Sports,Karnataka,New,72,71,67,98,1594924.9,22151.734722222,14408.3325
2024-07-01,Electronics,Karnataka,Regular,912,866,601,1281,17177050.810000017,18834.485537281,13983.72484649123
2024-07-01,Grocery,Uttar Pradesh,Regular,428,416,334,591,8978976.3999999948,20978.91682243,14832.261004672893
2024-07-01,Grocery,Tamil Nadu,New,77,77,72,107,1288704.4500000002,16736.421428571,11948.919610389612
2024-07-01,Sports,Tamil Nadu,Premium,61,61,59,85,1156421.4200000002,18957.728196721,14027.078196721312
2024-07-01,Grocery,Uttar Pradesh,Premium,100,95,97,129,1658833.8000000005,16588.338,12011.9695
2024-07-01,Beauty,Delhi,Regular,259,255,228,366,4690742.29,18110.974092664,12688.87640926641
2024-07-01,Sports,Delhi,Regular,258,251,240,341,5688496.14,22048.434651163,16150.59527131783
2024-07-01,Electronics,Gujarat,Regular,609,584,474,817,12180926.079999994,20001.520656814,15260.856798029563
2024-07-01,Beauty,Uttar Pradesh,Premium,92,91,88,126,2147776.0500000003,23345.391847826,16355.873369565215
2024-07-01,Sports,Gujarat,New,47,47,46,65,1191860.0699999998,25358.724893617,17610.861063829787
2024-07-01,Fashion,Telangana,New,126,124,118,180,2678905.16,21261.152063492,14545.282777777777
2024-07-01,Fashion,Uttar Pradesh,New,173,171,161,248,4101845.7099999995,23710.090809249,16026.147283236989
2024-07-01,Grocery,Gujarat,Regular,307,298,271,431,6350485.9999999981,20685.622149837,13412.908859934847
2024-07-01,Home & Kitchen,Karnataka,Regular,656,645,465,897,13271085.720000004,20230.313597561,15282.71137195122
2024-07-01,Beauty,West Bengal,Premium,44,43,44,63,1527828.5,34723.375,19307.701818181817
2024-07-01,Home & Kitchen,Maharashtra,Premium,157,153,148,226,3175715.89,20227.489745223,15623.958280254779
2024-07-01,Grocery,Delhi,New,64,64,61,91,1055887.95,16498.24921875,13357.9059375
2024-07-01,Home & Kitchen,Telangana,Premium,127,120,121,178,2156362.92,16979.235590551,11386.450236220471
2024-07-01,Home & Kitchen,Telangana,New,128,126,122,177,2483222.2000000011,19400.1734375,14422.684453125003
2024-07-01,Electronics,West Bengal,New,103,98,98,156,2008675.2700000009,19501.701650485,14496.893786407769
2024-07-01,Beauty,West Bengal,New,43,43,43,55,775388.17999999993,18032.283255814,13726.063255813955
2024-07-01,Sports,Tamil Nadu,New,66,63,64,90,1240861.96,18800.938787879,14143.775303030303
2024-07-01,Fashion,Gujarat,Regular,556,530,430,735,11010996.620000001,19803.950755396,14620.710719424465
2024-07-01,Electronics,Maharashtra,New,190,184,175,277,4328284.7,22780.445789474,16117.686789473684
2024-07-01,Electronics,Telangana,New,129,125,121,176,2487688.04,19284.403410853,14269.38976744186
2024-07-01,Beauty,Tamil Nadu,New,72,71,67,100,1048087.69,14556.773472222,9944.076944444445
2024-07-01,Electronics,Telangana,Premium,156,148,144,205,3215929.6199999996,20614.933461538,16013.717692307693
2024-07-01,Beauty,Tamil Nadu,Premium,72,71,70,92,1792091.1599999997,24890.155,18274.701250000002
2024-07-01,Fashion,Maharashtra,New,188,177,172,255,4177105.9300000011,22218.64856383,15714.20319148936
2024-07-01,Grocery,Tamil Nadu,Premium,70,70,70,99,1057077.37,15101.105285714,11894.736142857142
2024-07-01,Fashion,Karnataka,Regular,759,728,548,1042,16596485.670000009,21866.252529644,15549.90068511197
2024-07-01,Sports,Delhi,Premium,39,39,39,56,976320.26,25033.852820513,15773.82948717949
2024-07-01,Fashion,Telangana,Premium,154,150,140,202,3290661.51,21367.931883117,16644.874090909088
2024-07-01,Beauty,Gujarat,New,84,81,82,118,1922448.3599999999,22886.29,16573.434047619048
2024-07-01,Fashion,Karnataka,Premium,142,139,134,186,3284886.6099999994,23133.004295775,16500.518028169015
2024-07-01,Home & Kitchen,Gujarat,Regular,439,427,350,614,9340931.8500000034,21277.749088838,15635.526583143508
2024-07-01,Electronics,Karnataka,Premium,199,186,180,265,4018035.5999999992,20191.133668342,14600.243718592963
2024-08-01,Sports,Gujarat,Premium,50,49,49,66,1244594.6400000001,24891.8928,15491.855800000001
2024-08-01,Sports,Telangana,Regular,344,338,300,449,6781289.2499999972,19713.050145349,14881.062412790701
2024-08-01,Electronics,Telangana,Premium,150,148,134,189,3133487.3899999997,20889.915933333,17275.417866666667
2024-08-01,Home & Kitchen,Tamil Nadu,New,128,122,123,186,2782890.8200000008,21741.33453125,15517.819843749998
2024-08-01,Electronics,Gujarat,Premium,103,102,98,147,1887044.7000000002,18320.822330097,13756.270873786405
2024-08-01,Fashion,Maharashtra,New,177,173,167,243,3601235.2800000003,20345.962033898,14351.133107344634
2024-08-01,Electronics,Karnataka,New,199,190,175,283,4104914.48,20627.710954774,15212.433768844223
2024-08-01,Fashion,Tamil Nadu,New,140,137,135,202,2587818.2800000007,18484.416285714,13296.082714285711
2024-08-01,Sports,Karnataka,Regular,373,369,309,513,7008499.8999999994,18789.543967828,13099.142520107242
2024-08-01,Home & Kitchen,Tamil Nadu,Premium,121,118,112,180,3077238.1500000004,25431.720247934,18063.69305785124
2024-08-01,Fashion,Telangana,New,145,141,132,196,3430097.8900000011,23655.847517241,17086.050896551726
2024-08-01,Sports,West Bengal,New,39,39,39,52,531234.90999999992,13621.407948718,10040.762564102566
2024-08-01,Electronics,West Bengal,New,89,87,86,117,1308846.4100000001,14706.139438202,12445.093483146069
2024-08-01,Sports,Delhi,Regular,239,235,212,342,4728495.820000004,19784.501338912,14317.248117154815
2024-08-01,Fashion,Tamil Nadu,Premium,143,138,132,199,3007275.3199999994,21029.897342657,14889.220069930068
2024-08-01,Fashion,West Bengal,Premium,90,88,86,122,2130098.9800000004,23667.766444444,19372.984111111109
2024-08-01,Electronics,West Bengal,Premium,90,88,85,127,1754288.0699999998,19492.089666667,14263.695777777777
2024-08-01,Home & Kitchen,Delhi,Regular,456,438,378,631,7617812.0999999978,16705.728289474,12977.177675438596
2024-08-01,Home & Kitchen,Gujarat,Premium,109,106,105,150,1792658.2800000003,16446.406238532,11966.076605504582
2024-08-01,Fashion,West Bengal,New,85,83,82,124,2751700.71,32372.949529412,22350.26894117647
2024-08-01,Grocery,West Bengal,Premium,41,41,40,52,1013759.3400000002,24725.837560976,18533.324634146342
2024-08-01,Home & Kitchen,Maharashtra,Premium,170,168,156,240,4040402.0800000005,23767.071058824,17401.391117647057
2024-08-01,Electronics,Maharashtra,New,189,183,170,262,3244260.8599999989,17165.401375661,12753.760105820111
2024-08-01,Grocery,Uttar Pradesh,Regular,443,431,356,605,9393929.2900000047,21205.257990971,16170.229977426634
2024-08-01,Electronics,Karnataka,Premium,180,175,169,228,3353275.86,18629.310333333,14169.062388888895
2024-08-01,Sports,Delhi,Premium,44,44,44,66,1356165.9100000001,30821.9525,20836.591363636362
2024-08-01,Home & Kitchen,Telangana,New,138,133,128,180,2784900.47,20180.438188406,15342.788768115945
2024-08-01,Home & Kitchen,Delhi,New,97,94,89,138,1807213.99,18631.072061856,13182.459690721651
2024-08-01,Home & Kitchen,Uttar Pradesh,Regular,662,644,478,908,13898526.380000003,20994.752839879,14426.784697885201
2024-08-01,Electronics,Tamil Nadu,New,154,150,142,210,3195293.48,20748.658961039,14261.05441558442
2024-08-01,Sports,Uttar Pradesh,New,83,82,78,107,1820449.5099999995,21933.126626506,15825.603855421685
2024-08-01,Beauty,Delhi,New,73,73,70,103,1522059.7399999998,20850.133424658,14370.584657534248
2024-08-01,Home & Kitchen,Gujarat,Regular,424,414,353,601,8773312.0,20691.773584906,14133.822169811319
2024-08-01,Home & Kitchen,Gujarat,New,115,112,104,159,2311402.6900000004,20099.153826087,14780.154434782602
2024-08-01,Sports,West Bengal,Premium,42,40,41,53,1013349.5,24127.369047619,16922.840476190475
2024-08-01,Electronics,West Bengal,Regular,476,450,377,660,9589279.8400000017,20145.545882353,15063.629117647059
2024-08-01,Home & Kitchen,West Bengal,Premium,82,77,80,113,2540785.59,30985.190121951,22286.173048780489
2024-08-01,Fashion,Gujarat,Regular,524,500,414,707,11708737.279999994,22344.918473282,16395.29509541985
2024-08-01,Fashion,Maharashtra,Premium,158,153,148,218,3457692.43,21884.129303797,15403.036835443037
2024-08-01,Electronics,Uttar Pradesh,New,178,169,159,249,2967685.1199999996,16672.388314607,12709.50101123596
2024-08-01,Sports,Uttar Pradesh,Premium,85,83,83,122,2096863.8599999999,24668.986588235,17486.667764705886
2024-08-01,Fashion,Telangana,Premium,157,149,137,228,3859631.040000001,24583.637197452,17657.256560509559
2024-08-01,Electronics,Tamil Nadu,Premium,168,162,154,238,3602226.899999999,21441.826785714,14724.333214285714
2024-08-01,Fashion,Gujarat,New,116,115,108,143,2301107.1700000004,19837.130775862,17397.225517241379
2024-08-01,Beauty,Karnataka,Regular,427,416,353,611,8902556.4799999986,20849.078407494,14037.596065573769
2024-08-01,Beauty,Tamil Nadu,New,83,82,81,107,1705441.27,20547.485180723,14842.855662650605
2024-08-01,Fashion,Gujarat,Premium,117,113,109,154,1774299.9000000001,15164.956410256,13690.22205128205
2024-08-01,Beauty,Tamil Nadu,Regular,308,306,272,424,7282502.9199999981,23644.49,15878.402435064938
2024-08-01,Grocery,Karnataka,Regular,464,455,366,655,8120870.1099999994,17501.875237069,12843.506185344824
2024-08-01,Sports,Tamil Nadu,Regular,314,310,265,431,6703448.1700000018,21348.561050955,15641.506942675162
2024-08-01,Grocery,Tamil Nadu,Regular,317,308,277,423,5962083.12,18807.83318612,15012.248012618296
2024-08-01,Fashion,Karnataka,New,153,148,147,233,3218766.5399999991,21037.689803922,13538.444052287587
2024-08-01,Home & Kitchen,Maharashtra,New,153,150,142,219,3029785.9699999997,19802.522679739,15443.737647058822
2024-08-01,Electronics,Delhi,New,157,144,141,225,3317017.4799999995,21127.499872611,14888.7901910828
2024-08-01,Home & Kitchen,Karnataka,Regular,673,648,494,943,12436673.959999997,18479.456106984,14005.268335809809
2024-08-01,Fashion,Delhi,Regular,528,507,416,732,10499275.589999996,19884.991647727,14565.982424242424
2024-08-01,Electronics,Telangana,Regular,717,685,515,999,15075315.300000006,21025.544351464,14907.02520223152
2024-08-01,Sports,Delhi,New,48,48,48,75,1935452.0699999998,40321.918125,24369.35291666667
2024-08-01,Grocery,Gujarat,Premium,54,54,53,77,673105.19,12464.910925926,10872.423518518519
2024-08-01,Home & Kitchen,Karnataka,Premium,151,147,140,205,3344078.8200000003,22146.217350993,15247.275165562916
2024-08-01,Home & Kitchen,Delhi,Premium,106,105,100,133,1978238.9999999998,18662.632075472,13754.084716981135
2024-08-01,Fashion,Telangana,Regular,665,640,501,953,15385178.559999993,23135.606857143,15594.839443609028
2024-08-01,Fashion,Karnataka,Premium,147,140,141,186,2635884.8600000003,17931.18952381,13221.823809523807
2024-08-01,Beauty,Gujarat,Regular,292,286,263,415,6260985.2700000005,21441.730376712,15083.37188356164
2024-08-01,Fashion,Karnataka,Regular,761,728,535,1060,14930841.04,19620.027647832,13851.756911957957
2024-08-01,Beauty,Uttar Pradesh,New,97,90,93,133,2169970.35,22370.828350515,15386.51886597938
2024-08-01,Electronics,Gujarat,Regular,613,581,468,879,11907850.399999997,19425.530831974,14295.431305057102
2024-08-01,Fashion,Delhi,Premium,144,144,137,199,3863721.6700000009,26831.400486111,18706.622569444447
2024-08-01,Electronics,Maharashtra,Premium,204,197,185,269,4639757.6900000013,22743.910245098,14806.366029411771
2024-08-01,Grocery,Delhi,New,64,63,62,91,990411.88,15475.185625,11328.932031249999
2024-08-01,Fashion,Uttar Pradesh,New,168,161,153,212,3288601.0899999994,19575.006488095,16250.977619047617
2024-08-01,Electronics,Gujarat,New,125,120,116,182,3151328.32,25210.62656,17708.468640000003
2024-08-01,Beauty,Maharashtra,Premium,101,100,95,146,2236732.7300000004,22145.868613861,14902.337128712872
2024-08-01,Grocery,Uttar Pradesh,Premium,100,99,95,144,1705963.16,17059.6316,11360.2554
2024-08-01,Electronics,Uttar Pradesh,Premium,208,192,191,283,5642069.8500000006,27125.335817308,19843.01567307693
2024-08-01,Grocery,Tamil Nadu,New,66,64,66,105,1194399.4200000002,18096.960909091,11591.390757575757
2024-08-01,Grocery,Tamil Nadu,Premium,65,65,64,82,1411174.66,21710.379384615,18255.907384615384
2024-08-01,Electronics,Karnataka,Regular,858,825,575,1214,16821271.27,19605.211270396,14525.014930069934
2024-08-01,Sports,Karnataka,Premium,67,66,65,106,1673820.43,24982.394477612,16856.918208955223
2024-08-01,Home & Kitchen,Tamil Nadu,Regular,565,543,441,780,12261804.86,21702.309486726,15976.056584070797
2024-08-01,Home & Kitchen,West Bengal,New,69,65,66,90,1272782.8,18446.127536232,15011.57043478261
2024-08-01,Sports,West Bengal,Regular,190,188,174,267,4794386.549999998,25233.613421053,18773.479
2024-08-01,Grocery,Gujarat,New,56,56,52,71,1109044.67,19804.369107143,17705.195535714287
2024-08-01,Home & Kitchen,Telangana,Premium,109,107,102,145,2317184.9899999998,21258.577889908,16101.002660550459
2024-08-01,Sports,Maharashtra,Regular,353,350,284,493,6990072.0000000019,19801.90368272,14376.529575070821
2024-08-01,Grocery,Maharashtra,New,115,111,104,157,2454979.66,21347.649217391,15403.594347826085
2024-08-01,Fashion,Uttar Pradesh,Regular,757,734,530,1008,15776370.150000002,20840.647490092,15265.644742404224
2024-08-01,Grocery,Maharashtra,Premium,115,114,109,157,2129793.36,18519.94226087,13128.144695652178
2024-08-01,Sports,Tamil Nadu,New,64,62,63,93,1295650.81,20244.54390625,13719.300781250002
2024-08-01,Sports,Tamil Nadu,Premium,64,64,63,85,1227814.39,19184.59984375,14887.444375000001
2024-08-01,Beauty,Tamil Nadu,Premium,64,64,63,92,1130943.2899999998,17670.98890625,11073.640781250002
2024-08-01,Fashion,Tamil Nadu,Regular,610,586,477,870,11828842.63,19391.545295082,14991.959081967219
2024-08-01,Beauty,Uttar Pradesh,Regular,379,368,314,536,8590707.6499999985,22666.774802111,16476.808469656989
2024-08-01,Fashion,Uttar Pradesh,Premium,165,158,147,253,3730749.1700000009,22610.601030303,15248.050909090909
2024-08-01,Home & Kitchen,Karnataka,New,128,125,121,192,2990044.97,23359.726328125,15655.828203125002
2024-08-01,Fashion,Delhi,New,114,109,108,158,2147713.22,18839.589649123,13241.229473684209
2024-08-01,Electronics,Telangana,New,177,165,165,252,4429641.5300000012,25026.223333333,17909.870564971749
2024-08-01,Grocery,Gujarat,Regular,283,276,248,398,5457070.1300000018,19282.933321555,15150.677667844522
2024-08-01,Sports,Karnataka,New,74,70,69,96,1398241.7200000002,18895.158378378,14319.672837837839
2024-08-01,Beauty,Uttar Pradesh,Premium,108,106,106,157,3464271.4000000004,32076.587037037,20278.48472222222
2024-08-01,Beauty,Delhi,Regular,298,291,259,394,6103647.3599999985,20482.038120805,15487.050973154364
2024-08-01,Beauty,Delhi,Premium,62,61,61,94,1416751.4,22850.829032258,15425.135161290324
2024-08-01,Grocery,West Bengal,New,47,45,47,68,956884.06,20359.235319149,12090.778085106384
2024-08-01,Beauty,Gujarat,Premium,57,56,57,87,1056725.9299999997,18539.051403509,12515.514561403508
2024-08-01,Beauty,Maharashtra,New,109,109,101,155,2923676.31,26822.718440367,19054.302844036691
2024-08-01,Home & Kitchen,Telangana,Regular,575,554,449,778,12018714.029999994,20902.111356522,14473.16944347826
2024-08-01,Beauty,Karnataka,New,107,106,101,153,2440794.8099999996,22811.166448598,15728.786728971963
2024-08-01,Grocery,Uttar Pradesh,New,111,110,103,142,1644556.4299999997,14815.823693694,12922.266666666666
2024-08-01,Sports,Maharashtra,New,81,80,79,127,2433207.3600000003,30039.597037037,16573.006543209878
2024-08-01,Beauty,West Bengal,New,58,55,55,78,850455.49999999988,14663.025862069,11988.440344827586
2024-08-01,Electronics,Tamil Nadu,Regular,762,730,530,1057,15169819.240000002,19907.899265092,14726.580288713907
2024-08-01,Grocery,Delhi,Premium,60,58,57,83,1128767.4500000002,18812.790833333,11558.330666666667
2024-08-01,Electronics,Delhi,Regular,600,573,447,817,12475413.609999998,20792.356016667,14291.08686666667
2024-08-01,Electronics,Maharashtra,Regular,983,939,629,1338,18733115.429999989,19057.085890132,14007.732787385552
2024-08-01,Grocery,Delhi,Regular,288,282,246,397,5196075.9299999988,18041.9303125,13240.427638888892
2024-08-01,Beauty,Telangana,New,57,56,55,82,934333.84000000008,16391.821754386,13802.896140350877
2024-08-01,Grocery,West Bengal,Regular,226,223,200,323,3321858.0799999982,14698.487079646,10740.551725663718
2024-08-01,Fashion,Maharashtra,Regular,911,879,601,1239,19624326.930000015,21541.522425906,15623.994160263454
2024-08-01,Grocery,Telangana,Premium,83,82,79,112,1330651.07,16031.94060241,12343.277469879515
2024-08-01,Sports,Telangana,Premium,65,64,61,93,1370054.95,21077.768461538,15999.620000000003
2024-08-01,Beauty,Telangana,Premium,82,80,80,108,1956879.11,23864.379390244,16305.077804878045
2024-08-01,Home & Kitchen,West Bengal,Regular,342,332,292,484,7425360.9099999992,21711.581608187,15513.320614035089
2024-08-01,Grocery,Karnataka,New,93,92,88,136,1830654.4499999997,19684.456451613,13358.770752688171
2024-08-01,Sports,Maharashtra,Premium,92,91,86,126,1817675.26,19757.339782609,13204.187065217391
2024-08-01,Beauty,Maharashtra,Regular,487,476,382,667,11376353.829999996,23360.069466119,16784.311683778236
2024-08-01,Home & Kitchen,Uttar Pradesh,New,136,131,128,187,2688288.24,19766.825294118,13735.027573529414
2024-08-01,Grocery,Telangana,Regular,381,374,313,518,8600301.26,22572.969186352,16408.406692913388
2024-08-01,Home & Kitchen,Maharashtra,Regular,783,754,541,1075,17062307.490000002,21790.941877395,15415.914252873561
2024-08-01,Sports,Telangana,New,72,70,69,102,1484624.92,20619.790555556,14348.530277777772
2024-08-01,Sports,Gujarat,Regular,249,246,224,361,5202158.1899999967,20892.201566265,14816.249076305228
2024-08-01,Beauty,Gujarat,New,63,61,61,76,1077519.53,17103.484603175,14030.235079365077
2024-08-01,Beauty,Telangana,Regular,360,352,298,500,7456008.7599999979,20711.135444444,13978.00025
2024-08-01,Electronics,Uttar Pradesh,Regular,868,842,574,1187,15606012.770000013,17979.277384793,13386.875299539168
2024-08-01,Electronics,Delhi,Premium,124,119,121,175,2115991.7799999993,17064.44983871,13097.812499999998
2024-08-01,Sports,Uttar Pradesh,Regular,317,310,276,420,5568541.9700000007,17566.378454259,13318.669873817034
2024-08-01,Beauty,West Bengal,Regular,237,236,209,318,4799250.4200000009,20250.001772152,14651.51687763713
2024-08-01,Beauty,Karnataka,Premium,88,87,88,123,2295778.4999999995,26088.392045455,18238.812045454546
2024-08-01,Grocery,Telangana,New,79,76,77,105,1498154.3699999999,18963.979367089,13986.40506329114
2024-08-01,Sports,Gujarat,New,44,44,43,63,1293454.7300000002,29396.698409091,18808.898181818182
2024-08-01,Beauty,West Bengal,Premium,48,48,46,61,710747.14999999991,14807.232291667,12352.302708333333
2024-08-01,Grocery,Maharashtra,Regular,530,517,410,776,10916062.099999998,20596.343584906,14022.613113207546
2024-08-01,Grocery,Karnataka,Premium,87,85,81,121,1299834.4500000007,14940.625862069,12746.500689655177
2024-08-01,Home & Kitchen,Uttar Pradesh,Premium,147,141,137,199,3072611.3800000008,20902.118231293,14843.425510204081
2024-08-01,Fashion,West Bengal,Regular,407,395,339,584,9311409.7300000023,22878.156584767,16324.810761670764
2024-09-01,Fashion,Delhi,Premium,89,87,85,128,1958417.0499999998,22004.685955056,16489.784157303373
2024-09-01,Fashion,Tamil Nadu,New,127,126,117,181,2666794.49,20998.381811024,15489.231732283464
2024-09-01,Home & Kitchen,Telangana,New,114,111,106,167,1904245.6700000002,16703.909385965,12496.080350877191
2024-09-01,Fashion,Telangana,Regular,656,640,473,945,15418846.200000001,23504.338719512,16355.562286585357
2024-09-01,Electronics,Uttar Pradesh,Regular,882,842,590,1206,17919507.920000013,20316.902403628,14417.835011337869
2024-09-01,Beauty,Karnataka,New,86,85,80,115,1432768.2999999998,16660.096511628,13941.293720930234
2024-09-01,Sports,Karnataka,Regular,332,325,281,461,5734920.26,17273.856204819,13712.487439759039
2024-09-01,Beauty,Karnataka,Premium,86,84,84,115,1754406.21,20400.072209302,15902.146976744185
2024-09-01,Sports,Uttar Pradesh,Premium,76,74,74,103,1748976.2,23012.844736842,16952.842500000002
2024-09-01,Electronics,West Bengal,New,88,87,87,123,1546514.3099999996,17574.02625,13579.157613636362
2024-09-01,Fashion,Gujarat,Premium,106,103,103,144,2126839.2000000007,20064.520754717,14041.587547169809
2024-09-01,Electronics,Gujarat,Premium,106,100,101,161,2339326.4999999995,22069.117924528,14556.685660377354
2024-09-01,Electronics,Karnataka,Premium,196,192,176,271,3621007.7800000003,18474.529489796,14373.994795918368
2024-09-01,Electronics,Delhi,Premium,125,119,118,179,2665345.18,21322.76144,16207.646159999998
2024-09-01,Fashion,Tamil Nadu,Premium,125,119,115,183,3044833.67,24358.66936,17927.331919999997
2024-09-01,Home & Kitchen,Tamil Nadu,Premium,122,118,116,157,2414756.37,19793.085,16334.009016393442
2024-09-01,Home & Kitchen,Maharashtra,Regular,709,691,505,974,12883652.239999998,18171.582849083,14000.9346403385
2024-09-01,Electronics,Uttar Pradesh,New,193,183,177,287,4667675.4700000016,24184.846994819,16780.543264248707
2024-09-01,Sports,Gujarat,New,41,41,41,59,1528602.5099999998,37282.98804878,20866.696829268298
2024-09-01,Beauty,Telangana,New,79,76,75,106,1809539.7399999995,22905.566329114,15599.382911392409
2024-09-01,Beauty,Delhi,New,56,56,55,82,964283.77000000025,17219.353035714,12127.691607142859
2024-09-01,Beauty,Telangana,Regular,356,341,298,470,6844673.88,19226.612022472,14779.196713483152
2024-09-01,Sports,Gujarat,Premium,62,62,61,87,1621280.2500000002,26149.681451613,19463.218225806453
2024-09-01,Electronics,Delhi,New,130,128,126,177,2132357.86,16402.752769231,12691.675769230771
2024-09-01,Home & Kitchen,Uttar Pradesh,New,137,128,122,193,2950629.87,21537.444306569,13718.998321167886
2024-09-01,Grocery,Gujarat,New,63,60,62,82,545722.57000000007,8662.263015873,6972.3206349206357
2024-09-01,Sports,Karnataka,New,84,83,82,114,1518208.6600000004,18073.912619048,11064.477499999999
2024-09-01,Electronics,Karnataka,New,193,185,172,263,3821834.8100000005,19802.252901554,14714.368652849736
2024-09-01,Grocery,Karnataka,New,90,88,89,126,1229876.0899999999,13665.289888889,11044.399444444445
2024-09-01,Electronics,Tamil Nadu,New,142,138,137,192,3020627.7499999995,21272.026408451,15028.33542253521
2024-09-01,Electronics,Maharashtra,Premium,188,176,170,257,4275100.5200000014,22739.896382979,16158.982446808512
2024-09-01,Beauty,Gujarat,Regular,267,264,232,351,4735768.5900000017,17736.961011236,13080.365018726594
2024-09-01,Home & Kitchen,Uttar Pradesh,Regular,642,620,485,883,12495080.510000013,19462.742227414,14239.459968847357
2024-09-01,Grocery,Telangana,Regular,365,358,305,481,6371902.13,17457.266109589,12622.147890410955
2024-09-01,Grocery,Maharashtra,New,94,93,92,132,1524562.88,16218.754042553,9556.24329787234
2024-09-01,Sports,Telangana,Regular,306,298,257,431,6508793.6899999995,21270.567614379,15427.608464052289
2024-09-01,Home & Kitchen,Maharashtra,New,170,165,152,231,3005314.1800000006,17678.318705882,13972.283
2024-09-01,Fashion,Gujarat,Regular,481,464,373,670,10244498.2,21298.333056133,14866.373804573805
2024-09-01,Home & Kitchen,Maharashtra,Premium,170,164,158,232,3319859.2899999991,19528.584058824,14888.179000000004
2024-09-01,Home & Kitchen,Delhi,Premium,94,89,90,124,2105168.46,22395.409148936,13668.784468085105
2024-09-01,Sports,Telangana,New,71,70,70,97,1619759.1100000003,22813.508591549,16644.032957746476
2024-09-01,Fashion,Telangana,New,143,142,132,192,3479019.6799999992,24328.808951049,15617.081398601396
2024-09-01,Sports,West Bengal,Regular,228,220,202,327,5370568.28,23555.124035088,17495.536403508773
2024-09-01,Home & Kitchen,Delhi,New,96,93,90,134,1680096.75,17501.0078125,12691.228541666667
2024-09-01,Beauty,Maharashtra,New,93,91,88,115,1622959.07,17451.172795699,14559.696666666669
2024-09-01,Grocery,Delhi,Regular,287,282,248,381,5157102.7600000007,17968.999163763,14536.541672473866
2024-09-01,Fashion,Maharashtra,Regular,848,808,584,1149,17851928.000000011,21051.801886792,15116.74716981132
2024-09-01,Sports,Telangana,Premium,68,68,63,89,1542232.64,22679.891764706,16034.82411764706
2024-09-01,Electronics,Uttar Pradesh,Premium,193,186,169,265,3222926.0999999987,16699.098963731,12759.524922279796
2024-09-01,Grocery,Maharashtra,Premium,103,101,98,149,2172864.49,21095.771747573,14108.961844660193
2024-09-01,Beauty,Delhi,Premium,57,56,57,84,1186423.7600000002,20814.451929825,13914.804736842107
2024-09-01,Sports,Uttar Pradesh,New,62,57,61,88,1163717.1099999999,18769.630806452,13438.341290322582
2024-09-01,Home & Kitchen,Gujarat,Regular,424,406,347,555,7639388.3100000005,18017.425259434,13865.93349056604
2024-09-01,Beauty,Karnataka,Regular,413,398,336,546,8442441.15,20441.746125908,15363.924939467308
2024-09-01,Sports,Maharashtra,Premium,91,89,87,138,2626747.1899999995,28865.353736264,17655.231208791211
2024-09-01,Beauty,Telangana,Premium,66,65,64,89,1334352.4100000004,20217.460757576,15495.119999999997
2024-09-01,Beauty,Maharashtra,Premium,91,89,87,130,1603212.76,17617.722637363,13753.611098901096
2024-09-01,Grocery,Karnataka,Premium,94,92,91,136,1867617.3900000001,19868.270106383,15839.02404255319
2024-09-01,Home & Kitchen,Tamil Nadu,New,109,106,101,137,2195217.8099999996,20139.61293578,13774.663302752295
2024-09-01,Fashion,West Bengal,New,83,81,81,107,1786321.8799999997,21521.950361446,16413.101686746988
2024-09-01,Grocery,West Bengal,Regular,227,223,201,315,5066376.3399999989,22318.838502203,15873.769735682816
2024-09-01,Sports,Gujarat,Regular,229,226,206,311,3970607.7399999998,17338.898427948,13249.805283842796
2024-09-01,Electronics,Tamil Nadu,Premium,154,147,145,201,3288486.9599999995,21353.811428571,14798.438961038961
2024-09-01,Grocery,West Bengal,New,38,37,35,50,470621.06,12384.764736842,11108.254473684212
2024-09-01,Electronics,Gujarat,New,114,110,111,161,1919083.58,16834.066491228,12743.075350877192
2024-09-01,Sports,West Bengal,Premium,37,37,37,47,604549.24,16339.168648649,11436.010810810811
2024-09-01,Sports,Delhi,New,54,54,52,81,1285568.85,23806.830555556,14687.018888888892
2024-09-01,Fashion,Maharashtra,Premium,160,155,148,219,2466744.4699999997,15417.1529375,12268.554375000003
2024-09-01,Beauty,West Bengal,Premium,36,36,36,44,756794.57000000007,21022.071388889,15457.532777777778
2024-09-01,Home & Kitchen,Uttar Pradesh,Premium,132,129,127,173,3158193.0700000003,23925.705075758,16961.170454545452
2024-09-01,Electronics,Maharashtra,Regular,956,906,612,1336,20715935.949999988,21669.389069038,15042.676997907942
2024-09-01,Fashion,Delhi,Regular,499,481,391,715,11127736.419999996,22300.072985972,15596.897795591183
2024-09-01,Fashion,Telangana,Premium,128,121,118,172,2595807.58,20279.74671875,15393.431718750002
2024-09-01,Sports,Tamil Nadu,Regular,277,271,246,383,5389368.29,19456.203212996,14054.976823104682
2024-09-01,Home & Kitchen,West Bengal,Regular,359,350,297,491,6249013.73,17406.723481894,12912.23445682451
2024-09-01,Grocery,West Bengal,Premium,35,35,34,54,861030.33000000007,24600.866571429,15873.561142857143
2024-09-01,Fashion,Karnataka,New,166,160,154,233,3885863.7399999984,23408.817710843,15265.967530120481
2024-09-01,Beauty,Maharashtra,Regular,443,434,353,626,9219090.4899999965,20810.588013544,14493.497336343115
2024-09-01,Grocery,Karnataka,Regular,433,424,359,605,7177809.1000000015,16576.926327945,12863.640715935331
2024-09-01,Beauty,West Bengal,Regular,212,211,184,273,3693000.3399999994,17419.812924528,14857.108396226418
2024-09-01,Sports,Maharashtra,New,83,79,81,107,1411274.8899999997,17003.311927711,13894.061445783131
2024-09-01,Beauty,Uttar Pradesh,Premium,85,84,83,113,1501674.19,17666.755176471,12631.81188235294
2024-09-01,Grocery,Delhi,New,60,59,58,87,1080912.79,18015.213166667,10736.249166666666
2024-09-01,Beauty,West Bengal,New,47,44,46,69,1182274.89,25154.784893617,17155.333404255322
2024-09-01,Fashion,West Bengal,Premium,95,94,89,128,2478403.48,26088.457684211,18355.361999999997
2024-09-01,Grocery,Uttar Pradesh,Premium,87,86,82,122,2083131.4299999997,23944.039425287,16330.142413793108
2024-09-01,Sports,Delhi,Premium,52,51,51,67,767952.46,14768.316538462,13209.815192307691
2024-09-01,Grocery,Telangana,New,87,86,82,122,1711682.65,19674.513218391,14294.52229885057
2024-09-01,Fashion,Gujarat,New,97,94,93,133,1855700.1300000004,19130.929175258,13694.589896907215
2024-09-01,Fashion,Uttar Pradesh,New,173,164,159,235,4231257.0600000005,24458.133294798,18912.208034682084
2024-09-01,Home & Kitchen,Karnataka,New,159,154,148,224,3377193.6199999996,21240.211446541,15977.498364779876
2024-09-01,Electronics,West Bengal,Regular,455,440,365,629,9347360.6999999974,20543.64989011,14448.835186813181
2024-09-01,Fashion,Karnataka,Premium,158,153,144,222,3192104.9699999997,20203.196012658,14095.333291139239
2024-09-01,Sports,Karnataka,Premium,76,76,70,103,1712301.96,22530.288947368,16206.838815789475
2024-09-01,Home & Kitchen,Gujarat,New,94,91,88,132,2022249.35,21513.290957447,18244.021914893619
2024-09-01,Home & Kitchen,Telangana,Regular,562,539,426,781,12086809.290000005,21506.778096085,14999.927953736653
2024-09-01,Sports,Tamil Nadu,Premium,59,59,57,83,1195406.55,20261.127966102,15444.454406779661
2024-09-01,Sports,Uttar Pradesh,Regular,367,363,296,512,7798173.0999999987,21248.428065395,14913.334523160764
2024-09-01,Beauty,Gujarat,New,68,68,64,90,1494715.3099999998,21981.1075,17350.37926470588
2024-09-01,Grocery,Uttar Pradesh,New,89,89,87,128,1181786.83,13278.503707865,9568.9850561797739
2024-09-01,Electronics,Telangana,Regular,772,742,550,1048,15626856.940000001,20242.042668394,14779.016917098443
2024-09-01,Home & Kitchen,Gujarat,Premium,93,93,84,127,2043462.37,21972.713655914,18215.173870967745
2024-09-01,Beauty,Uttar Pradesh,New,90,89,83,122,1454909.7999999998,16165.664444444,12243.759555555554
2024-09-01,Grocery,Delhi,Premium,62,60,59,79,914292.99,14746.661129032,11546.372903225803
2024-09-01,Home & Kitchen,Karnataka,Premium,155,152,141,216,2960940.56,19102.842322581,14219.2955483871
2024-09-01,Grocery,Telangana,Premium,89,88,84,122,1477757.29,16604.014494382,13162.43
2024-09-01,Home & Kitchen,West Bengal,New,60,60,60,84,1098539.7499999998,18308.995833333,14476.952999999998
2024-09-01,Grocery,Tamil Nadu,Premium,76,76,75,103,1393119.43,18330.518815789,12834.878815789474
2024-09-01,Home & Kitchen,Karnataka,Regular,658,642,477,908,14664305.639999995,22286.178784195,16029.20689969605
2024-09-01,Beauty,Tamil Nadu,New,60,60,57,76,814865.92999999982,13581.098833333,12538.443166666666
2024-09-01,Grocery,Tamil Nadu,New,74,70,73,99,1317120.28,17798.922702703,14341.314864864862
2024-09-01,Electronics,Gujarat,Regular,572,546,442,782,9383859.0099999979,16405.34791958,12110.282080419582
2024-09-01,Beauty,Tamil Nadu,Regular,326,322,284,461,6401756.79,19637.290766871,13246.647883435588
2024-09-01,Grocery,Gujarat,Regular,301,292,265,417,5421098.8800000018,18010.295282392,13642.084617940198
2024-09-01,Electronics,Telangana,New,168,160,152,248,3258531.7099999995,19396.022083333,12932.899047619048
2024-09-01,Electronics,Tamil Nadu,Regular,651,626,493,899,14395853.54000001,22113.446298003,16504.990168970813
2024-09-01,Beauty,Uttar Pradesh,Regular,421,416,350,581,8714342.4300000053,20699.150665083,14536.999168646078
2024-09-01,Sports,Tamil Nadu,New,73,72,70,94,1279377.6199999999,17525.720821918,15587.007397260273
2024-09-01,Grocery,Tamil Nadu,Regular,338,329,278,465,6067966.4899999965,17952.563579882,13981.461479289945
2024-09-01,Home & Kitchen,Delhi,Regular,413,403,345,551,7532837.77,18239.316634383,13587.277675544798
2024-09-01,Beauty,Tamil Nadu,Premium,73,70,71,99,1400586.37,19186.114657534,12911.328356164386
2024-09-01,Fashion,Uttar Pradesh,Regular,740,715,535,1013,14395862.669999996,19453.868472973,14430.594324324325
2024-09-01,Fashion,Karnataka,Regular,728,699,535,1024,16596847.559999995,22797.867527473,15356.383681318683
2024-09-01,Electronics,Delhi,Regular,565,540,433,813,11279214.079999996,19963.210761062,13626.443805309736
2024-09-01,Fashion,Uttar Pradesh,Premium,170,161,159,224,3115881.7299999986,18328.716058824,14006.762882352941
2024-09-01,Electronics,Karnataka,Regular,877,847,591,1216,17041944.34999999,19432.091619156,14473.875781071834
2024-09-01,Electronics,Telangana,Premium,170,164,155,221,3003547.7,17667.927647059,14221.749058823532
2024-09-01,Fashion,Delhi,New,113,109,108,163,2547249.47,22542.030707965,14750.553008849554
2024-09-01,Grocery,Gujarat,Premium,74,73,66,97,1080193.08,14597.203783784,10298.456216216216
2024-09-01,Electronics,West Bengal,Premium,125,121,114,182,2465220.9200000004,19721.76736,13953.878640000006
2024-09-01,Beauty,Delhi,Regular,267,264,234,378,5329818.8599999994,19961.868389513,13674.214044943823
2024-09-01,Home & Kitchen,Telangana,Premium,103,101,97,134,2195150.3800000004,21312.13961165,15728.936796116503
2024-09-01,Sports,Maharashtra,Regular,409,407,327,558,7921400.57,19367.727555012,13896.376063569676
2024-09-01,Sports,Delhi,Regular,262,256,225,381,5122914.55,19553.108969466,13206.217595419848
2024-09-01,Home & Kitchen,Tamil Nadu,Regular,514,501,400,679,10623332.139999999,20667.961361868,16259.837081712069
2024-09-01,Beauty,Gujarat,Premium,47,47,47,59,830662.18999999983,17673.663617021,15389.884042553193
2024-09-01,Electronics,Maharashtra,New,220,214,199,314,4169127.69,18950.580409091,13384.102227272724
2024-09-01,Fashion,Tamil Nadu,Regular,556,535,423,779,12205712.38,21952.720107914,15888.071618705038
2024-09-01,Sports,West Bengal,New,46,45,44,72,970338.05,21094.305434783,17722.347391304349
2024-09-01,Home & Kitchen,West Bengal,Premium,73,70,68,91,882788.12999999989,12092.988082192,10188.479452054793
2024-09-01,Fashion,West Bengal,Regular,422,409,343,561,9154220.16,21692.464834123,16657.316398104267
2024-09-01,Fashion,Maharashtra,New,208,199,192,279,3520620.6700000013,16926.060913462,12822.978749999995
2024-09-01,Grocery,Maharashtra,Regular,511,500,396,700,9054870.6099999975,17719.90334638,13211.477886497063
2024-09-01,Grocery,Uttar Pradesh,Regular,411,403,332,592,7850276.44,19100.429294404,13278.804282238447
2024-10-01,Sports,Gujarat,Regular,197,196,173,258,4237255.3299999991,21508.910304569,16778.127258883243
2024-10-01,Sports,Karnataka,New,85,85,83,131,2122635.2299999995,24972.179176471,14772.549647058824
2024-10-01,Electronics,Maharashtra,New,219,207,196,312,3999000.6800000016,18260.277077626,12689.251278538812
2024-10-01,Grocery,Tamil Nadu,New,65,64,62,93,1152166.0299999998,17725.631230769,11382.90076923077
2024-10-01,Grocery,West Bengal,New,44,44,42,57,602295.18000000017,13688.526818182,8989.2588636363635
2024-10-01,Fashion,Telangana,Regular,657,627,473,880,13679647.799999995,20821.38173516,15266.031613394223
2024-10-01,Home & Kitchen,Tamil Nadu,Regular,554,540,426,758,11552556.18,20852.989494585,15812.980685920586
2024-10-01,Electronics,Maharashtra,Premium,227,218,196,321,4463574.8599999994,19663.325374449,13252.133348017624
2024-10-01,Grocery,Gujarat,New,83,82,79,119,1891100.1199999996,22784.338795181,16142.645783132533
2024-10-01,Home & Kitchen,West Bengal,Premium,74,70,70,103,2422157.13,32731.853108108,21322.377432432429
2024-10-01,Home & Kitchen,Karnataka,New,134,131,128,170,2716509.9800000004,20272.462537313,15163.116268656717
2024-10-01,Sports,Tamil Nadu,Premium,69,68,66,106,1608686.96,23314.303768116,13233.018405797102
2024-10-01,Grocery,Tamil Nadu,Regular,364,358,299,542,6501439.2899999991,17861.096950549,12572.159587912092
2024-10-01,Fashion,Tamil Nadu,Regular,595,578,448,794,11925293.66,20042.510352941,14912.118151260509
2024-10-01,Fashion,Karnataka,Regular,755,724,534,1034,15539008.290000003,20581.467933775,14291.994516556288
2024-10-01,Grocery,Maharashtra,Premium,111,109,105,148,2044142.1300000004,18415.694864865,13415.799099099098
2024-10-01,Grocery,Delhi,Premium,65,65,63,86,1318419.4100000001,20283.375538462,13972.903846153844
2024-10-01,Beauty,Tamil Nadu,Premium,72,72,70,94,1523935.5800000003,21165.771944444,15374.22958333333
2024-10-01,Grocery,Uttar Pradesh,New,101,99,97,144,1600603.9700000002,15847.564059406,12695.943762376241
2024-10-01,Electronics,Delhi,New,149,143,140,203,3247044.3200000003,21792.243758389,16059.528523489935
2024-10-01,Home & Kitchen,Karnataka,Regular,703,681,507,966,14092177.01,20045.770995733,14972.573641536272
2024-10-01,Beauty,Uttar Pradesh,New,102,101,98,138,1446842.4799999995,14184.730196078,11301.018137254901
2024-10-01,Sports,West Bengal,New,32,29,32,49,413985.15999999992,12937.03625,8460.7259375
2024-10-01,Beauty,Maharashtra,Premium,110,110,106,159,3196856.4499999997,29062.331363636,18753.998090909092
2024-10-01,Grocery,Uttar Pradesh,Premium,103,102,93,145,2060502.4800000002,20004.878446602,14638.705728155337
2024-10-01,Beauty,Gujarat,Regular,298,289,253,424,5328431.65,17880.643120805,12903.434026845642
2024-10-01,Beauty,Tamil Nadu,Regular,336,330,280,430,6661376.870000001,19825.52639881,14726.936755952374
2024-10-01,Grocery,Gujarat,Premium,57,56,55,86,1111935.9599999997,19507.648421053,13314.249824561404
2024-10-01,Beauty,Delhi,Premium,67,66,65,106,1310810.9500000002,19564.342537313,13121.291791044778
2024-10-01,Home & Kitchen,Telangana,New,90,89,86,125,1592274.4600000002,17691.938444444,12051.781333333334
2024-10-01,Electronics,Karnataka,Regular,935,891,603,1266,18617413.07,19911.67173262,14692.282684491975
2024-10-01,Sports,West Bengal,Regular,193,188,166,259,3770377.0999999996,19535.632642487,14540.032642487047
2024-10-01,Home & Kitchen,Telangana,Premium,126,121,112,170,3399827.2599999988,26982.756031746,20074.14420634921
2024-10-01,Fashion,West Bengal,Premium,78,72,75,118,1889159.41,24219.992435897,17333.982435897433
2024-10-01,Electronics,Uttar Pradesh,New,172,165,157,234,3131593.56,18206.939302326,13499.038662790694
2024-10-01,Home & Kitchen,Telangana,Regular,586,563,434,802,13324618.080000004,22738.256109215,16432.66902730376
2024-10-01,Beauty,Tamil Nadu,New,60,58,57,72,1100157.78,18335.963,15348.357666666667
2024-10-01,Beauty,Delhi,Regular,305,295,267,454,7348613.67,24093.815311475,16355.796852459007
2024-10-01,Fashion,Uttar Pradesh,Regular,783,756,544,1077,15870499.329999996,20268.836947637,15183.845427841648
2024-10-01,Fashion,Karnataka,New,154,149,139,198,2690076.92,17468.031948052,14695.565714285716
2024-10-01,Sports,Maharashtra,Regular,411,405,342,557,9165632.6599999983,22300.809391727,14738.899148418495
2024-10-01,Beauty,Uttar Pradesh,Premium,91,91,88,130,1622591.08,17830.671208791,12040.518681318683
2024-10-01,Home & Kitchen,Karnataka,Premium,155,149,144,196,2586547.05,16687.400322581,13316.7135483871
2024-10-01,Electronics,Telangana,Premium,190,182,174,250,2971549.2100000004,15639.732684211,12335.267105263159
2024-10-01,Fashion,West Bengal,Regular,445,432,353,610,7904780.9299999988,17763.552651685,13339.574741573035
2024-10-01,Electronics,Delhi,Premium,133,126,118,177,2409066.1999999997,18113.279699248,13177.993684210525
2024-10-01,Sports,Tamil Nadu,New,60,59,58,83,1664814.61,27746.910166667,21412.5085
2024-10-01,Sports,Uttar Pradesh,Regular,375,370,309,515,9536721.8000000045,25431.258133333,19096.920026666663
2024-10-01,Home & Kitchen,West Bengal,Regular,380,369,321,522,7828016.1500000013,20600.0425,14614.331605263158
2024-10-01,Beauty,Delhi,New,69,68,67,107,1955509.0499999998,28340.710869565,17907.853623188406
2024-10-01,Grocery,Karnataka,Premium,103,100,99,137,1920806.54,18648.607184466,12585.721262135921
2024-10-01,Electronics,Gujarat,New,141,133,133,185,2430285.6000000006,17236.068085106,13730.70815602837
2024-10-01,Sports,Gujarat,Premium,67,67,66,91,2117225.5200000005,31600.380895522,19841.684179104472
2024-10-01,Fashion,Delhi,New,116,113,109,163,2605290.38,22459.399827586,16809.865517241378
2024-10-01,Electronics,Gujarat,Regular,564,549,429,795,12383572.969999993,21956.689663121,15062.625319148936
2024-10-01,Grocery,Delhi,New,70,67,69,99,1113232.8699999999,15903.326714286,12575.099285714285
2024-10-01,Fashion,Maharashtra,New,194,190,174,261,4447927.0499999989,22927.459020619,14837.844896907216
2024-10-01,Home & Kitchen,Gujarat,New,96,94,92,149,1886689.01,19653.010520833,12024.135833333332
2024-10-01,Grocery,Telangana,Regular,441,431,360,599,8355562.1000000006,18946.852834467,13698.491201814055
2024-10-01,Electronics,Tamil Nadu,Regular,760,730,526,1022,14333014.65,18859.229802632,14208.774907894747
2024-10-01,Electronics,Gujarat,Premium,143,134,133,200,3552046.4899999998,24839.485944056,16373.881678321679
2024-10-01,Sports,Telangana,New,48,47,46,65,1189755.9100000001,24786.581458333,20012.241250000006
2024-10-01,Sports,Gujarat,New,53,52,52,73,1096306.61,20685.030377358,14823.730188679245
2024-10-01,Grocery,Tamil Nadu,Premium,91,87,88,126,1981272.08,21772.220659341,16351.334285714278
2024-10-01,Beauty,Gujarat,New,66,64,63,93,1438962.1599999997,21802.456969697,17294.093636363639
2024-10-01,Sports,Tamil Nadu,Regular,298,295,257,399,5553614.2400000012,18636.289395973,14073.155503355703
2024-10-01,Electronics,West Bengal,Premium,94,87,89,126,1810215.8599999999,19257.615531915,16361.139787234042
2024-10-01,Sports,Maharashtra,New,84,82,80,121,1276186.3099999998,15192.694166667,12105.080952380953
2024-10-01,Home & Kitchen,Tamil Nadu,Premium,98,97,94,139,2384712.0400000005,24333.796326531,16887.439285714285
2024-10-01,Beauty,Telangana,Premium,84,83,82,105,1321649.65,15733.924404762,13111.81369047619
2024-10-01,Fashion,Gujarat,New,116,108,109,149,1423755.62,12273.755344828,10191.037241379308
2024-10-01,Sports,Maharashtra,Premium,87,87,83,119,1737024.2999999998,19965.796551724,13544.404022988507
2024-10-01,Home & Kitchen,Maharashtra,New,136,136,129,182,2413158.1799999997,17743.810147059,13784.381029411767
2024-10-01,Home & Kitchen,Gujarat,Premium,99,93,96,131,1895421.2000000002,19145.668686869,13335.126262626261
2024-10-01,Grocery,Karnataka,Regular,425,412,350,543,7467126.8899999969,17569.710329412,14005.430423529409
2024-10-01,Electronics,Karnataka,Premium,171,163,163,234,2650190.51,15498.190116959,13021.787076023395
2024-10-01,Beauty,Karnataka,Regular,425,414,349,590,9761336.4800000023,22967.850541176,16026.834164705877
2024-10-01,Fashion,Tamil Nadu,New,131,124,129,181,2565394.5100000002,19583.164198473,14323.672671755727
2024-10-01,Fashion,Uttar Pradesh,Premium,160,148,150,223,4714940.82,29468.380125,19584.32775
2024-10-01,Home & Kitchen,Uttar Pradesh,Regular,674,645,504,895,12254410.42,18181.617833828,13710.125504451042
2024-10-01,Beauty,West Bengal,New,43,40,42,61,632904.92,14718.719069767,10709.092790697676
2024-10-01,Electronics,Telangana,Regular,802,773,548,1127,17248025.400000006,21506.266084788,14688.244937655858
2024-10-01,Beauty,West Bengal,Premium,52,50,51,71,1197559.08,23029.982307692,18518.730384615385
2024-10-01,Electronics,Tamil Nadu,Premium,165,160,154,210,3188428.4200000004,19323.808606061,14603.691636363637
2024-10-01,Electronics,Maharashtra,Regular,954,917,602,1288,19230628.030000009,20157.891016771,15083.465870020969
2024-10-01,Beauty,Maharashtra,New,90,88,85,117,1407192.62,15635.473555556,13306.646111111109
2024-10-01,Grocery,West Bengal,Premium,42,42,42,65,588590.42999999993,14014.057857143,9738.84880952381
2024-10-01,Grocery,Gujarat,Regular,273,269,240,365,5234264.59,19173.1303663,13859.473040293042
2024-10-01,Grocery,Telangana,Premium,82,81,79,115,1478033.44,18024.79804878,13852.743780487805
2024-10-01,Fashion,Telangana,Premium,136,129,120,190,3450843.3699999996,25373.848308824,15972.602720588236
2024-10-01,Beauty,Telangana,New,65,65,63,88,1155104.22,17770.834153846,12445.818615384616
2024-10-01,Fashion,Karnataka,Premium,177,173,162,239,2668763.01,15077.757118644,10426.021920903955
2024-10-01,Fashion,Maharashtra,Regular,877,849,578,1196,18716095.789999992,21341.044230331,15493.63060433295
2024-10-01,Home & Kitchen,Tamil Nadu,New,106,101,103,152,1911873.7600000002,18036.54490566,13689.237358490569
2024-10-01,Electronics,West Bengal,Regular,477,454,377,693,11412902.680000003,23926.420712788,15769.310209643605
2024-10-01,Beauty,Karnataka,Premium,94,94,88,142,2106601.0400000005,22410.649361702,13364.373085106385
2024-10-01,Sports,West Bengal,Premium,51,50,48,65,1062289.5999999999,20829.207843137,15722.039999999999
2024-10-01,Beauty,Gujarat,Premium,63,61,62,79,1271368.3599999999,20180.45015873,17863.6573015873
2024-10-01,Grocery,Telangana,New,81,80,79,114,1811356.8199999998,22362.429876543,15885.980123456789
2024-10-01,Fashion,Delhi,Regular,498,475,400,716,11083652.679999996,22256.330682731,15526.943775100395
2024-10-01,Home & Kitchen,Uttar Pradesh,Premium,153,149,143,206,3885265.8500000006,25393.894444444,17285.244248366012
2024-10-01,Home & Kitchen,Maharashtra,Premium,168,166,153,243,3019955.5300000003,17975.92577381,11352.396845238098
2024-10-01,Beauty,Uttar Pradesh,Regular,446,438,351,626,11859316.069999998,26590.394775785,17631.072331838557
2024-10-01,Grocery,Maharashtra,New,103,101,98,144,1877409.5999999999,18227.277669903,14011.083495145633
2024-10-01,Sports,Telangana,Regular,305,299,259,412,6139524.1800000016,20129.58747541,14713.712229508194
2024-10-01,Home & Kitchen,West Bengal,New,85,80,83,110,1949910.6400000001,22940.125176471,18220.6414117647
2024-10-01,Electronics,Delhi,Regular,609,582,461,842,11056143.950000001,18154.587766831,13656.539441707722
2024-10-01,Sports,Uttar Pradesh,New,66,65,62,88,1639285.28,24837.655757576,18078.926969696971
2024-10-01,Home & Kitchen,Delhi,Regular,483,465,373,672,9612325.5900000017,19901.295217391,14704.007453416147
2024-10-01,Electronics,West Bengal,New,91,85,87,125,1434870.7000000004,15767.80989011,11160.288021978018
2024-10-01,Beauty,Telangana,Regular,370,357,310,499,6031462.76,16301.250702703,11875.155513513513
2024-10-01,Grocery,Uttar Pradesh,Regular,452,439,365,619,9510212.9300000016,21040.29409292,14671.841725663719
2024-10-01,Grocery,Karnataka,New,91,89,89,113,1449115.94,15924.350989011,13282.330109890112
2024-10-01,Electronics,Uttar Pradesh,Regular,864,823,575,1225,18465002.180000015,21371.530300926,14635.584247685176
2024-10-01,Grocery,Delhi,Regular,274,263,237,413,6912715.9999999991,25228.890510949,15670.5252189781
2024-10-01,Beauty,Maharashtra,Regular,501,490,400,695,9420978.7299999986,18804.348762475,14363.212714570864
2024-10-01,Fashion,Gujarat,Regular,470,461,372,647,9859738.86,20978.167787234,15753.752957446812
2024-10-01,Home & Kitchen,Maharashtra,Regular,759,726,545,1045,15795520.969999999,20810.963069829,15155.534492753624
2024-10-01,Sports,Delhi,New,55,55,55,86,681352.42,12388.225818182,10287.503999999999
2024-10-01,Grocery,West Bengal,Regular,251,246,214,329,4488186.6499999985,17881.221713147,14445.563665338648
2024-10-01,Fashion,Maharashtra,Premium,176,169,162,229,3317012.5100000002,18846.661988636,14889.013352272728
2024-10-01,Sports,Delhi,Premium,55,55,55,81,1051606.0999999999,19120.110909091,13444.535272727273
2024-10-01,Home & Kitchen,Gujarat,Regular,426,417,355,596,8170322.32,19179.160375587,14115.623708920184
2024-10-01,Electronics,Karnataka,New,194,189,178,273,4418362.05,22775.062113402,15687.177371134016
2024-10-01,Home & Kitchen,Delhi,New,118,115,116,161,2735105.7600000012,23178.862372881,16981.087796610169
2024-10-01,Sports,Karnataka,Regular,372,366,310,526,8849196.2599999961,23788.161989247,17077.92016129032
2024-10-01,Sports,Uttar Pradesh,Premium,76,76,73,102,984256.20000000007,12950.739473684,9816.3831578947356
2024-10-01,Sports,Delhi,Regular,277,271,236,386,5888755.0299999984,21259.043429603,15349.352093862812
2024-10-01,Fashion,Uttar Pradesh,New,147,143,134,210,3115426.57,21193.378027211,14058.404761904763
2024-10-01,Fashion,Delhi,Premium,126,121,118,199,3537958.21,28079.033412698,18225.859523809533
2024-10-01,Fashion,Tamil Nadu,Premium,125,118,117,164,2574254.2800000003,20594.03424,17366.709919999994
2024-10-01,Beauty,Karnataka,New,85,82,83,110,1781777.8499999999,20962.092352941,14564.710470588234
2024-10-01,Sports,Telangana,Premium,77,74,76,104,1056447.88,13720.102337662,11606.686753246755
2024-10-01,Fashion,Telangana,New,151,145,137,212,2932964.03,19423.602847682,13290.706490066224
2024-10-01,Electronics,Tamil Nadu,New,125,118,121,174,2574976.1300000004,20599.80904,15289.48864
2024-10-01,Electronics,Telangana,New,149,144,139,209,2220057.6100000003,14899.715503356,12256.131543624162
2024-10-01,Grocery,Maharashtra,Regular,518,509,397,725,8710018.8999999966,16814.708301158,12666.493262548262
2024-10-01,Fashion,Gujarat,Premium,103,100,95,144,2477991.9700000007,24058.174466019,16158.849611650485
2024-10-01,Home & Kitchen,Delhi,Premium,90,89,87,129,1692338.48,18803.760888889,12320.803666666669
2024-10-01,Fashion,West Bengal,New,88,83,83,124,2411773.9299999997,27406.521931818,19503.634318181816
2024-10-01,Sports,Karnataka,Premium,86,84,84,119,1720624.0,20007.255813953,16895.861395348835
2024-10-01,Beauty,West Bengal,Regular,217,209,195,297,5186659.13,23901.654976959,17872.222534562214
2024-10-01,Home & Kitchen,Uttar Pradesh,New,147,140,141,212,3647594.01,24813.564693878,16445.196734693876
2024-10-01,Electronics,Uttar Pradesh,Premium,186,178,169,241,2170505.4900000007,11669.384354839,9169.2305376344084
2024-11-01,Electronics,Delhi,New,118,115,107,162,2338303.97,19816.135338983,13791.885762711863
2024-11-01,Sports,West Bengal,Regular,184,180,175,257,4024665.0499999989,21873.179619565,16845.972119565216
2024-11-01,Fashion,Delhi,Premium,124,117,114,173,2439348.71,19672.167016129,13985.38822580645
2024-11-01,Fashion,Tamil Nadu,New,132,125,123,177,3294364.3100000005,24957.305378788,15781.386287878786
2024-11-01,Sports,Karnataka,Regular,336,331,283,471,6106780.28,18174.941309524,14046.865089285717
2024-11-01,Home & Kitchen,Delhi,Premium,87,85,86,129,1533038.6099999999,17621.133448276,12828.011609195402
2024-11-01,Electronics,Karnataka,Premium,206,197,181,277,4769409.2800000012,23152.47223301,17242.275776699025
2024-11-01,Beauty,Telangana,Premium,76,75,76,105,1926599.4799999995,25349.993157895,18435.379868421056
2024-11-01,Fashion,West Bengal,New,87,83,85,121,1543674.4900000002,17743.384942529,12238.256206896551
2024-11-01,Electronics,Telangana,New,147,141,133,213,3561810.6700000009,24230.004557823,16911.360612244891
2024-11-01,Beauty,Telangana,Regular,347,342,294,490,7785038.4499999974,22435.269308357,15920.558731988473
2024-11-01,Beauty,Maharashtra,New,99,98,97,145,2169397.82,21913.109292929,14631.189797979798
2024-11-01,Electronics,Tamil Nadu,New,135,123,128,202,2838308.2900000005,21024.505851852,14164.38785185185
2024-11-01,Electronics,Uttar Pradesh,Premium,188,180,171,254,4044805.7099999986,21514.923989362,15967.95452127659
2024-11-01,Home & Kitchen,Maharashtra,Regular,722,704,511,963,15454523.250000004,21405.156855956,16228.437742382264
2024-11-01,Fashion,Tamil Nadu,Premium,125,122,118,163,2298657.15,18389.2572,14889.161279999997
2024-11-01,Sports,Karnataka,Premium,85,84,81,122,1689438.9600000004,19875.752470588,12089.572941176471
2024-11-01,Fashion,Uttar Pradesh,Premium,142,137,132,184,2874234.1,20241.085211268,15194.276478873235
2024-11-01,Sports,Gujarat,Regular,255,250,229,351,4820786.9500000011,18905.046862745,14115.141725490197
2024-11-01,Grocery,Gujarat,Premium,62,62,61,85,1552766.1300000004,25044.615,16853.240322580645
2024-11-01,Fashion,Delhi,New,127,117,117,177,3119819.8899999992,24565.510944882,18763.961338582678
2024-11-01,Sports,Uttar Pradesh,New,75,75,69,102,1409282.0200000003,18790.426933333,15572.156
2024-11-01,Fashion,Delhi,Regular,480,458,385,649,9212030.19,19191.7295625,14689.570062500006
2024-11-01,Home & Kitchen,Uttar Pradesh,Regular,627,609,460,876,12846105.549999999,20488.20661882,14290.277320574165
2024-11-01,Grocery,Uttar Pradesh,New,77,77,76,108,1692519.3,21980.77012987,15285.106233766235
2024-11-01,Beauty,West Bengal,New,50,50,50,65,1004215.82,20084.3164,15862.8238
2024-11-01,Home & Kitchen,Uttar Pradesh,New,149,144,138,214,2973981.2300000014,19959.60557047,14833.364496644297
2024-11-01,Home & Kitchen,Gujarat,Premium,108,106,103,154,2321487.51,21495.254722222,14454.695
2024-11-01,Fashion,Telangana,New,144,139,132,195,3051677.1300000004,21192.202291667,14092.154375000002
2024-11-01,Grocery,Gujarat,Regular,265,263,236,369,4805588.23,18134.295207547,14690.208528301888
2024-11-01,Beauty,West Bengal,Regular,237,229,212,320,4724710.3199999984,19935.486582278,15107.085527426161
2024-11-01,Sports,Uttar Pradesh,Premium,70,69,67,97,1569304.26,22418.632285714,15400.935428571431
2024-11-01,Fashion,Maharashtra,New,188,176,174,265,4110506.0300000021,21864.393776596,13956.05526595745
2024-11-01,Fashion,Gujarat,Premium,112,109,107,164,2751756.8000000003,24569.257142857,16099.257500000003
2024-11-01,Beauty,Gujarat,New,51,49,50,69,954110.25000000023,18708.044117647,14600.968039215684
2024-11-01,Home & Kitchen,West Bengal,New,84,82,79,107,1609448.5299999998,19160.101547619,16254.642499999994
2024-11-01,Grocery,Delhi,Premium,75,73,71,103,1226956.45,16359.419333333,11866.607466666668
2024-11-01,Grocery,Karnataka,Premium,91,90,86,121,1622973.14,17834.86967033,12765.055714285711
2024-11-01,Sports,Delhi,Premium,56,55,54,82,1624798.8,29014.264285714,20003.314285714288
2024-11-01,Electronics,Uttar Pradesh,Regular,864,828,576,1202,19379902.54,22430.44275463,15978.673078703714
2024-11-01,Beauty,Telangana,New,70,68,69,106,1885099.5099999998,26929.993,15851.641857142855
2024-11-01,Fashion,Maharashtra,Regular,815,790,548,1144,17045441.259999983,20914.651852761,14554.734049079754
2024-11-01,Fashion,Uttar Pradesh,New,150,143,143,208,3168926.1,21126.174,17399.249066666664
2024-11-01,Beauty,Uttar Pradesh,New,83,80,82,104,1911051.87,23024.721325301,18727.958915662653
2024-11-01,Grocery,West Bengal,New,48,47,48,71,1285757.28,26786.61,18142.888333333336
2024-11-01,Electronics,Gujarat,Premium,114,111,105,156,1711848.9500000004,15016.218859649,12291.085087719299
2024-11-01,Beauty,Karnataka,Regular,413,409,343,578,8334180.2799999975,20179.613268765,14833.655278450367
2024-11-01,Fashion,Gujarat,Regular,500,489,402,673,8878526.839999998,17757.05368,12646.377960000003
2024-11-01,Grocery,Karnataka,Regular,415,407,343,549,8326364.2400000021,20063.528289157,15642.002939759041
2024-11-01,Beauty,Gujarat,Regular,233,225,211,336,5217584.0399999991,22393.064549356,15426.024377682406
2024-11-01,Home & Kitchen,Tamil Nadu,Premium,107,106,102,155,1662378.1799999997,15536.244672897,11502.724953271027
2024-11-01,Grocery,West Bengal,Premium,50,50,50,66,899193.52,17983.8704,15918.8154
2024-11-01,Grocery,Telangana,Regular,393,381,324,549,7273626.1599999974,18507.954605598,12700.468142493643
2024-11-01,Grocery,Maharashtra,Regular,493,481,384,686,9122463.46,18503.982677485,13610.2690060852
2024-11-01,Home & Kitchen,Tamil Nadu,New,102,98,99,142,2707729.0,26546.362745098,19910.648235294117
2024-11-01,Electronics,Karnataka,New,176,170,158,250,4317110.2600000007,24529.035568182,15917.388409090907
2024-11-01,Electronics,Tamil Nadu,Premium,166,161,152,219,3188983.11,19210.741626506,13999.313554216862
2024-11-01,Grocery,Telangana,Premium,66,65,64,86,1084705.2,16434.927272727,10436.394696969697
2024-11-01,Beauty,Delhi,New,57,56,54,73,1011606.1799999999,17747.476842105,16894.841228070178
2024-11-01,Beauty,Maharashtra,Premium,103,101,103,137,2163766.17,21007.438543689,15306.36524271845
2024-11-01,Grocery,Telangana,New,81,80,76,116,1582271.8199999998,19534.22,13037.235308641973
2024-11-01,Sports,Tamil Nadu,Regular,245,239,221,350,4541983.3699999973,18538.707632653,14311.754816326531
2024-11-01,Home & Kitchen,Delhi,New,100,96,95,129,1523903.3800000001,15239.0338,12473.4162
2024-11-01,Sports,Karnataka,New,80,80,77,111,1947595.64,24344.9455,16003.34575
2024-11-01,Home & Kitchen,Maharashtra,Premium,161,155,149,220,2401251.6899999995,14914.606770186,11178.242546583851
2024-11-01,Fashion,Karnataka,Premium,165,161,150,233,3346208.18,20280.049575758,13452.563818181816
2024-11-01,Grocery,West Bengal,Regular,223,221,195,290,4165053.9299999988,18677.371883408,16262.461748878926
2024-11-01,Sports,Delhi,Regular,230,226,211,329,4729311.55,20562.224130435,14318.400608695645
2024-11-01,Home & Kitchen,West Bengal,Regular,352,339,301,496,7447718.4000000032,21158.290909091,14357.0009375
2024-11-01,Fashion,West Bengal,Premium,94,93,91,124,2068954.1299999997,22010.150319149,16932.620319148937
2024-11-01,Sports,Gujarat,New,45,44,42,62,571017.19000000006,12689.270888889,11223.096444444447
2024-11-01,Grocery,Delhi,Regular,271,266,235,388,4985658.7999999989,18397.264944649,13433.552066420667
2024-11-01,Home & Kitchen,Gujarat,New,124,122,115,163,2995931.0200000005,24160.734032258,17371.693790322577
2024-11-01,Sports,Telangana,New,50,50,48,63,1257817.0700000003,25156.3414,18007.600000000002
2024-11-01,Home & Kitchen,Gujarat,Regular,436,428,351,612,8583065.6299999971,19685.930344037,14444.375435779817
2024-11-01,Electronics,Maharashtra,Regular,1011,964,619,1352,21520677.130000003,21286.525351137,15127.881819980221
2024-11-01,Beauty,Maharashtra,Regular,450,442,352,631,10661282.920000004,23691.739822222,16292.668733333334
2024-11-01,Sports,West Bengal,New,37,37,37,51,992466.10999999987,26823.408378378,21424.564054054055
2024-11-01,Beauty,Uttar Pradesh,Regular,433,421,352,609,9581938.7900000028,22129.188891455,15946.686905311775
2024-11-01,Electronics,Uttar Pradesh,New,202,190,181,284,4486463.6499999994,22210.216089109,15003.065693069304
2024-11-01,Electronics,West Bengal,New,96,93,86,142,2083772.5400000005,21705.963958333,15227.150833333337
2024-11-01,Beauty,Karnataka,Premium,98,96,92,148,2390318.15,24391.001530612,18063.151734693874
2024-11-01,Fashion,Telangana,Premium,128,126,121,167,3076827.2100000004,24037.712578125,19439.658046875007
2024-11-01,Electronics,West Bengal,Regular,467,453,367,668,10267965.859999998,21987.078929336,15178.262055674521
2024-11-01,Sports,Maharashtra,New,83,82,80,119,1950379.49,23498.548072289,16193.051686746987
2024-11-01,Grocery,Maharashtra,New,108,103,102,148,1988722.26,18414.095,14325.476481481484
2024-11-01,Home & Kitchen,Maharashtra,New,154,154,141,193,2811354.2299999995,18255.546948052,14773.618506493503
2024-11-01,Grocery,Karnataka,New,99,94,95,141,1898296.3500000003,19174.710606061,14184.631010101011
2024-11-01,Grocery,Tamil Nadu,Premium,81,79,76,95,1044651.1099999999,12896.927283951,10220.371975308641
2024-11-01,Home & Kitchen,Uttar Pradesh,Premium,127,124,121,170,2808585.58,22114.847086614,16092.77779527559
2024-11-01,Beauty,Gujarat,Premium,46,45,45,56,683902.28,14867.440869565,10492.434130434782
2024-11-01,Home & Kitchen,Telangana,Regular,561,544,441,780,11845280.410000004,21114.581836007,14787.586559714797
2024-11-01,Sports,Maharashtra,Premium,81,81,78,105,1363246.69,16830.206049383,12131.840864197529
2024-11-01,Fashion,Maharashtra,Premium,196,186,183,278,3818887.4499999988,19484.119642857,14424.145357142861
2024-11-01,Beauty,Tamil Nadu,New,57,57,56,78,1282302.8499999996,22496.54122807,15634.896140350875
2024-11-01,Sports,Telangana,Regular,284,279,248,388,6563851.7300000032,23112.153978873,16460.964154929574
2024-11-01,Electronics,Telangana,Regular,772,730,527,1064,15956313.990000011,20668.800505181,14619.007720207255
2024-11-01,Home & Kitchen,Karnataka,Regular,638,619,464,891,13692700.059999999,21461.912319749,15397.27067398118
2024-11-01,Beauty,Tamil Nadu,Premium,76,76,75,114,1666839.4499999997,21932.098026316,14822.680789473685
2024-11-01,Beauty,Tamil Nadu,Regular,320,316,282,441,6545138.2599999988,20453.5570625,14645.60365625
2024-11-01,Fashion,Gujarat,New,118,113,111,160,2671102.879999999,22636.465084746,14911.8156779661
2024-11-01,Electronics,West Bengal,Premium,102,97,99,128,1523567.7600000005,14936.938823529,12629.611176470587
2024-11-01,Beauty,Delhi,Regular,256,252,224,347,5273113.7700000023,20598.100664063,14731.450507812498
2024-11-01,Electronics,Telangana,Premium,180,172,164,260,3853279.1999999997,21407.106666667,13848.400555555556
2024-11-01,Fashion,Karnataka,New,153,146,142,224,3400540.6099999994,22225.755620915,12228.748169934639
2024-11-01,Home & Kitchen,Telangana,Premium,122,114,116,166,2634314.68,21592.743278689,15408.09008196721
2024-11-01,Electronics,Gujarat,Regular,594,574,461,844,12230434.509999998,20589.957087542,13419.750959595956
2024-11-01,Sports,Tamil Nadu,New,58,56,56,89,2162027.75,37276.340517241,22897.14017241379
2024-11-01,Grocery,Gujarat,New,67,65,65,89,939402.77000000014,14020.936865672,11245.329999999998
2024-11-01,Fashion,West Bengal,Regular,435,428,354,602,9418731.2600000016,21652.255770115,15635.816942528732
2024-11-01,Grocery,Maharashtra,Premium,78,77,75,104,1548526.55,19852.904487179,15190.320256410254
2024-11-01,Grocery,Uttar Pradesh,Premium,92,91,88,127,1494843.5599999998,16248.299565217,11054.57152173913
2024-11-01,Sports,Uttar Pradesh,Regular,372,369,311,511,7577951.1600000029,20370.836451613,13913.432096774195
2024-11-01,Home & Kitchen,Delhi,Regular,414,402,342,583,9876472.1,23856.212801932,16666.133115942022
2024-11-01,Electronics,Tamil Nadu,Regular,722,692,522,1002,14980166.250000006,20748.152700831,15040.181495844881
2024-11-01,Beauty,Karnataka,New,75,72,72,109,1964075.1499999997,26187.668666667,17582.161466666672
2024-11-01,Home & Kitchen,Karnataka,New,117,115,110,168,2234327.5100000002,19096.816324786,13366.88982905983
2024-11-01,Sports,Delhi,New,49,49,48,62,810547.35999999987,16541.782857143,9743.07918367347
2024-11-01,Electronics,Gujarat,New,135,132,129,188,3427305.7699999996,25387.450148148,17601.789555555559
2024-11-01,Sports,Maharashtra,Regular,410,405,334,544,6867269.3100000024,16749.437341463,13508.95763414634
2024-11-01,Grocery,Delhi,New,65,65,61,82,993116.55,15278.716153846,14028.043846153847
2024-11-01,Beauty,Uttar Pradesh,Premium,104,102,101,154,2256626.9199999995,21698.335769231,15729.80125
2024-11-01,Electronics,Maharashtra,New,211,204,191,282,4045786.0999999996,19174.341706161,14320.848246445496
2024-11-01,Fashion,Karnataka,Regular,717,691,518,1002,15475870.539999997,21584.198800558,14851.047852161786
2024-11-01,Fashion,Tamil Nadu,Regular,631,609,468,874,12439560.319999993,19714.041711569,13883.665562599057
2024-11-01,Sports,West Bengal,Premium,34,34,34,45,704714.74999999988,20726.904411765,16177.963235294119
2024-11-01,Sports,Tamil Nadu,Premium,61,59,61,78,1082604.74,17747.618688525,13981.754426229507
2024-11-01,Home & Kitchen,Telangana,New,107,102,100,143,2504997.47,23411.191308411,17312.846355140184
2024-11-01,Beauty,West Bengal,Premium,61,60,58,89,1332123.2900000003,21838.086721311,14631.1468852459
2024-11-01,Home & Kitchen,Karnataka,Premium,133,129,126,194,2775809.3800000013,20870.747218045,16265.54285714286
2024-11-01,Fashion,Uttar Pradesh,Regular,751,727,513,1034,15649325.209999993,20837.982969374,14703.026817576561
2024-11-01,Electronics,Maharashtra,Premium,213,203,193,293,4204969.290000001,19741.639859155,14350.192816901408
2024-11-01,Home & Kitchen,West Bengal,Premium,75,74,73,100,1645045.81,21933.944133333,16219.584399999998
2024-11-01,Home & Kitchen,Tamil Nadu,Regular,541,527,426,751,11821091.400000013,21850.446210721,15698.553327171898
2024-11-01,Electronics,Karnataka,Regular,842,812,584,1189,16196294.600000003,19235.504275534,13793.235023752979
2024-11-01,Beauty,Delhi,Premium,52,51,49,72,740532.42999999993,14241.008269231,10374.933076923076
2024-11-01,Fashion,Telangana,Regular,659,643,486,873,13242768.159999996,20095.247587253,14773.498664643397
2024-11-01,Electronics,Delhi,Premium,136,129,130,184,2398119.1300000004,17633.228897059,13595.828897058822
2024-11-01,Grocery,Tamil Nadu,Regular,365,355,309,509,6399438.5899999989,17532.708465753,12550.213178082191
2024-11-01,Grocery,Uttar Pradesh,Regular,404,398,341,559,8539441.14,21137.230544554,14890.507029702967
2024-11-01,Sports,Gujarat,Premium,47,46,46,68,657035.11,13979.470425532,12506.128936170211
2024-11-01,Electronics,Delhi,Regular,538,519,413,762,12172133.799999997,22624.78401487,17350.652936802977
2024-11-01,Grocery,Tamil Nadu,New,68,67,68,96,1100943.0000000002,16190.338235294,10453.552205882354
2024-11-01,Sports,Telangana,Premium,55,54,54,70,1111621.4799999997,20211.299636364,16131.929636363637
2024-12-01,Grocery,Tamil Nadu,Regular,382,374,312,521,6656202.2,17424.613089005,12964.308324607329
2024-12-01,Electronics,Maharashtra,Regular,1051,1005,658,1446,21056721.569999989,20034.939647954,14801.288620361558
2024-12-01,Grocery,Maharashtra,Regular,512,502,400,697,9746114.0499999989,19035.379003906,13717.873164062492
2024-12-01,Home & Kitchen,Telangana,New,110,106,104,147,2042943.7900000005,18572.216272727,15896.717636363637
2024-12-01,Fashion,Karnataka,Regular,771,743,537,1071,17933587.020000011,23260.164747082,15965.197691309997
2024-12-01,Grocery,Delhi,New,64,62,62,82,877012.75999999989,13703.324375,9600.71359375
2024-12-01,Home & Kitchen,Karnataka,Premium,146,144,138,195,2438666.28,16703.19369863,12213.930547945205
2024-12-01,Electronics,Uttar Pradesh,Premium,210,203,183,296,4510052.85,21476.442142857,14706.606285714288
2024-12-01,Electronics,Maharashtra,New,221,212,194,309,4713828.08,21329.538823529,15844.386561085967
2024-12-01,Home & Kitchen,Gujarat,Premium,85,81,81,116,2080930.4299999997,24481.534470588,15663.851764705882
2024-12-01,Grocery,Uttar Pradesh,Regular,414,409,353,571,7913137.7299999986,19113.859251208,14060.544541062798
2024-12-01,Fashion,Telangana,Regular,649,619,472,859,13117454.639999999,20211.794514638,15360.311063174113
2024-12-01,Sports,West Bengal,Premium,45,43,43,66,683644.63000000012,15192.102888889,13337.282888888891
2024-12-01,Electronics,Gujarat,New,129,125,124,170,2743891.8,21270.479069767,16009.493100775193
2024-12-01,Grocery,Tamil Nadu,New,72,72,70,101,1361503.69,18909.773472222,15702.904444444443
2024-12-01,Sports,Delhi,Premium,52,51,52,70,884417.35000000009,17008.025961538,13221.899999999998
2024-12-01,Home & Kitchen,Tamil Nadu,Regular,581,566,431,797,12086588.479999997,20803.07827883,14902.024561101551
2024-12-01,Home & Kitchen,West Bengal,New,64,62,62,90,1038276.9299999999,16223.07703125,12621.10296875
2024-12-01,Home & Kitchen,Karnataka,New,134,129,128,194,3244450.3000000007,24212.315671642,16218.906194029845
2024-12-01,Grocery,Uttar Pradesh,New,95,95,91,126,2455825.13,25850.790842105,18146.354526315787
2024-12-01,Grocery,Delhi,Regular,312,307,270,418,5805038.6800000006,18605.893205128,13884.328782051285
2024-12-01,Fashion,Gujarat,Premium,87,86,82,122,2111472.32,24269.796781609,16533.730574712645
2024-12-01,Fashion,Karnataka,New,148,146,134,195,3337855.8999999994,22553.080405405,16050.571621621621
2024-12-01,Electronics,Gujarat,Premium,122,117,115,168,2398997.54,19663.914262295,13397.678196721312
2024-12-01,Grocery,West Bengal,New,44,43,42,67,1047200.25,23800.005681818,15763.973636363638
2024-12-01,Grocery,Maharashtra,Premium,112,110,103,159,1630369.26,14556.868392857,10774.493749999998
2024-12-01,Sports,Gujarat,Premium,56,55,55,84,1377094.38,24590.971071429,14440.18125
2024-12-01,Electronics,Telangana,New,175,166,154,230,3905512.9800000009,22317.217028571,16103.104399999998
2024-12-01,Grocery,Telangana,Premium,95,94,91,134,1889563.25,19890.139473684,14647.17726315789
2024-12-01,Electronics,Karnataka,Regular,899,854,591,1207,18228656.390000004,20276.592202447,14830.874627363744
2024-12-01,Beauty,Uttar Pradesh,Regular,418,413,332,573,8372556.1400000034,20030.03861244,14208.202224880386
2024-12-01,Electronics,West Bengal,New,118,113,114,164,2400133.0600000005,20340.110677966,15977.758474576272
2024-12-01,Fashion,Gujarat,New,134,126,133,175,2197333.2900000005,16398.009626866,12743.422164179101
2024-12-01,Beauty,Uttar Pradesh,New,92,90,90,126,2789657.6800000006,30322.366086957,21434.90891304348
2024-12-01,Fashion,Tamil Nadu,Regular,651,619,486,925,14899885.889999999,22887.689539171,15584.17144393241
2024-12-01,Beauty,Gujarat,Regular,284,282,259,384,5489853.870000001,19330.471373239,14158.176126760567
2024-12-01,Fashion,Telangana,Premium,116,112,111,159,2886329.94,24882.154655172,17857.907413793102
2024-12-01,Fashion,West Bengal,Regular,430,414,355,602,9482758.7700000014,22052.927372093,15553.142813953486
2024-12-01,Grocery,Telangana,New,90,87,86,123,1927741.0199999998,21419.344666667,12565.814222222221
2024-12-01,Home & Kitchen,Telangana,Regular,575,558,451,810,9793388.5,17031.98,12180.588626086965
2024-12-01,Sports,Maharashtra,New,74,72,69,92,1116437.4999999995,15086.993243243,13804.118648648649
2024-12-01,Electronics,Gujarat,Regular,634,599,472,888,13917876.770000011,21952.487018927,15639.547271293373
2024-12-01,Home & Kitchen,Karnataka,Regular,683,661,503,933,12388796.519999996,18138.79431918,13293.960439238646
2024-12-01,Fashion,Uttar Pradesh,Regular,789,760,543,1093,18168751.08,23027.567908745,16394.061191381494
2024-12-01,Sports,Tamil Nadu,New,59,59,55,84,1510285.2499999998,25598.055084746,16001.072203389831
2024-12-01,Sports,Maharashtra,Premium,77,77,75,96,1441381.48,18719.24,15274.912987012993
2024-12-01,Fashion,Uttar Pradesh,New,163,160,149,242,3466996.0300000003,21269.914294479,14895.681411042942
2024-12-01,Beauty,Tamil Nadu,Regular,334,330,289,461,7071725.95,21172.832185629,14812.892485029946
2024-12-01,Electronics,Delhi,Premium,106,101,98,142,1898647.3900000001,17911.767830189,13562.10575471698
2024-12-01,Grocery,Gujarat,New,58,58,55,86,1501140.4100000001,25881.731206897,18834.46448275862
2024-12-01,Home & Kitchen,Uttar Pradesh,Premium,171,158,151,250,4560840.7000000011,26671.583040936,18853.560526315792
2024-12-01,Fashion,Delhi,New,116,113,111,147,1892093.84,16311.153793103,14092.038103448276
2024-12-01,Electronics,West Bengal,Premium,103,99,100,143,2428992.06,23582.447184466,18224.133300970876
2024-12-01,Fashion,Delhi,Regular,525,512,406,709,10618315.969999999,20225.363752381,14512.513390476188
2024-12-01,Home & Kitchen,West Bengal,Premium,81,78,76,115,2216880.6599999992,27368.897037037,17585.259382716049
2024-12-01,Fashion,West Bengal,New,81,76,79,117,1757326.0200000003,21695.382962963,16387.826543209881
2024-12-01,Beauty,West Bengal,New,35,35,34,42,836054.20000000007,23887.262857143,20845.456285714285
2024-12-01,Beauty,Tamil Nadu,New,78,74,77,116,1604782.55,20574.13525641,14428.827307692307
2024-12-01,Sports,Tamil Nadu,Premium,56,54,56,86,1767886.61,31569.40375,16524.9775
2024-12-01,Beauty,Tamil Nadu,Premium,78,77,76,115,1616089.71,20719.098846154,15509.055000000004
2024-12-01,Electronics,Tamil Nadu,Regular,755,726,510,1050,16204732.440000001,21463.221774834,15529.336410596019
2024-12-01,Grocery,Uttar Pradesh,Premium,88,85,83,121,2129125.7299999995,24194.610568182,17502.492159090907
2024-12-01,Grocery,Tamil Nadu,Premium,83,82,80,105,1628515.58,19620.669638554,16412.236506024095
2024-12-01,Grocery,Gujarat,Regular,327,318,280,468,6501599.5699999984,19882.567492355,13833.945596330272
2024-12-01,Fashion,Delhi,Premium,104,102,95,130,1892133.6500000001,18193.592788462,12781.185384615386
2024-12-01,Sports,Karnataka,Premium,77,75,70,119,2326702.9899999998,30216.921948052,18176.4738961039
2024-12-01,Electronics,Uttar Pradesh,Regular,848,821,578,1161,17967260.58,21187.807287736,15136.58576650943
2024-12-01,Sports,Tamil Nadu,Regular,303,297,263,407,6088776.89,20094.973234323,14885.328349834979
2024-12-01,Fashion,Telangana,New,131,125,120,176,2637192.7200000007,20131.242137405,14405.340534351142
2024-12-01,Fashion,Uttar Pradesh,Premium,161,158,146,215,2915276.8199999989,18107.309440994,12705.829316770189
2024-12-01,Home & Kitchen,West Bengal,Regular,365,353,298,492,6193965.2200000016,16969.767726027,12623.050465753427
2024-12-01,Fashion,West Bengal,Premium,81,76,78,118,2075605.4700000002,25624.758888889,15212.08864197531
2024-12-01,Electronics,Maharashtra,Premium,222,210,197,290,3968772.0599999987,17877.351621622,14304.224099099098
2024-12-01,Sports,Maharashtra,Regular,457,447,363,619,9422843.9600000028,20618.914573304,14916.141881838075
2024-12-01,Beauty,Uttar Pradesh,Premium,85,84,80,120,2269750.1699999995,26702.943176471,19125.935764705886
2024-12-01,Electronics,Delhi,Regular,599,571,451,833,12455944.32,20794.564808013,13909.864424040066
2024-12-01,Beauty,Karnataka,Regular,441,434,353,617,9776255.6199999936,22168.380090703,15994.413514739237
2024-12-01,Beauty,Karnataka,Premium,79,76,76,112,1188439.33,15043.535822785,10084.872151898733
2024-12-01,Sports,West Bengal,Regular,215,212,191,300,4198091.61,19526.007488372,13362.048139534883
2024-12-01,Beauty,Gujarat,New,64,63,60,86,1495045.7100000002,23360.08921875,16610.25359375
2024-12-01,Beauty,West Bengal,Premium,47,46,46,57,818716.94000000006,17419.509361702,14331.945957446811
2024-12-01,Beauty,Maharashtra,New,87,87,85,120,1570232.4500000002,18048.648850575,13116.777586206897
2024-12-01,Grocery,Karnataka,Regular,441,438,355,587,9198920.22,20859.22952381,15879.477233560101
2024-12-01,Sports,Gujarat,New,59,55,58,90,1181488.41,20025.227288136,12909.422033898305
2024-12-01,Electronics,Telangana,Regular,774,744,531,1077,15343086.000000002,19823.108527132,14393.108643410849
2024-12-01,Beauty,Gujarat,Premium,51,51,50,76,962881.72999999986,18880.033921569,13324.384901960784
2024-12-01,Sports,Telangana,New,61,60,60,78,626059.55,10263.271311475,8431.1129508196718
2024-12-01,Beauty,Delhi,New,55,55,55,83,1267581.4700000002,23046.935818182,17298.461272727272
2024-12-01,Beauty,Delhi,Premium,46,46,46,62,1088256.38,23657.747391304,17935.2802173913
2024-12-01,Home & Kitchen,Tamil Nadu,New,100,100,93,144,1699320.94,16993.2094,11390.965300000002
2024-12-01,Beauty,West Bengal,Regular,223,217,202,294,4291188.17,19242.996278027,14390.337892376681
2024-12-01,Beauty,Maharashtra,Regular,487,474,392,676,9777995.0299999975,20078.018542094,14438.603737166321
2024-12-01,Sports,Gujarat,Regular,226,221,200,303,4756675.8899999987,21047.238451327,13738.684646017698
2024-12-01,Home & Kitchen,Delhi,Premium,99,99,92,129,1806247.61,18244.925353535,14034.41575757576
2024-12-01,Sports,Karnataka,New,81,78,78,114,1544231.0999999996,19064.581481481,14228.91654320988
2024-12-01,Grocery,West Bengal,Premium,51,49,49,66,883730.41999999981,17328.04745098,13048.575098039215
2024-12-01,Sports,Telangana,Premium,66,65,66,86,1568136.41,23759.642575758,18198.365454545456
2024-12-01,Fashion,Tamil Nadu,Premium,171,160,160,219,4230462.26,24739.545380117,17237.231520467827
2024-12-01,Home & Kitchen,Delhi,New,99,98,95,136,1875573.7799999998,18945.18969697,14644.725151515153
2024-12-01,Grocery,Maharashtra,New,103,102,97,148,2717275.7,26381.317475728,16890.096407766989
2024-12-01,Fashion,Maharashtra,Premium,191,186,169,273,4196305.4699999988,21970.185706806,15185.622565445028
2024-12-01,Grocery,Delhi,Premium,73,71,70,99,1268106.4000000004,17371.320547945,12241.717808219179
2024-12-01,Beauty,Karnataka,New,81,78,79,117,1598311.6400000001,19732.242469136,14055.868395061725
2024-12-01,Home & Kitchen,Uttar Pradesh,Regular,665,650,487,924,12879218.949999996,19367.246541353,13388.150496240605
2024-12-01,Grocery,West Bengal,Regular,227,222,195,326,4518349.8999999994,19904.625110132,13044.138810572682
2024-12-01,Grocery,Telangana,Regular,385,371,317,535,7417838.92,19267.114077922,15188.406181818193
2024-12-01,Electronics,West Bengal,Regular,480,460,376,652,9483115.32,19756.49025,14968.787708333328
2024-12-01,Home & Kitchen,Tamil Nadu,Premium,107,103,104,139,2336195.9299999997,21833.60682243,15087.587757009343
2024-12-01,Electronics,Karnataka,Premium,179,173,163,239,4038424.3400000003,22561.029832402,15957.459162011175
2024-12-01,Sports,Uttar Pradesh,Premium,63,62,62,77,1268523.23,20135.289365079,17246.053650793656
2024-12-01,Electronics,Uttar Pradesh,New,185,178,171,258,3574684.25,19322.617567568,14382.571891891892
2024-12-01,Grocery,Karnataka,New,92,91,88,127,1961567.7400000002,21321.388478261,15970.887282608699
2024-12-01,Fashion,Maharashtra,Regular,785,757,549,1102,16626149.839999994,21179.808713376,14495.413108280249
2024-12-01,Fashion,Gujarat,Regular,495,480,385,657,11294440.270000001,22817.051050505,17339.568181818195
2024-12-01,Sports,Delhi,Regular,233,230,203,317,4429678.1199999982,19011.494077253,14338.036008583693
2024-12-01,Sports,Uttar Pradesh,New,82,79,81,107,1283411.39,15651.358414634,12187.984756097558
2024-12-01,Electronics,Karnataka,New,181,172,164,248,3494111.4000000004,19304.482872928,14984.999226519336
2024-12-01,Beauty,Telangana,Regular,361,353,308,496,8074942.2199999979,22368.26099723,15779.292908587258
2024-12-01,Sports,Telangana,Regular,306,304,268,431,6247766.7500000009,20417.538398693,14796.068986928109
2024-12-01,Grocery,Gujarat,Premium,48,48,47,66,895621.75999999989,18658.786666667,12133.756249999999
2024-12-01,Electronics,Tamil Nadu,Premium,146,142,137,191,2925306.8099999996,20036.348013699,14156.941095890406
2024-12-01,Electronics,Delhi,New,130,123,123,175,2759265.4500000007,21225.118846154,15850.715384615389
2024-12-01,Home & Kitchen,Gujarat,New,102,98,96,137,2513008.7399999998,24637.340588235,17745.137745098044
2024-12-01,Fashion,Karnataka,Premium,193,187,175,258,3975902.0700000003,20600.528860104,13786.409740932646
2024-12-01,Home & Kitchen,Gujarat,Regular,479,460,376,653,9828505.01,20518.79960334,14207.972609603339
2024-12-01,Beauty,Telangana,Premium,74,73,73,107,1103013.08,14905.582162162,10458.20054054054
2024-12-01,Home & Kitchen,Uttar Pradesh,New,137,135,129,170,2429125.0100000007,17730.839489051,14274.722335766426
2024-12-01,Beauty,Delhi,Regular,280,278,246,374,5944203.2700000023,21229.297392857,16126.346821428569
2024-12-01,Home & Kitchen,Telangana,Premium,144,139,134,198,3438986.4300000006,23881.850208333,17297.83256944445
2024-12-01,Sports,Karnataka,Regular,371,365,321,543,8102691.0600000015,21840.137628032,15293.401698113203
2024-12-01,Fashion,Maharashtra,New,181,178,167,248,3975275.7399999998,21962.849392265,16156.813204419888
2024-12-01,Sports,Delhi,New,55,55,53,75,839800.56,15269.101090909,10747.78018181818
2024-12-01,Home & Kitchen,Delhi,Regular,473,450,364,659,10152581.83,21464.232198732,15300.809450317127
2024-12-01,Electronics,Tamil Nadu,New,137,135,127,182,2946677.2800000007,21508.593284672,15713.105109489048
2024-12-01,Home & Kitchen,Maharashtra,Regular,719,702,523,1003,15355540.140000004,21356.801307371,15047.34710709319
2024-12-01,Fashion,Tamil Nadu,New,134,129,129,196,2328658.1900000004,17378.04619403,13026.850074626867
2024-12-01,Beauty,Maharashtra,Premium,99,98,93,145,2788423.17,28165.890606061,18340.811919191921
2024-12-01,Grocery,Karnataka,Premium,88,84,82,114,1817035.7599999998,20648.133636364,15232.927045454546
2024-12-01,Electronics,Telangana,Premium,146,140,139,202,2870420.6,19660.415068493,14567.921164383561
2024-12-01,Home & Kitchen,Maharashtra,Premium,177,173,162,239,4121279.0999999996,23284.062711864,16618.670169491525
2024-12-01,Sports,West Bengal,New,48,48,48,59,1141371.23,23778.567291667,16763.782708333332
2024-12-01,Sports,Uttar Pradesh,Regular,363,356,308,515,7209182.7900000047,19860.00768595,13978.874765840221
2024-12-01,Beauty,Telangana,New,76,76,76,106,2038436.0899999999,26821.5275,17702.510921052628
2024-12-01,Home & Kitchen,Maharashtra,New,160,152,145,227,3337726.7899999996,20860.7924375,13622.957249999998
2025-01-01,Home & Kitchen,West Bengal,New,87,84,80,125,2004861.8399999999,23044.388965517,16149.125057471265
2025-01-01,Electronics,Maharashtra,Regular,1021,983,626,1426,20603357.479999997,20179.586170421,15032.736082272271
2025-01-01,Sports,Telangana,Regular,326,319,280,451,5750434.34,17639.369141104,13099.757668711656
2025-01-01,Grocery,Maharashtra,Regular,535,528,422,748,11378400.199999992,21268.037757009,14347.809233644863
2025-01-01,Sports,Uttar Pradesh,Regular,332,327,282,451,7712747.3100000024,23231.166596386,16902.465180722895
2025-01-01,Sports,Gujarat,Premium,42,41,41,57,426503.56999999995,10154.846904762,6356.1280952380948
2025-01-01,Home & Kitchen,Maharashtra,Regular,744,717,521,996,15441321.280000007,20754.464086022,15498.560524193543
2025-01-01,Beauty,Telangana,New,74,74,72,95,1662304.69,22463.576891892,16541.03689189189
2025-01-01,Grocery,West Bengal,Regular,237,232,204,325,4607284.2700000005,19440.018016878,14651.933924050632
2025-01-01,Beauty,Telangana,Premium,73,73,72,97,1174502.1900000002,16089.07109589,12803.453835616439
2025-01-01,Beauty,Maharashtra,New,102,101,97,144,2100814.8000000003,20596.223529412,14932.26254901961
2025-01-01,Sports,Telangana,Premium,79,77,78,109,1720390.38,21777.093417722,14545.295316455697
2025-01-01,Sports,Karnataka,Premium,90,89,86,130,1370590.0300000003,15228.778111111,12235.270222222223
2025-01-01,Grocery,West Bengal,Premium,50,49,49,70,711148.40999999992,14222.9682,11314.1412
2025-01-01,Sports,Gujarat,Regular,234,232,208,328,5084646.4999999991,21729.258547009,15340.679017094011
2025-01-01,Grocery,Gujarat,New,64,63,64,91,932524.52000000025,14570.695625,11838.112343750003
2025-01-01,Sports,Telangana,New,67,67,63,86,1238550.33,18485.825820896,14901.057014925374
2025-01-01,Grocery,Delhi,Regular,288,285,243,386,5739732.6,19929.627083333,14412.022083333337
2025-01-01,Fashion,Maharashtra,Regular,889,862,582,1226,19168713.780000012,21562.107739033,15659.327322834653
2025-01-01,Sports,Gujarat,New,64,63,59,94,1642799.3900000001,25668.74046875,17606.834531249995
2025-01-01,Beauty,West Bengal,Regular,226,224,203,302,3757461.71,16625.936769912,12224.833938053096
2025-01-01,Home & Kitchen,West Bengal,Regular,324,311,269,447,7135005.18,22021.620925926,16775.67447530865
2025-01-01,Grocery,Telangana,Regular,404,396,334,568,8327882.200000003,20613.56980198,14363.645445544562
2025-01-01,Beauty,Maharashtra,Regular,483,471,386,650,9184282.0399999972,19015.076687371,14428.105714285715
2025-01-01,Electronics,Uttar Pradesh,Regular,849,821,570,1180,17672924.820000011,20816.165865724,14586.000777385159
2025-01-01,Beauty,Karnataka,New,96,94,89,138,1591209.4699999997,16575.098645833,12552.009791666667
2025-01-01,Beauty,Delhi,New,58,55,57,76,1400054.77,24138.875344828,20019.190862068968
2025-01-01,Fashion,Uttar Pradesh,New,155,151,143,217,3005982.6600000006,19393.436516129,13471.910903225807
2025-01-01,Beauty,Maharashtra,Premium,106,103,96,137,1984139.1400000004,18718.293773585,16643.163018867923
2025-01-01,Electronics,Uttar Pradesh,Premium,186,184,171,254,3741508.6999999993,20115.638172043,14717.21365591398
2025-01-01,Grocery,Gujarat,Premium,45,44,45,58,897611.84000000008,19946.929777778,15481.452666666668
2025-01-01,Beauty,West Bengal,Premium,53,53,50,65,1077459.5,20329.424528302,15057.134716981131
2025-01-01,Sports,Maharashtra,Premium,87,85,84,125,1693828.2499999998,19469.290229885,12768.051609195405
2025-01-01,Grocery,Karnataka,New,97,95,92,132,1685261.74,17373.832371134,12079.395154639175
2025-01-01,Home & Kitchen,Uttar Pradesh,Premium,131,129,123,180,2558939.5400000005,19533.889618321,14046.936641221373
2025-01-01,Sports,Uttar Pradesh,New,76,74,76,101,1734648.78,22824.326052632,19137.180131578953
2025-01-01,Beauty,West Bengal,New,53,51,51,72,799972.36,15093.818113208,11485.163962264152
2025-01-01,Sports,Delhi,New,60,60,56,82,897177.94,14952.965666667,11796.637499999999
2025-01-01,Electronics,West Bengal,Regular,504,486,388,713,10732188.59,21294.024980159,15606.101746031743
2025-01-01,Grocery,Telangana,Premium,85,84,80,122,1461912.5399999998,17198.971058824,15323.677529411763
2025-01-01,Fashion,Uttar Pradesh,Premium,161,154,147,218,2874437.9799999995,17853.652049689,13109.8349068323
2025-01-01,Electronics,Gujarat,New,145,138,137,201,2991153.93,20628.647793103,16022.707448275863
2025-01-01,Sports,Tamil Nadu,New,51,50,50,80,1400429.12,27459.394509804,16294.759999999997
2025-01-01,Home & Kitchen,Uttar Pradesh,New,127,124,123,185,2771652.9,21824.038582677,15782.890787401575
2025-01-01,Grocery,Delhi,New,61,60,60,80,1073716.41,17601.908360656,14899.751147540983
2025-01-01,Electronics,Delhi,Regular,588,565,452,819,11014543.319999998,18732.216530612,13633.16302721088
2025-01-01,Fashion,Delhi,New,115,110,106,165,2061046.1599999997,17922.140521739,12336.527652173914
2025-01-01,Grocery,Karnataka,Premium,104,103,102,142,1994695.86,19179.767884615,16191.416346153846
2025-01-01,Electronics,Tamil Nadu,Regular,721,693,525,1005,14703841.779999997,20393.677919556,14634.912413314842
2025-01-01,Beauty,Karnataka,Premium,112,109,108,171,2208252.9799999995,19716.544464286,13969.929017857139
2025-01-01,Home & Kitchen,Karnataka,New,123,119,117,167,2019438.6800000002,16418.200650407,13434.625121951218
2025-01-01,Electronics,Delhi,New,135,133,124,201,3195984.3899999992,23673.958444444,15094.98874074074
2025-01-01,Grocery,Tamil Nadu,New,60,60,60,81,1298864.6600000001,21647.744333333,16665.580500000004
2025-01-01,Sports,West Bengal,Regular,191,187,173,270,5164983.74,27041.799685864,17082.915863874343
2025-01-01,Fashion,Uttar Pradesh,Regular,775,749,534,1053,17217642.780000005,22216.313264516,15844.462206451621
2025-01-01,Fashion,Tamil Nadu,Regular,623,601,466,862,13937387.409999995,22371.408362761,15590.597752808993
2025-01-01,Electronics,Karnataka,Regular,888,844,580,1239,19310960.840000015,21746.577522523,14901.636621621619
2025-01-01,Electronics,Delhi,Premium,136,129,128,183,2600417.3900000006,19120.716102941,14431.789779411762
2025-01-01,Sports,Maharashtra,Regular,392,385,317,556,9645253.0900000036,24605.23747449,16881.947678571436
2025-01-01,Home & Kitchen,Telangana,Regular,609,590,444,848,13871510.34,22777.521083744,15901.107438423645
2025-01-01,Grocery,Uttar Pradesh,Premium,101,99,94,142,2335602.5300000007,23124.777524752,14572.642277227722
2025-01-01,Home & Kitchen,West Bengal,Premium,68,68,67,97,1098487.2400000002,16154.224117647,10556.509705882354
2025-01-01,Electronics,Gujarat,Premium,128,123,121,166,2580687.24,20161.6190625,15024.06359375
2025-01-01,Beauty,Gujarat,New,75,72,71,104,1502711.42,20036.152266667,16274.926800000001
2025-01-01,Grocery,Maharashtra,Premium,117,115,113,168,2389127.6,20419.894017094,13625.994017094017
2025-01-01,Electronics,Maharashtra,New,232,220,206,335,4585664.6899999995,19765.796077586,14191.084353448274
2025-01-01,Beauty,Gujarat,Premium,77,77,76,115,2062650.21,26787.665064935,18195.431948051952
2025-01-01,Electronics,Maharashtra,Premium,230,216,207,300,5356842.76,23290.620695652,17849.868260869564
2025-01-01,Home & Kitchen,Karnataka,Premium,142,136,135,209,2828958.32,19922.241690141,13059.414929577462
2025-01-01,Grocery,Telangana,New,109,108,106,139,1980714.51,18171.692752294,14345.383761467891
2025-01-01,Grocery,Tamil Nadu,Premium,67,64,66,97,959724.07000000018,14324.239850746,11534.503731343284
2025-01-01,Home & Kitchen,Tamil Nadu,Regular,519,511,401,676,11264612.429999998,21704.455549133,16299.933795761073
2025-01-01,Sports,Maharashtra,New,101,99,98,146,2332119.24,23090.28950495,15006.586039603961
2025-01-01,Beauty,Uttar Pradesh,Regular,414,406,347,580,8749787.8600000013,21134.753285024,14925.869999999992
2025-01-01,Sports,Karnataka,New,68,66,67,97,1536137.6800000004,22590.26,15624.299117647059
2025-01-01,Home & Kitchen,Telangana,Premium,112,109,110,153,2114077.9699999997,18875.696160714,14715.377410714285
2025-01-01,Grocery,Gujarat,Regular,289,284,250,389,5228828.7500000009,18092.833044983,12818.810622837367
2025-01-01,Grocery,Tamil Nadu,Regular,353,348,304,473,6658729.7299999977,18863.257025496,15011.664872521247
2025-01-01,Beauty,Tamil Nadu,New,71,71,71,104,1343411.9699999997,18921.295352113,11266.344084507042
2025-01-01,Beauty,Delhi,Regular,261,252,232,352,4866295.7200000007,18644.811187739,14331.136283524902
2025-01-01,Fashion,Karnataka,Regular,725,700,508,998,15504499.87,21385.517062069,15453.812179310349
2025-01-01,Sports,Tamil Nadu,Premium,72,70,69,97,2136849.88,29678.470555556,20848.538472222219
2025-01-01,Home & Kitchen,Telangana,New,115,111,110,161,2379255.2799999993,20689.176347826,14614.045304347825
2025-01-01,Fashion,West Bengal,New,76,72,73,108,1430587.58,18823.520789474,13940.559736842106
2025-01-01,Electronics,Gujarat,Regular,636,609,475,888,14262756.560000008,22425.717861635,15853.949040880496
2025-01-01,Grocery,Delhi,Premium,67,67,63,90,1065041.78,15896.145970149,12464.277462686567
2025-01-01,Fashion,Delhi,Premium,108,106,102,156,2243285.2199999997,20771.159444444,14383.643796296294
2025-01-01,Fashion,Telangana,Regular,680,658,509,941,13774201.280000009,20256.178352941,14342.53091176471
2025-01-01,Home & Kitchen,Uttar Pradesh,Regular,713,687,508,976,15067794.500000006,21132.951612903,15611.73307152875
2025-01-01,Beauty,Gujarat,Regular,296,288,265,411,5579944.3699999992,18851.163412162,13599.975574324324
2025-01-01,Home & Kitchen,Karnataka,Regular,668,651,484,920,14471859.750000004,21664.460703593,16030.824595808388
2025-01-01,Beauty,Tamil Nadu,Regular,324,316,285,434,7077790.7100000009,21845.033055556,16137.97836419753
2025-01-01,Home & Kitchen,Gujarat,New,91,90,85,128,2056195.0600000008,22595.55010989,16041.230769230771
2025-01-01,Beauty,Uttar Pradesh,New,91,90,87,121,1710004.2199999997,18791.255164835,12820.731538461541
2025-01-01,Electronics,Telangana,Regular,773,747,543,1048,15783868.179999998,20418.975653299,14448.516131953436
2025-01-01,Electronics,Telangana,New,163,159,146,232,3222273.5,19768.549079755,14454.750490797549
2025-01-01,Fashion,Karnataka,New,158,152,146,214,2939817.9699999983,18606.442848101,14030.36373417721
2025-01-01,Fashion,West Bengal,Regular,447,432,372,633,10524015.570000002,23543.658993289,15775.324720357945
2025-01-01,Home & Kitchen,Maharashtra,New,154,151,141,198,2876137.1799999997,18676.215454545,14331.075129870131
2025-01-01,Electronics,West Bengal,Premium,99,96,91,128,2620000.6900000004,26464.653434343,19028.552828282827
2025-01-01,Sports,Tamil Nadu,Regular,312,308,265,425,6142412.1899999995,19687.218557692,14748.418012820512
2025-01-01,Fashion,Gujarat,New,117,114,111,168,2272864.2900000005,19426.190512821,15024.13777777778
2025-01-01,Fashion,Maharashtra,New,195,190,184,266,4518925.4999999991,23173.976923077,17760.130717948723
2025-01-01,Sports,West Bengal,Premium,44,44,43,64,609161.29,13844.574772727,9132.4456818181825
2025-01-01,Fashion,Karnataka,Premium,163,158,150,221,2355164.4099999992,14448.861411043,11589.117914110433
2025-01-01,Electronics,Telangana,Premium,158,152,149,213,2433749.6800000006,15403.478987342,13517.230886075951
2025-01-01,Home & Kitchen,Delhi,Regular,427,414,346,596,10525721.209999995,24650.400960187,17665.352833723653
2025-01-01,Electronics,Karnataka,New,164,156,144,222,3421826.5200000005,20864.795853659,15348.316158536585
2025-01-01,Beauty,Tamil Nadu,Premium,86,82,84,120,1988222.03,23118.860813953,15605.011279069764
2025-01-01,Fashion,Delhi,Regular,500,483,404,688,10272650.330000006,20545.30066,15254.22826
2025-01-01,Home & Kitchen,Gujarat,Premium,99,95,95,138,1497298.1300000001,15124.223535354,12777.766262626261
2025-01-01,Fashion,West Bengal,Premium,82,78,81,115,1733788.9299999997,21143.767439024,15389.592682926828
2025-01-01,Home & Kitchen,Delhi,New,101,101,93,144,2783215.4499999997,27556.588613861,19723.007029702971
2025-01-01,Electronics,West Bengal,New,92,88,91,126,1899282.2,20644.37173913,15258.628804347823
2025-01-01,Fashion,Gujarat,Regular,514,497,400,715,11066189.819999997,21529.552178988,15196.611342412449
2025-01-01,Grocery,Karnataka,Regular,424,414,339,550,7949108.459999999,18747.897311321,14599.370330188682
2025-01-01,Sports,West Bengal,New,42,42,41,54,1200236.44,28577.058095238,19516.556428571428
2025-01-01,Electronics,Tamil Nadu,Premium,153,143,141,214,2910612.709999999,19023.61248366,15116.538039215686
2025-01-01,Beauty,Karnataka,Regular,414,407,334,561,7818628.7,18885.576570048,14237.290724637685
2025-01-01,Beauty,Uttar Pradesh,Premium,82,80,81,122,2478228.05,30222.293292683,21087.278170731708
2025-01-01,Fashion,Telangana,New,139,132,127,181,3218076.0100000007,23151.625971223,14994.527050359713
2025-01-01,Home & Kitchen,Tamil Nadu,Premium,113,108,109,154,1871355.3099999998,16560.666460177,13412.51362831858
2025-01-01,Home & Kitchen,Tamil Nadu,New,115,110,112,161,2399509.9700000007,20865.304086957,14073.626347826086
2025-01-01,Fashion,Tamil Nadu,Premium,116,109,110,153,3525331.5900000012,30390.789568966,22619.416465517239
2025-01-01,Beauty,Delhi,Premium,76,74,74,103,1797832.56,23655.691578947,16460.959473684212
2025-01-01,Electronics,Karnataka,Premium,185,180,164,250,4128609.49,22316.808054054,17206.291675675675
2025-01-01,Fashion,Telangana,Premium,141,133,133,199,2591063.9000000004,18376.339716312,12809.435886524818
2025-01-01,Electronics,Tamil Nadu,New,144,139,137,199,2866126.2000000007,19903.654166667,14229.13548611111
2025-01-01,Grocery,West Bengal,New,41,41,41,52,726279.39999999991,17714.131707317,14744.741463414633
2025-01-01,Grocery,Uttar Pradesh,New,75,74,73,106,1568896.5999999999,20918.621333333,13447.421733333331
2025-01-01,Fashion,Maharashtra,Premium,187,182,171,243,3926875.71,20999.335347594,16356.080641711229
2025-01-01,Fashion,Tamil Nadu,New,123,121,117,156,2058754.6199999999,16737.842439024,13643.017967479676
2025-01-01,Sports,Delhi,Premium,41,40,40,51,698965.57000000007,17047.940731707,15038.169024390243
2025-01-01,Home & Kitchen,Delhi,Premium,85,83,80,122,2012136.0799999998,23672.189176471,16629.13388235294
2025-01-01,Sports,Karnataka,Regular,363,358,297,492,9162166.95,25240.129338843,17667.24132231405
2025-01-01,Electronics,Uttar Pradesh,New,186,176,170,235,3717885.2099999995,19988.63016129,15443.148333333336
2025-01-01,Grocery,Uttar Pradesh,Regular,455,447,378,616,9568053.8899999969,21028.689868132,14270.048989010989
2025-01-01,Fashion,Gujarat,Premium,102,99,101,143,2425436.21,23778.786372549,15895.751568627447
2025-01-01,Home & Kitchen,Maharashtra,Premium,179,171,163,250,3705372.9299999992,20700.407430168,14106.006145251398
2025-01-01,Sports,Delhi,Regular,246,245,215,345,5408211.870000001,21984.601097561,15855.104878048771
2025-01-01,Sports,Uttar Pradesh,Premium,77,76,73,108,2087044.56,27104.474805195,16254.226623376617
2025-01-01,Home & Kitchen,Gujarat,Regular,429,418,350,614,9603756.4999999963,22386.378787879,14711.938181818185
2025-01-01,Beauty,Telangana,Regular,338,332,278,462,5962375.24,17640.163431953,13501.588639053256
2025-01-01,Grocery,Maharashtra,New,127,126,120,187,2180940.5399999996,17172.76015748,13067.931496062998
2025-02-01,Sports,Delhi,Premium,33,32,33,44,543568.94,16471.786060606,13492.838181818184
2025-02-01,Electronics,West Bengal,New,98,98,94,132,2073282.0300000003,21155.939081633,15659.519489795919
2025-02-01,Home & Kitchen,Telangana,Premium,113,110,107,156,2132981.7800000003,18875.944955752,15059.744424778763
2025-02-01,Beauty,Karnataka,Premium,75,74,72,98,1651375.19,22018.335866667,15473.249066666673
2025-02-01,Grocery,Karnataka,New,76,75,74,116,1766087.6800000002,23237.995789474,15808.034078947367
2025-02-01,Sports,Karnataka,New,61,59,58,84,1205475.29,19761.89,12768.281311475408
2025-02-01,Home & Kitchen,Telangana,New,115,114,112,159,2321834.79,20189.86773913,14434.534782608695
2025-02-01,Fashion,Telangana,Premium,116,112,109,148,2056067.6400000001,17724.721034483,14542.788448275862
2025-02-01,Electronics,Gujarat,Regular,540,521,408,729,10985386.040000001,20343.307481481,14221.362703703704
2025-02-01,Grocery,Telangana,New,80,79,78,113,1470183.93,18377.299125,14791.450625000005
2025-02-01,Fashion,Telangana,New,137,135,132,187,3244632.0799999996,23683.445839416,17912.163722627734
2025-02-01,Grocery,Karnataka,Premium,85,83,82,107,987987.6,11623.383529412,10259.208705882354
2025-02-01,Electronics,Telangana,New,144,140,134,196,2507281.31,17411.675763889,12463.65708333333
2025-02-01,Fashion,Gujarat,Regular,441,429,362,603,8685819.01,19695.734716553,14911.567165532882
2025-02-01,Home & Kitchen,Gujarat,Regular,388,376,324,544,6934524.17,17872.484974227,13736.57128865979
2025-02-01,Electronics,Telangana,Premium,160,148,152,213,3086662.33,19291.6395625,13999.504125000001
2025-02-01,Sports,Delhi,New,47,47,47,64,1222860.0299999998,26018.298510638,18428.767659574471
2025-02-01,Grocery,Delhi,New,47,47,46,67,948947.7,20190.376595745,16664.566595744684
2025-02-01,Beauty,Telangana,New,72,71,71,107,2037188.1799999997,28294.280277778,17086.225833333338
2025-02-01,Grocery,Telangana,Premium,69,67,67,97,1383984.7799999998,20057.750434783,15300.915652173913
2025-02-01,Sports,Telangana,Premium,69,69,69,94,1327508.5199999998,19239.253913043,12992.998985507249
2025-02-01,Beauty,Telangana,Regular,325,317,271,469,6912159.4999999981,21268.183076923,14605.952338461537
2025-02-01,Grocery,Gujarat,Regular,264,260,226,363,4286459.53,16236.589128788,13338.610530303027
2025-02-01,Sports,Telangana,Regular,332,329,278,466,6294503.2600000007,18959.347168675,14559.687228915664
2025-02-01,Grocery,Telangana,Regular,336,328,288,440,6689858.8999999994,19910.294345238,14320.538898809527
2025-02-01,Electronics,West Bengal,Regular,410,396,339,558,6683982.3499999987,16302.39597561,11620.452317073177
2025-02-01,Sports,Tamil Nadu,Premium,43,43,42,61,653371.14999999991,15194.677906977,12139.462558139534
2025-02-01,Sports,Gujarat,Regular,254,247,226,343,5503501.7800000021,21667.32984252,15510.923661417322
2025-02-01,Beauty,Gujarat,Regular,248,245,226,337,5919830.1800000016,23870.282983871,15736.268750000003
2025-02-01,Beauty,Telangana,Premium,55,55,54,79,1072716.75,19503.940909091,13622.171999999999
2025-02-01,Sports,Telangana,New,54,53,53,80,772055.33,14297.320925926,11067.395925925926
2025-02-01,Home & Kitchen,Telangana,Regular,524,510,410,693,8243356.6299999971,15731.596622137,12855.640839694657
2025-02-01,Fashion,Telangana,Regular,563,542,436,779,14105230.93,25053.696145648,17602.989680284194
2025-02-01,Electronics,Tamil Nadu,Regular,687,660,491,943,13239273.979999995,19271.141164483,14206.600553129549
2025-02-01,Home & Kitchen,Karnataka,New,123,119,116,182,2994886.8500000006,24348.673577236,15707.079674796749
2025-02-01,Home & Kitchen,Karnataka,Premium,127,124,119,164,2455982.4300000006,19338.444330709,14249.562519685034
2025-02-01,Fashion,Karnataka,New,129,126,120,179,2556494.4900000007,19817.786744186,16138.063100775194
2025-02-01,Electronics,Telangana,Regular,699,675,492,961,13899118.060000012,19884.2890701,14467.425751072955
2025-02-01,Fashion,West Bengal,Regular,399,387,338,531,8115798.5299999956,20340.347192982,15485.843934837092
2025-02-01,Fashion,Tamil Nadu,Regular,582,560,443,816,13016731.2,22365.517525773,16593.136512027486
2025-02-01,Sports,Uttar Pradesh,Premium,60,60,58,74,1180389.87,19673.1645,15455.630166666671
2025-02-01,Electronics,Gujarat,New,113,108,107,141,2066339.0699999996,18286.186460177,14787.500796460183
2025-02-01,Home & Kitchen,Tamil Nadu,Regular,471,463,373,665,9795517.5900000017,20797.277261146,14789.877919320594
2025-02-01,Fashion,Gujarat,New,112,109,103,154,2036787.5199999996,18185.602857143,15632.873571428572
2025-02-01,Fashion,Maharashtra,Premium,155,152,146,213,2976176.4,19201.138064516,15697.962258064515
2025-02-01,Beauty,Uttar Pradesh,Premium,74,72,72,98,1684560.9200000004,22764.336756757,18545.965540540543
2025-02-01,Beauty,Uttar Pradesh,New,75,74,74,106,1907741.1299999997,25436.5484,15661.452666666662
2025-02-01,Grocery,Tamil Nadu,Regular,353,347,306,487,6994556.27,19814.606997167,15212.151388101986
2025-02-01,Sports,Uttar Pradesh,New,77,74,75,104,1824214.0699999998,23691.091818182,16768.157532467529
2025-02-01,Grocery,Uttar Pradesh,Premium,85,84,80,118,1921883.7600000002,22610.397176471,14885.037058823531
2025-02-01,Electronics,Gujarat,Premium,99,94,97,123,1719402.89,17367.705959596,13260.30212121212
2025-02-01,Beauty,Tamil Nadu,Regular,316,311,265,419,5968492.1599999974,18887.633417722,15236.855411392407
2025-02-01,Electronics,Karnataka,Premium,160,154,150,230,2838096.0000000005,17738.1,13385.2350625
2025-02-01,Fashion,Karnataka,Premium,162,159,153,221,3321452.66,20502.794197531,14333.013086419754
2025-02-01,Home & Kitchen,Gujarat,Premium,87,83,84,125,1307017.05,15023.184482759,11060.521839080462
2025-02-01,Beauty,Delhi,New,54,53,53,67,1271759.76,23551.106666667,16749.467592592591
2025-02-01,Fashion,Gujarat,Premium,86,82,81,122,2079380.2100000004,24178.839651163,15777.565697674416
2025-02-01,Home & Kitchen,Maharashtra,New,151,148,136,206,3000798.2100000004,19872.835827815,13586.166423841058
2025-02-01,Home & Kitchen,Gujarat,New,85,82,81,117,1908400.59,22451.771647059,16506.698
2025-02-01,Sports,Tamil Nadu,Regular,242,240,221,324,4592352.0099999988,18976.661198347,13250.892727272731
2025-02-01,Grocery,Uttar Pradesh,New,102,98,99,140,1543052.5299999996,15127.965980392,11334.588333333335
2025-02-01,Electronics,Karnataka,New,177,173,163,238,2924496.7699999996,16522.580621469,12317.67813559322
2025-02-01,Home & Kitchen,West Bengal,Regular,339,328,270,481,7006858.08,20669.197876106,13895.270914454281
2025-02-01,Beauty,Gujarat,New,68,68,66,87,1819708.69,26760.421911765,21369.489117647059
2025-02-01,Home & Kitchen,Uttar Pradesh,New,123,118,113,168,2594607.7800000003,21094.372195122,17327.405853658533
2025-02-01,Home & Kitchen,Uttar Pradesh,Premium,141,138,133,195,2400481.8399999994,17024.693900709,12195.79035460993
2025-02-01,Fashion,Uttar Pradesh,Premium,141,136,139,189,2605402.66,18478.033049645,14273.326382978725
2025-02-01,Fashion,Maharashtra,New,149,145,134,205,3299965.02,22147.416241611,16057.875570469798
2025-02-01,Fashion,Uttar Pradesh,New,143,141,132,186,2647859.53,18516.50020979,15492.596013986013
2025-02-01,Home & Kitchen,Maharashtra,Premium,145,140,130,195,2602364.98,17947.344689655,12786.755172413794
2025-02-01,Electronics,Tamil Nadu,New,135,129,126,192,2885124.5,21371.292592593,14050.425037037034
2025-02-01,Fashion,Tamil Nadu,New,127,125,120,177,3596283.58,28317.193543307,18785.728503937007
2025-02-01,Beauty,Maharashtra,Premium,107,105,98,152,2902277.3199999994,27124.087102804,18555.557196261685
2025-02-01,Sports,Karnataka,Regular,344,339,291,485,8158230.7399999993,23715.787034884,16948.116453488372
2025-02-01,Grocery,Karnataka,Regular,370,362,322,505,6682791.5,18061.598648649,13764.88448648648
2025-02-01,Grocery,Gujarat,Premium,54,53,52,68,594586.04,11010.852592593,9516.6651851851857
2025-02-01,Electronics,Tamil Nadu,Premium,124,120,116,165,3120844.899999999,25168.104032258,18542.286774193544
2025-02-01,Electronics,Uttar Pradesh,New,172,165,155,249,4238229.91,24640.871569767,16807.131279069767
2025-02-01,Sports,Gujarat,New,54,53,52,70,1057687.24,19586.800740741,13516.266666666666
2025-02-01,Electronics,Uttar Pradesh,Premium,185,179,167,255,4709412.1400000006,25456.281837838,19131.943729729734
2025-02-01,Grocery,Gujarat,New,50,50,50,65,1188861.63,23777.2326,16570.924199999998
2025-02-01,Beauty,Karnataka,Regular,384,380,331,529,7844079.7599999988,20427.291041667,14673.834609375004
2025-02-01,Sports,Gujarat,Premium,48,48,47,66,648339.67,13507.076458333,9448.9489583333343
2025-02-01,Beauty,Gujarat,Premium,47,47,46,54,1036175.3600000001,22046.284255319,20907.139574468089
2025-02-01,Home & Kitchen,Tamil Nadu,Premium,115,113,108,162,2811495.5099999993,24447.787043478,14800.501913043476
2025-02-01,Sports,Karnataka,Premium,73,72,71,112,2319691.88,31776.60109589,19289.07698630137
2025-02-01,Beauty,Karnataka,New,73,73,71,100,1384905.7400000002,18971.311506849,14750.53602739726
2025-02-01,Sports,Uttar Pradesh,Regular,340,337,291,457,6970687.6600000039,20502.022529412,14631.992088235298
2025-02-01,Fashion,Tamil Nadu,Premium,106,103,101,142,2449028.3600000008,23104.041132075,16736.20018867925
2025-02-01,Home & Kitchen,Tamil Nadu,New,105,103,100,129,2084696.4100000001,19854.25152381,15035.201523809526
2025-02-01,Grocery,West Bengal,Regular,225,224,206,306,3548005.8700000006,15768.914977778,12031.708755555557
2025-02-01,Beauty,Uttar Pradesh,Regular,382,377,320,527,8424276.6499999985,22053.080235602,15142.256753926695
2025-02-01,Grocery,Uttar Pradesh,Regular,397,388,327,535,7095752.2700000033,17873.431410579,13677.653123425685
2025-02-01,Grocery,Tamil Nadu,Premium,94,89,88,126,1518990.8400000008,16159.477021277,11589.333723404257
2025-02-01,Electronics,Maharashtra,New,221,211,191,295,4011172.7899999982,18150.103122172,13550.45963800905
2025-02-01,Electronics,Delhi,Regular,494,475,383,693,9789219.66,19816.234129555,13524.34704453441
2025-02-01,Home & Kitchen,Uttar Pradesh,Regular,632,615,475,880,11325062.389999993,17919.402515823,13217.123797468359
2025-02-01,Grocery,Tamil Nadu,New,79,77,73,112,1413479.1700000002,17892.141392405,12586.926329113925
2025-02-01,Fashion,Delhi,Regular,457,441,368,646,9459240.7699999958,20698.557483589,14807.000437636765
2025-02-01,Home & Kitchen,Karnataka,Regular,638,624,470,883,12482877.26,19565.638338558,14419.019968652037
2025-02-01,Fashion,Uttar Pradesh,Regular,705,684,495,986,14587674.819999995,20691.737333333,15027.952042553192
2025-02-01,Home & Kitchen,Delhi,Regular,404,395,337,547,8075397.3299999982,19988.607252475,13984.900792079208
2025-02-01,Fashion,Karnataka,Regular,732,706,535,986,15209002.939999998,20777.326420765,15229.540765027312
2025-02-01,Electronics,Uttar Pradesh,Regular,811,781,571,1086,17088468.5,21070.861282367,15444.550998766959
2025-02-01,Sports,West Bengal,Premium,34,33,32,47,1093095.99,32149.882058824,21506.899999999998
2025-02-01,Grocery,Delhi,Premium,59,58,58,76,1202685.0499999998,20384.492372881,16591.006949152539
2025-02-01,Beauty,Delhi,Regular,251,247,225,338,4807351.01,19152.792868526,14970.493665338645
2025-02-01,Electronics,Karnataka,Regular,818,797,556,1141,16875729.560000002,20630.476234719,15577.698166259162
2025-02-01,Sports,West Bengal,New,39,38,38,57,619182.89,15876.484358974,13947.345384615382
2025-02-01,Beauty,Tamil Nadu,Premium,64,64,62,84,708077.38000000012,11063.7090625,7565.2024999999994
2025-02-01,Grocery,Delhi,Regular,233,230,208,303,4304022.0999999978,18472.197854077,13606.013605150214
2025-02-01,Beauty,West Bengal,Premium,42,41,41,53,913658.4,21753.771428571,17913.002857142856
2025-02-01,Beauty,Tamil Nadu,New,61,59,58,97,1447632.19,23731.675245902,15956.983770491803
2025-02-01,Sports,Delhi,Regular,207,202,188,290,3991708.2299999995,19283.614637681,13824.25222222222
2025-02-01,Grocery,West Bengal,Premium,46,46,46,60,468265.33999999997,10179.681304348,7160.84652173913
2025-02-01,Sports,Maharashtra,Premium,78,77,77,97,1232475.79,15800.971666667,10775.131923076924
2025-02-01,Sports,Tamil Nadu,New,55,55,53,82,1158314.1199999999,21060.256727273,13949.943636363636
2025-02-01,Grocery,West Bengal,New,50,50,48,67,1067608.23,21352.1646,12914.638799999999
2025-02-01,Beauty,West Bengal,New,51,51,48,64,882341.54,17300.814509804,14627.789215686276
2025-02-01,Sports,West Bengal,Regular,188,184,172,264,4077160.4899999998,21687.023882979,16322.081329787228
2025-02-01,Sports,Maharashtra,Regular,400,391,331,558,7874395.2900000028,19685.988225,15197.411725
2025-02-01,Beauty,West Bengal,Regular,174,172,160,219,3046511.2299999991,17508.685229885,14567.84908045977
2025-02-01,Electronics,Delhi,Premium,118,115,114,186,2941502.55,24927.987711864,13865.892118644064
2025-02-01,Electronics,Maharashtra,Regular,938,906,611,1315,19225427.269999996,20496.191119403,15048.537324093817
2025-02-01,Sports,Maharashtra,New,91,90,85,129,1450158.6099999994,15935.808901099,12785.927362637363
2025-02-01,Electronics,Delhi,New,113,108,108,161,2065595.8099999994,18279.608938053,13153.608849557522
2025-02-01,Fashion,West Bengal,Premium,70,69,70,92,1523265.89,21760.941285714,16559.258285714284
2025-02-01,Grocery,Maharashtra,Premium,92,92,88,119,1996952.4300000004,21706.004673913,16386.204673913046
2025-02-01,Home & Kitchen,West Bengal,Premium,71,71,68,92,992445.73,13978.108873239,11403.281408450703
2025-02-01,Beauty,Maharashtra,Regular,422,413,344,594,8005885.2699999986,18971.292109005,13826.189620853087
2025-02-01,Electronics,West Bengal,Premium,72,70,71,104,1915176.0100000002,26599.666805556,16493.145416666666
2025-02-01,Beauty,Delhi,Premium,65,65,64,101,1078238.7999999998,16588.289230769,11105.300153846156
2025-02-01,Grocery,Maharashtra,New,93,92,91,122,2233685.82,24018.127096774,18675.039784946239
2025-02-01,Fashion,Delhi,New,111,109,107,161,2102180.5,18938.563063063,12748.083513513515
2025-02-01,Home & Kitchen,West Bengal,New,74,73,70,101,1683352.49,22748.006621622,15987.144729729731
2025-02-01,Fashion,Maharashtra,Regular,771,748,535,1058,16676824.550000006,21630.122632944,15661.430817120623
2025-02-01,Fashion,West Bengal,New,79,78,73,111,1529389.8600000003,19359.365316456,13460.595316455694
2025-02-01,Fashion,Delhi,Premium,98,96,94,131,2332365.8499999996,23799.651530612,16400.770510204075
2025-02-01,Home & Kitchen,Maharashtra,Regular,694,673,506,973,14445240.130000008,20814.46704611,15404.454452449574
2025-02-01,Home & Kitchen,Delhi,New,91,91,87,125,1889960.5600000003,20768.797362637,16935.328131868133
2025-02-01,Home & Kitchen,Delhi,Premium,78,78,72,105,1525231.6199999999,19554.251538462,16370.493461538465
2025-02-01,Beauty,Maharashtra,New,103,102,96,133,2466629.1,23947.855339806,16908.832330097088
2025-02-01,Grocery,Maharashtra,Regular,478,468,368,652,8854012.1200000029,18523.03790795,13780.481485355649
2025-02-01,Electronics,Maharashtra,Premium,207,199,189,298,3264454.080000001,15770.309565217,11340.517487922705
2025-03-01,Grocery,Karnataka,New,73,71,72,102,1349171.1199999999,18481.796164384,12661.97890410959
2025-03-01,Beauty,West Bengal,Premium,51,51,51,76,1606504.4800000002,31500.087843137,20617.632745098035
2025-03-01,Beauty,Delhi,New,70,69,69,96,990950.46,14156.435142857,11275.687714285714
2025-03-01,Electronics,Tamil Nadu,New,136,133,128,183,2426418.5300000003,17841.312720588,14191.50536764706
2025-03-01,Home & Kitchen,Delhi,Regular,452,435,373,642,9745139.8699999955,21560.043960177,14999.432876106204
2025-03-01,Home & Kitchen,Uttar Pradesh,Regular,663,644,476,886,12701573.789999997,19157.728190045,14331.244313725496
2025-03-01,Fashion,West Bengal,Premium,99,97,98,136,1683704.4000000001,17007.115151515,13621.842626262627
2025-03-01,Electronics,West Bengal,New,99,97,95,126,1682795.21,16997.931414141,14510.378080808083
2025-03-01,Sports,Karnataka,New,73,72,71,96,1343800.3399999999,18408.223835616,15378.97589041096
2025-03-01,Sports,Maharashtra,Regular,448,443,357,612,9140145.4800000023,20402.110446429,15545.813102678572
2025-03-01,Fashion,West Bengal,New,97,95,92,135,1437157.51,14816.056804124,9588.4608247422711
2025-03-01,Home & Kitchen,Telangana,New,92,91,87,131,1890858.36,20552.80826087,13769.689130434785
2025-03-01,Sports,Tamil Nadu,Premium,82,80,78,120,1868955.7000000002,22792.142682927,16205.47719512195
2025-03-01,Beauty,Uttar Pradesh,Regular,432,423,340,605,8381185.870000002,19400.893217593,14314.824120370366
2025-03-01,Grocery,Uttar Pradesh,Regular,424,413,350,582,7856649.5399999991,18529.833820755,13082.70615566038
2025-03-01,Beauty,Karnataka,Premium,72,68,67,97,1399816.4899999998,19441.895694444,13350.40388888889
2025-03-01,Fashion,Delhi,Regular,517,500,393,708,11038595.849999996,21351.249226306,15604.374081237913
2025-03-01,Home & Kitchen,Tamil Nadu,Premium,114,109,101,161,2254220.2500000005,19773.861842105,14653.198947368421
2025-03-01,Grocery,Tamil Nadu,Premium,89,86,85,131,2134393.88,23981.953707865,14342.403483146067
2025-03-01,Fashion,Uttar Pradesh,Regular,722,690,506,1012,18452083.489999995,25556.90234072,17665.491468144039
2025-03-01,Home & Kitchen,Maharashtra,Premium,178,167,166,243,3630335.6400000015,20395.144044944,14783.317584269662
2025-03-01,Beauty,Karnataka,Regular,437,428,351,596,9293687.35,21267.019107551,14885.899038901605
2025-03-01,Grocery,Maharashtra,New,104,102,97,151,1991561.7799999996,19149.6325,13810.004999999997
2025-03-01,Grocery,Delhi,Premium,69,67,66,92,1513421.0599999998,21933.638550725,16557.739999999998
2025-03-01,Grocery,Tamil Nadu,New,73,69,70,103,1223397.37,16758.868082192,12402.623150684933
2025-03-01,Grocery,Telangana,New,83,82,79,111,1555438.4899999998,18740.222771084,13383.415542168674
2025-03-01,Grocery,Maharashtra,Regular,492,487,389,702,10541415.909999995,21425.642093496,14905.465040650404
2025-03-01,Home & Kitchen,Delhi,Premium,77,77,75,98,1104639.1400000001,14345.962857143,12839.794935064934
2025-03-01,Electronics,Gujarat,Regular,559,534,421,781,12610220.789999995,22558.53450805,16404.055062611817
2025-03-01,Electronics,West Bengal,Premium,102,95,99,156,2983092.1500000004,29246.001470588,18403.139509803914
2025-03-01,Beauty,Maharashtra,Premium,121,119,113,166,2052492.2899999998,16962.746198347,12823.9273553719
2025-03-01,Beauty,Maharashtra,New,102,101,99,141,2171609.22,21290.286470588,15186.170294117645
2025-03-01,Beauty,Maharashtra,Regular,498,489,397,703,10497000.359999996,21078.313975904,14944.978614457825
2025-03-01,Sports,Karnataka,Premium,79,78,77,110,1309122.46,16571.170379747,13242.973797468356
2025-03-01,Grocery,Karnataka,Regular,429,419,347,596,7565823.6799999988,17635.952634033,13416.352960372966
2025-03-01,Grocery,Telangana,Premium,82,81,77,120,1651959.6800000002,20145.849756098,12799.789756097562
2025-03-01,Electronics,West Bengal,Regular,484,466,380,657,8852740.18,18290.785495868,14402.165289256203
2025-03-01,Electronics,Delhi,Regular,575,548,437,801,13137406.379999999,22847.663269565,15635.304817391308
2025-03-01,Home & Kitchen,Telangana,Premium,131,129,127,172,3100507.3900000006,23667.995343511,17460.214198473281
2025-03-01,Home & Kitchen,Delhi,New,88,87,86,115,1649782.69,18747.530568182,15719.772727272728
2025-03-01,Home & Kitchen,Tamil Nadu,New,106,104,100,139,2556340.17,24116.416698113,18435.554905660378
2025-03-01,Beauty,Delhi,Regular,309,301,265,416,6739426.3200000012,21810.441165049,16028.506699029133
2025-03-01,Sports,Delhi,Premium,57,56,57,84,887503.45,15570.235964912,12600.128070175437
2025-03-01,Fashion,Maharashtra,New,175,170,159,253,3523541.4299999997,20134.522457143,13938.355428571427
2025-03-01,Fashion,Maharashtra,Premium,172,165,159,228,4121189.3099999996,23960.402965116,16865.20488372093
2025-03-01,Sports,Uttar Pradesh,Regular,328,324,278,449,7173790.5200000023,21871.312560976,15914.882743902441
2025-03-01,Electronics,Uttar Pradesh,Premium,213,197,199,305,3236323.310000001,15194.006150235,11412.744835680753
2025-03-01,Electronics,Uttar Pradesh,New,209,197,190,290,4050633.4799999991,19381.021435407,14235.703397129184
2025-03-01,Fashion,Telangana,New,141,137,127,211,3052298.5700000008,21647.507588652,12853.647943262415
2025-03-01,Fashion,Telangana,Premium,142,136,135,191,2638382.08,18580.155492958,13690.960211267606
2025-03-01,Fashion,Gujarat,Regular,486,467,378,681,9071839.5799999982,18666.336584362,14095.495925925925
2025-03-01,Grocery,West Bengal,Regular,235,232,213,323,5220294.6600000011,22214.019829787,15177.272851063832
2025-03-01,Home & Kitchen,West Bengal,Premium,83,81,80,115,1809576.2999999998,21802.124096386,20044.259879518071
2025-03-01,Grocery,Delhi,Regular,284,279,248,384,5681431.7,20005.041197183,14562.50823943662
2025-03-01,Electronics,Uttar Pradesh,Regular,872,842,583,1247,18184734.200000007,20854.052981651,14746.430699541283
2025-03-01,Sports,Gujarat,New,48,47,47,72,1228863.7600000002,25601.328333333,16569.4
2025-03-01,Beauty,West Bengal,Regular,244,238,214,341,5196416.8500000015,21296.790368852,14113.321147540981
2025-03-01,Home & Kitchen,Gujarat,Regular,418,404,336,598,9581519.1300000027,22922.294569378,16098.161842105259
2025-03-01,Fashion,Karnataka,Regular,756,735,530,1061,15255457.430000011,20179.176494709,14479.737367724871
2025-03-01,Fashion,Uttar Pradesh,New,173,162,154,232,3775786.5599999996,21825.35583815,15662.159421965318
2025-03-01,Grocery,Gujarat,Regular,299,289,248,413,6172298.9099999992,20643.140167224,15680.785886287626
2025-03-01,Beauty,Telangana,New,72,72,69,96,1113116.15,15459.946527778,11612.191388888887
2025-03-01,Sports,Telangana,New,71,68,68,88,1370869.5600000003,19308.021971831,17334.546056338026
2025-03-01,Sports,Karnataka,Regular,370,365,315,497,6770472.3,18298.573783784,13883.990486486487
2025-03-01,Beauty,Gujarat,New,56,56,55,82,1184182.9200000002,21146.123571429,14902.403214285714
2025-03-01,Electronics,Telangana,Premium,170,167,159,231,3605722.4999999991,21210.132352941,16138.562352941177
2025-03-01,Electronics,Maharashtra,New,207,199,188,286,4426337.18,21383.271400966,14878.887439613527
2025-03-01,Electronics,Telangana,New,174,161,163,238,4195067.44,24109.582988506,17804.733735632191
2025-03-01,Fashion,Uttar Pradesh,Premium,166,161,153,226,4749645.11,28612.319939759,19568.08096385542
2025-03-01,Beauty,Telangana,Premium,69,68,67,105,1360808.08,19721.856231884,14122.564927536234
2025-03-01,Beauty,Tamil Nadu,New,68,67,66,89,1547427.8800000001,22756.292352941,15814.406617647061
2025-03-01,Grocery,Gujarat,New,58,58,56,92,820712.60999999987,14150.217413793,11183.947068965515
2025-03-01,Sports,Gujarat,Premium,46,46,43,64,668131.44,14524.596521739,10855.780217391302
2025-03-01,Home & Kitchen,Uttar Pradesh,New,149,142,134,223,3296083.2399999998,22121.364026846,15591.302953020135
2025-03-01,Home & Kitchen,Maharashtra,Regular,757,734,513,1054,16323689.070000006,21563.657952444,15597.7636327609
2025-03-01,Home & Kitchen,Uttar Pradesh,Premium,144,140,133,195,2852646.1700000004,19810.042847222,13987.421736111113
2025-03-01,Fashion,Tamil Nadu,New,140,136,127,193,3027628.2499999995,21625.916071429,16132.651500000002
2025-03-01,Beauty,Gujarat,Regular,267,262,231,350,4852106.84,18172.684794007,14260.134794007492
2025-03-01,Beauty,Karnataka,New,94,94,92,132,1783104.48,18969.196595745,14279.58
2025-03-01,Fashion,West Bengal,Regular,415,399,339,579,9776795.5200000014,23558.543421687,16557.764457831334
2025-03-01,Beauty,Gujarat,Premium,61,60,55,79,935944.56999999983,15343.353606557,9663.4632786885231
2025-03-01,Grocery,West Bengal,Premium,38,38,37,55,771234.77999999991,20295.652105263,13900.466842105263
2025-03-01,Sports,Telangana,Premium,63,62,62,97,1742114.9099999997,27652.617619048,18523.434603174606
2025-03-01,Sports,Delhi,Regular,239,239,207,316,4486109.9099999983,18770.334351464,13739.804309623432
2025-03-01,Electronics,Karnataka,Premium,191,181,177,260,3701143.8599999994,19377.716544503,15968.5609947644
2025-03-01,Sports,Telangana,Regular,346,342,287,486,6358504.11,18377.179508671,13510.309132947974
2025-03-01,Sports,Gujarat,Regular,251,247,225,363,5200849.8900000006,20720.51749004,14222.869601593629
2025-03-01,Fashion,Tamil Nadu,Premium,143,140,132,181,2348675.6599999997,16424.305314685,13728.814195804198
2025-03-01,Electronics,Tamil Nadu,Premium,149,149,138,189,2941446.06,19741.248724832,15305.671073825506
2025-03-01,Beauty,Telangana,Regular,367,360,311,514,7142619.200000003,19462.177656676,14599.159863760215
2025-03-01,Home & Kitchen,West Bengal,New,72,70,70,99,1157580.63,16077.50875,11290.288472222222
2025-03-01,Electronics,Karnataka,New,177,168,156,241,3792038.9200000004,21423.948700565,16407.795819209037
2025-03-01,Grocery,Telangana,Regular,382,374,319,536,8529180.16,22327.696753927,15780.578036649214
2025-03-01,Fashion,Maharashtra,Regular,846,814,574,1161,19771820.969999995,23370.94677305,16770.524976359346
2025-03-01,Fashion,Karnataka,New,176,171,164,240,2809202.05,15961.375284091,11906.053920454544
2025-03-01,Sports,Tamil Nadu,New,63,63,62,83,778410.19,12355.717301587,10056.578888888887
2025-03-01,Electronics,Tamil Nadu,Regular,725,692,526,1003,14656669.790000005,20216.096262069,14773.865075862075
2025-03-01,Sports,West Bengal,Regular,196,190,171,273,4040568.8499999987,20615.147193878,14332.56163265306
2025-03-01,Sports,West Bengal,Premium,42,41,41,59,939698.28,22373.768571429,17341.696428571428
2025-03-01,Home & Kitchen,Telangana,Regular,554,538,421,781,10772094.949999994,19444.214711191,13603.139151624546
2025-03-01,Grocery,Uttar Pradesh,New,105,103,100,144,1551948.6699999997,14780.46352381,9889.1884761904785
2025-03-01,Sports,Tamil Nadu,Regular,269,259,239,369,5960042.2299999986,22156.290817844,15350.523791821561
2025-03-01,Grocery,West Bengal,New,44,42,43,57,914268.2,20778.822727273,15446.077272727272
2025-03-01,Electronics,Karnataka,Regular,892,864,591,1255,18930716.099999994,21222.775896861,14551.480291479817
2025-03-01,Grocery,Karnataka,Premium,121,119,114,170,2673750.86,22097.114545455,14948.180826446283
2025-03-01,Grocery,Gujarat,Premium,74,69,72,101,1619099.5,21879.722972973,16495.954054054055
2025-03-01,Electronics,Delhi,New,114,112,104,146,2137165.3600000003,18747.064561404,14106.496842105264
2025-03-01,Fashion,Telangana,Regular,649,627,469,903,13536705.309999993,20857.789383667,14376.143343605552
2025-03-01,Home & Kitchen,West Bengal,Regular,349,336,285,478,7965374.4399999985,22823.422464183,17662.703037249277
2025-03-01,Sports,West Bengal,New,60,57,60,80,1206265.8299999998,20104.4305,17152.11683333333
2025-03-01,Grocery,Maharashtra,Premium,90,90,87,125,1159251.77,12880.575222222,8766.031444444443
2025-03-01,Sports,Delhi,New,55,54,55,79,705570.71,12828.558363636,10254.605454545455
2025-03-01,Fashion,Karnataka,Premium,163,153,152,218,2995251.080000001,18375.773496933,14482.827546012264
2025-03-01,Grocery,Delhi,New,54,54,52,74,835485.24,15471.948888889,11574.816851851852
2025-03-01,Electronics,Gujarat,New,119,117,110,165,2407773.4200000004,20233.390084034,16255.253781512607
2025-03-01,Electronics,Telangana,Regular,752,723,529,1041,13876873.150000002,18453.288763298,14519.028896276588
2025-03-01,Fashion,Tamil Nadu,Regular,567,552,433,791,11947721.290000003,21071.818853616,14401.340987654321
2025-03-01,Fashion,Delhi,New,114,112,107,163,3190440.3900000006,27986.319210526,19147.887894736843
2025-03-01,Sports,Maharashtra,Premium,89,85,85,126,1586020.54,17820.455505618,13445.232808988763
2025-03-01,Electronics,Maharashtra,Regular,955,914,609,1306,17335581.150000006,18152.440994764,13532.608513089011
2025-03-01,Beauty,Uttar Pradesh,Premium,92,90,89,128,2303703.9300000006,25040.260108696,14964.752173913042
2025-03-01,Home & Kitchen,Karnataka,New,138,135,124,186,3696406.8899999992,26785.557173913,18698.273985507243
2025-03-01,Beauty,West Bengal,New,48,46,47,63,1028298.4900000001,21422.885208333,17929.777083333334
2025-03-01,Electronics,Gujarat,Premium,118,111,109,153,1929606.7200000002,16352.599322034,12187.889915254236
2025-03-01,Beauty,Tamil Nadu,Premium,57,55,55,77,1562941.03,27420.018070175,19420.905789473687
2025-03-01,Home & Kitchen,Gujarat,Premium,93,89,86,120,1347189.8800000004,14485.912688172,11788.053118279571
2025-03-01,Home & Kitchen,Tamil Nadu,Regular,545,520,412,726,10497174.459999999,19260.870568807,14644.512880733946
2025-03-01,Fashion,Gujarat,New,116,113,112,157,2241600.9200000004,19324.145862069,13267.567844827585
2025-03-01,Beauty,Delhi,Premium,53,52,51,67,1302795.93,24581.055283019,18940.537924528304
2025-03-01,Home & Kitchen,Karnataka,Premium,152,146,141,203,3357141.0900000012,22086.454539474,16021.788289473678
2025-03-01,Beauty,Tamil Nadu,Regular,337,332,282,427,6676200.25,19810.683234421,15647.61400593472
2025-03-01,Grocery,Uttar Pradesh,Premium,82,81,79,117,1441297.6,17576.8,13689.394268292685
2025-03-01,Beauty,Uttar Pradesh,New,80,77,75,110,1213698.91,15171.236375,11658.448624999999
2025-03-01,Sports,Uttar Pradesh,New,66,65,62,96,1264042.88,19152.164848485,13794.73590909091
2025-03-01,Sports,Maharashtra,New,84,84,80,108,1479724.16,17615.763809524,12969.710952380952
2025-03-01,Sports,Uttar Pradesh,Premium,78,78,74,112,1417517.4400000002,18173.300512821,14648.749230769234
2025-03-01,Electronics,Delhi,Premium,120,116,110,164,2234306.3800000004,18619.219833333,13830.605333333331
2025-03-01,Fashion,Gujarat,Premium,108,108,105,172,2302942.01,21323.53712963,13929.904722222225
2025-03-01,Electronics,Maharashtra,Premium,196,185,178,261,3449018.169999999,17597.031479592,13441.143520408161
2025-03-01,Home & Kitchen,Gujarat,New,107,106,104,152,2391489.85,22350.372429907,15399.973738317753
2025-03-01,Home & Kitchen,Karnataka,Regular,638,623,478,883,13588342.770000011,21298.342899687,15292.920893416929
2025-03-01,Grocery,Tamil Nadu,Regular,356,346,290,481,5894158.3699999982,16556.624634831,12303.696123595504
2025-03-01,Fashion,Delhi,Premium,121,116,115,173,2439472.36,20160.928595041,15141.28512396694
2025-03-01,Home & Kitchen,Maharashtra,New,152,149,145,200,2642178.33,17382.752171053,13010.000789473686
2025-04-01,Sports,Telangana,New,65,63,60,85,968815.05999999994,14904.847076923,11017.251384615385
2025-04-01,Grocery,Delhi,Premium,59,59,59,80,727738.10000000009,12334.544067797,9350.6344067796581
2025-04-01,Fashion,Maharashtra,Premium,196,186,177,301,4131777.3299999987,21080.496581633,14092.261377551022
2025-04-01,Fashion,West Bengal,Regular,384,371,321,529,7320289.2,19063.253125,14281.115182291665
2025-04-01,Sports,Tamil Nadu,Premium,51,51,51,68,900695.97,17660.705294118,14574.446666666663
2025-04-01,Home & Kitchen,Maharashtra,New,156,151,146,215,2879137.14,18456.007307692,13373.993910256409
2025-04-01,Sports,Uttar Pradesh,Premium,81,80,79,112,1535096.0699999998,18951.803333333,15015.848641975312
2025-04-01,Home & Kitchen,Karnataka,Premium,144,139,136,197,2843813.8200000003,19748.707083333,14419.71305555556
2025-04-01,Beauty,Uttar Pradesh,Premium,82,81,78,106,2004075.9600000004,24439.950731707,19150.872560975611
2025-04-01,Sports,Uttar Pradesh,New,83,83,80,123,1796363.81,21642.93746988,14441.387590361446
2025-04-01,Grocery,Tamil Nadu,Regular,340,332,291,460,5105755.1999999993,15016.927058824,11665.461352941176
2025-04-01,Fashion,Gujarat,Premium,114,111,107,162,1864504.7600000005,16355.304912281,11061.275614035087
2025-04-01,Electronics,Delhi,New,124,119,118,171,2419216.6099999994,19509.811370968,14678.282016129033
2025-04-01,Fashion,Karnataka,New,143,139,128,195,2923340.76,20442.942377622,15306.076713286708
2025-04-01,Fashion,Karnataka,Premium,155,153,145,217,3884781.1999999993,25063.104516129,17667.079032258065
2025-04-01,Home & Kitchen,Gujarat,New,95,93,91,122,1880352.9899999998,19793.189368421,16418.104421052631
2025-04-01,Home & Kitchen,Tamil Nadu,Regular,536,524,414,742,11016771.260000005,20553.677723881,14648.115559701484
2025-04-01,Sports,Tamil Nadu,New,57,54,56,88,1484740.48,26048.078596491,14284.181929824563
2025-04-01,Electronics,Gujarat,Premium,116,112,110,163,1829392.3400000003,15770.62362069,12006.407241379311
2025-04-01,Fashion,Delhi,New,127,119,121,160,2497812.2299999995,19667.812834646,16174.929448818895
2025-04-01,Grocery,West Bengal,Premium,55,55,54,76,1503376.65,27334.120909091,14238.136
2025-04-01,Electronics,Maharashtra,Regular,976,936,621,1343,19084869.630000014,19554.169702869,14663.795225409836
2025-04-01,Electronics,Telangana,Regular,755,732,518,1086,16899644.15,22383.634635762,15311.479377483451
2025-04-01,Fashion,Maharashtra,New,198,191,178,278,3952275.4400000013,19960.987070707,13551.097676767673
2025-04-01,Sports,West Bengal,Premium,48,46,45,66,879327.49,18319.322708333,13275.238541666666
2025-04-01,Beauty,Tamil Nadu,Regular,305,297,258,436,6594950.4999999963,21622.78852459,15590.798655737708
2025-04-01,Electronics,West Bengal,Regular,398,387,332,560,8572133.7599999923,21538.024522613,15384.191105527636
2025-04-01,Home & Kitchen,Karnataka,New,132,130,124,179,2838255.8899999997,21501.938560606,15408.048636363636
2025-04-01,Electronics,Delhi,Premium,132,127,125,186,3142866.9599999995,23809.598181818,16903.838030303028
2025-04-01,Grocery,Uttar Pradesh,New,95,91,90,123,1825619.8800000004,19217.051368421,14405.925789473686
2025-04-01,Fashion,Telangana,Regular,709,682,517,985,16226475.839999996,22886.425726375,16549.144428772917
2025-04-01,Fashion,Tamil Nadu,Regular,606,592,448,832,12263276.009999996,20236.429059406,15058.278597359733
2025-04-01,Sports,Maharashtra,Premium,72,71,71,94,1322274.02,18364.916944444,13665.057361111112
2025-04-01,Home & Kitchen,Gujarat,Premium,84,78,80,118,1530816.7399999998,18224.008809524,13682.916428571427
2025-04-01,Beauty,Delhi,New,63,62,61,89,1652199.69,26225.391904762,17407.102380952379
2025-04-01,Beauty,Uttar Pradesh,New,96,96,94,127,2278241.3500000006,23731.680729167,18803.573854166669
2025-04-01,Grocery,Uttar Pradesh,Premium,97,95,95,131,1937644.4100000001,19975.71556701,14961.854123711342
2025-04-01,Fashion,Gujarat,New,129,125,122,187,2083357.4300000002,16150.057596899,12655.087441860464
2025-04-01,Sports,West Bengal,Regular,191,184,177,262,3999026.620000001,20937.312146597,16909.907277486913
2025-04-01,Sports,Tamil Nadu,Regular,283,278,246,386,5979814.9499999974,21130.088162544,15759.218268551238
2025-04-01,Home & Kitchen,Telangana,Regular,568,553,428,808,12522160.879999997,22046.057887324,15282.067130281683
2025-04-01,Home & Kitchen,Maharashtra,Premium,162,156,149,212,3554924.6199999996,21943.979135802,15702.815864197526
2025-04-01,Sports,Gujarat,New,73,72,67,100,1379878.67,18902.447534247,14173.936712328768
2025-04-01,Fashion,Maharashtra,Regular,867,839,585,1178,16929031.339999989,19525.987704729,14296.477220299892
2025-04-01,Electronics,Tamil Nadu,Premium,164,159,159,217,3342576.36,20381.563170732,15263.674939024389
2025-04-01,Grocery,West Bengal,New,44,43,44,63,1039235.78,23618.995,15785.139772727271
2025-04-01,Beauty,West Bengal,Premium,43,42,43,53,983971.97000000009,22883.069069767,19606.707209302327
2025-04-01,Fashion,Delhi,Premium,113,110,109,149,2093729.4700000009,18528.579380531,12880.003451327437
2025-04-01,Home & Kitchen,West Bengal,New,69,68,67,108,2248158.3100000005,32582.004492754,22334.575072463773
2025-04-01,Electronics,Gujarat,New,142,138,135,180,2655491.91,18700.647253521,14376.653028169016
2025-04-01,Sports,Gujarat,Regular,230,229,200,311,4620736.05,20090.15673913,16116.350652173916
2025-04-01,Electronics,Tamil Nadu,Regular,751,715,525,1064,16740266.389999997,22290.634340879,16640.362503328895
2025-04-01,Electronics,Karnataka,Regular,872,838,565,1205,16512855.22,18936.760573394,13222.535596330275
2025-04-01,Grocery,Telangana,Regular,374,368,316,493,6724618.8200000022,17980.264224599,13247.191443850268
2025-04-01,Electronics,Maharashtra,New,203,194,183,287,4388238.0299999993,21616.936108374,16227.660049261083
2025-04-01,Grocery,Gujarat,New,66,65,63,87,1020557.6799999999,15462.995151515,12606.182121212123
2025-04-01,Beauty,Gujarat,Premium,66,63,65,89,1330725.07,20162.501060606,13743.728787878787
2025-04-01,Sports,Delhi,New,51,51,51,66,1099826.64,21565.228235294,15761.803529411764
2025-04-01,Home & Kitchen,Uttar Pradesh,New,133,131,121,197,2620149.1399999992,19700.369473684,12892.22466165414
2025-04-01,Grocery,Tamil Nadu,Premium,65,64,64,93,1408812.4500000002,21674.037692308,13196.272461538461
2025-04-01,Electronics,Karnataka,New,187,183,167,269,3914287.6599999992,20932.019572193,14096.570320855611
2025-04-01,Electronics,Tamil Nadu,New,146,138,134,202,3326655.98,22785.314931507,15776.897397260278
2025-04-01,Beauty,West Bengal,New,40,40,39,54,1036776.3800000001,25919.4095,18970.85025
2025-04-01,Sports,Gujarat,Premium,62,61,61,88,1130829.96,18239.192903226,12869.93
2025-04-01,Home & Kitchen,Uttar Pradesh,Premium,140,139,130,189,3114350.5300000007,22245.360928571,15482.167571428576
2025-04-01,Fashion,West Bengal,New,73,72,70,104,1613484.1099999999,22102.522054795,14658.241780821914
2025-04-01,Electronics,West Bengal,New,107,101,103,144,1735448.8099999998,16219.147757009,12689.587383177572
2025-04-01,Beauty,Telangana,Regular,339,334,293,476,8245777.1699999981,24323.826460177,16252.465604719764
2025-04-01,Home & Kitchen,West Bengal,Regular,338,328,288,474,6681385.8400000008,19767.413727811,13717.4273964497
2025-04-01,Fashion,Tamil Nadu,Premium,141,137,132,198,3232509.42,22925.598723404,16072.771276595748
2025-04-01,Beauty,Delhi,Regular,250,248,223,368,4862962.120000001,19451.84848,14589.142000000003
2025-04-01,Beauty,Karnataka,Premium,95,92,86,132,1805077.27,19000.813368421,14143.045789473685
2025-04-01,Sports,Maharashtra,New,84,82,80,108,1685704.3,20067.908333333,15364.531904761909
2025-04-01,Fashion,West Bengal,Premium,76,75,72,104,1666978.7000000002,21933.930263158,14683.125921052631
2025-04-01,Grocery,Gujarat,Regular,269,264,237,371,4912834.4400000032,18263.325055762,13622.701301115241
2025-04-01,Fashion,Uttar Pradesh,Premium,148,146,139,199,2609151.060000001,17629.399054054,14760.677297297298
2025-04-01,Sports,Telangana,Regular,298,294,259,427,5374381.6999999993,18034.837919463,12318.049295302011
2025-04-01,Fashion,Uttar Pradesh,New,150,144,141,215,3017625.0000000005,20117.5,13637.3842
2025-04-01,Grocery,Gujarat,Premium,59,59,58,78,925820.95999999985,15691.880677966,13385.192033898305
2025-04-01,Sports,West Bengal,New,35,35,34,45,657753.54,18792.958285714,14232.046857142856
2025-04-01,Grocery,Telangana,New,68,67,65,94,1388623.0799999996,20420.927647059,14445.818529411765
2025-04-01,Grocery,Maharashtra,New,107,106,100,149,2037733.1700000002,19044.235233645,14761.933177570094
2025-04-01,Electronics,Karnataka,Premium,197,187,172,258,3704423.31,18804.179238579,14483.88365482233
2025-04-01,Home & Kitchen,West Bengal,Premium,78,75,75,110,1922447.8,24646.766666667,17240.76282051282
2025-04-01,Sports,Telangana,Premium,68,68,64,91,1197232.51,17606.360441176,14005.676764705884
2025-04-01,Fashion,Tamil Nadu,New,131,128,118,180,2030303.55,15498.500381679,12628.70465648855
2025-04-01,Beauty,Gujarat,New,56,55,56,75,792188.33999999985,14146.220357143,11701.168214285713
2025-04-01,Home & Kitchen,Tamil Nadu,Premium,129,126,117,183,2454147.1699999995,19024.396666667,12418.14596899225
2025-04-01,Beauty,Gujarat,Regular,282,279,238,384,5800736.3700000029,20569.98712766,15186.97570921986
2025-04-01,Beauty,Telangana,New,70,67,66,106,1410662.47,20152.321,14516.695857142859
2025-04-01,Home & Kitchen,Delhi,New,104,102,102,136,2267844.0900000003,21806.193173077,14366.002403846152
2025-04-01,Sports,Delhi,Regular,271,262,235,383,5612120.15,20708.930442804,14603.386678966792
2025-04-01,Beauty,Karnataka,New,92,90,90,121,1785957.0100000002,19412.576195652,15413.377173913041
2025-04-01,Home & Kitchen,Tamil Nadu,New,123,122,116,165,2547563.6700000009,20711.899756098,15777.668455284553
2025-04-01,Home & Kitchen,Gujarat,Regular,394,381,325,532,7784175.1500000013,19756.789720812,14418.917538071062
2025-04-01,Electronics,Telangana,Premium,158,150,150,209,3415555.0300000007,21617.436898734,14138.717531645569
2025-04-01,Home & Kitchen,Maharashtra,Regular,700,673,503,947,14766595.649999999,21095.136642857,15076.591428571428
2025-04-01,Electronics,Uttar Pradesh,Premium,176,173,157,218,3560752.5800000005,20231.54875,16786.845965909084
2025-04-01,Beauty,Telangana,Premium,75,73,74,93,1217993.51,16239.913466667,13531.879733333333
2025-04-01,Fashion,Telangana,Premium,152,147,142,211,2288424.2899999996,15055.422960526,12094.638157894737
2025-04-01,Electronics,Telangana,New,151,144,144,208,3387296.3299999982,22432.42602649,17508.383774834438
2025-04-01,Grocery,Delhi,Regular,285,280,248,423,5641890.9,19796.108421053,13422.956245614043
2025-04-01,Grocery,Karnataka,Premium,87,86,82,120,1829665.7000000002,21030.640229885,14903.007241379311
2025-04-01,Electronics,Uttar Pradesh,Regular,855,823,576,1170,16633462.000000004,19454.341520468,13982.249391812868
2025-04-01,Electronics,Maharashtra,Premium,214,208,192,296,4410191.0499999989,20608.369392523,15827.589626168223
2025-04-01,Fashion,Gujarat,Regular,500,485,390,708,11251366.250000004,22502.7325,16101.81406
2025-04-01,Electronics,Uttar Pradesh,New,209,197,194,305,4408804.0000000009,21094.755980861,14168.463971291867
2025-04-01,Sports,Karnataka,Premium,84,83,81,114,2132257.41,25384.016785714,18236.721428571429
2025-04-01,Grocery,Maharashtra,Regular,520,512,419,757,10590732.199999996,20366.792692308,14163.538557692309
2025-04-01,Fashion,Telangana,New,135,132,127,183,3583835.87,26546.93237037,18123.474592592596
2025-04-01,Sports,Karnataka,Regular,413,404,335,554,8677436.6600000039,21010.74251816,16487.210968523003
2025-04-01,Beauty,Karnataka,Regular,416,406,347,566,7676151.0700000012,18452.286225962,14125.895336538457
2025-04-01,Beauty,Maharashtra,New,100,97,96,132,2345574.0599999996,23455.7406,18979.148299999997
2025-04-01,Home & Kitchen,Telangana,Premium,133,129,126,187,2753909.4699999997,20706.086240602,15756.683834586465
2025-04-01,Sports,Uttar Pradesh,Regular,374,364,312,517,7518899.0499999989,20104.00815508,14422.200454545455
2025-04-01,Electronics,West Bengal,Premium,88,87,84,121,2175119.6,24717.268181818,15936.809090909086
2025-04-01,Home & Kitchen,Delhi,Premium,85,83,78,114,1577947.6599999997,18564.090117647,14097.382235294117
2025-04-01,Fashion,Karnataka,Regular,696,669,500,1002,15427599.770000003,22166.091623563,15891.770186781619
2025-04-01,Beauty,Maharashtra,Premium,103,101,95,137,2111370.9299999997,20498.746893204,14806.9672815534
2025-04-01,Home & Kitchen,Telangana,New,120,117,113,161,2138979.43,17824.828583333,14341.639416666667
2025-04-01,Electronics,Delhi,Regular,560,543,445,792,9811158.7700000033,17519.926375,12801.92155357143
2025-04-01,Grocery,Karnataka,Regular,433,424,359,622,9678438.9199999981,22352.052933025,14127.509376443422
2025-04-01,Electronics,Gujarat,Regular,612,590,465,857,13041941.650000006,21310.362173203,15092.37442810458
2025-04-01,Sports,Delhi,Premium,43,42,41,56,841249.95999999985,19563.95255814,15489.971627906974
2025-04-01,Beauty,Uttar Pradesh,Regular,410,406,338,563,8461829.85,20638.609390244,13821.09709756098
2025-04-01,Fashion,Uttar Pradesh,Regular,708,683,514,1020,15959998.69999999,22542.371045198,14762.051412429384
2025-04-01,Sports,Karnataka,New,75,71,74,105,1999266.0599999996,26656.8808,16415.886933333331
2025-04-01,Fashion,Delhi,Regular,532,512,416,726,9973851.6899999976,18747.841522556,14334.166804511273
2025-04-01,Beauty,Tamil Nadu,Premium,83,81,81,112,1491705.5399999998,17972.355903614,12917.380843373496
2025-04-01,Beauty,Delhi,Premium,70,70,69,100,1400758.9800000002,20010.842571429,13242.010714285714
2025-04-01,Grocery,Telangana,Premium,90,87,87,131,1385182.3899999994,15390.915444444,10959.560777777777
2025-04-01,Grocery,Karnataka,New,74,73,71,100,1250134.81,16893.713648649,13631.427162162161
2025-04-01,Grocery,Delhi,New,70,67,67,89,1500484.5,21435.492857143,16419.042
2025-04-01,Grocery,Uttar Pradesh,Regular,436,428,349,610,9158422.7400000021,21005.556743119,14335.388669724776
2025-04-01,Grocery,West Bengal,Regular,223,218,200,298,4891588.700000002,21935.375336323,16539.839641255603
2025-04-01,Home & Kitchen,Karnataka,Regular,652,635,482,897,13957654.590000002,21407.445690184,15141.444125766877
2025-04-01,Home & Kitchen,Uttar Pradesh,Regular,639,619,477,864,13463789.590000007,21070.093255086,15756.236103286383
2025-04-01,Beauty,Tamil Nadu,New,76,74,73,103,1659403.7500000005,21834.259868421,15536.196052631582
2025-04-01,Beauty,West Bengal,Regular,221,216,193,331,5350766.2200000007,24211.611855204,14349.565656108602
2025-04-01,Grocery,Tamil Nadu,New,76,75,73,110,2059787.38,27102.465526316,15608.827763157889
2025-04-01,Grocery,Maharashtra,Premium,107,104,98,149,2006158.64,18749.146168224,11689.458971962616
2025-04-01,Home & Kitchen,Delhi,Regular,441,421,355,598,8693757.4699999951,19713.735759637,14146.609614512479
2025-04-01,Beauty,Maharashtra,Regular,449,443,365,623,9053462.7199999988,20163.614075724,15058.792138084629
2025-04-01,Sports,Maharashtra,Regular,396,390,333,563,8254380.2199999979,20844.394494949,14702.263358585858
2025-05-01,Grocery,West Bengal,Regular,259,257,227,355,5413164.2700000005,20900.248146718,14513.490926640925
2025-05-01,Grocery,Delhi,New,66,65,64,93,1077722.2600000002,16329.125151515,12561.443636363638
2025-05-01,Sports,Maharashtra,New,84,84,79,127,1398104.2299999993,16644.09797619,10904.8725
2025-05-01,Electronics,Maharashtra,Regular,1030,988,637,1402,19762757.939999998,19187.143631068,14262.186427184472
2025-05-01,Grocery,Telangana,New,94,92,93,134,1549275.6700000002,16481.65606383,10435.816914893616
2025-05-01,Beauty,Tamil Nadu,Premium,75,74,75,92,1078046.4900000002,14373.9532,12182.086000000001
2025-05-01,Home & Kitchen,Uttar Pradesh,Premium,152,150,141,210,2388064.5500000007,15710.950986842,12095.92125
2025-05-01,Home & Kitchen,Telangana,New,113,110,107,156,1883291.6900000004,16666.298141593,14017.427787610619
2025-05-01,Home & Kitchen,Karnataka,New,147,137,137,199,3328044.5600000005,22639.758911565,16166.986258503399
2025-05-01,Home & Kitchen,Maharashtra,Premium,153,151,142,214,3262766.5599999996,21325.271633987,15525.63169934641
2025-05-01,Home & Kitchen,Gujarat,Premium,101,99,94,135,2562507.59,25371.362277228,15172.133465346535
2025-05-01,Fashion,Delhi,Regular,494,475,386,696,9947469.8599999957,20136.578663968,14847.038582995954
2025-05-01,Sports,Uttar Pradesh,Premium,69,68,67,97,1162086.1500000001,16841.82826087,14165.606376811596
2025-05-01,Fashion,Delhi,Premium,124,122,115,165,2170138.0799999996,17501.113548387,14702.55451612903
2025-05-01,Home & Kitchen,Uttar Pradesh,Regular,673,652,484,955,13012447.229999993,19334.988454681,13561.531634472507
2025-05-01,Sports,Uttar Pradesh,New,83,80,78,102,1485873.6900000004,17902.092650602,13894.259036144584
2025-05-01,Fashion,Karnataka,New,149,143,144,200,3438213.0000000009,23075.255033557,16969.701073825505
2025-05-01,Fashion,Maharashtra,New,178,172,161,246,4117814.12,23133.787191011,15971.566797752808
2025-05-01,Electronics,Gujarat,New,113,108,105,152,1470350.6099999996,13011.952300885,9986.01336283186
2025-05-01,Beauty,Uttar Pradesh,Regular,419,414,337,564,9007434.57,21497.457207637,15971.082696897371
2025-05-01,Fashion,West Bengal,Regular,395,374,319,523,8500672.950000003,21520.691012658,15998.661518987357
2025-05-01,Home & Kitchen,Delhi,Regular,427,419,335,588,9714952.87,22751.646065574,15580.440983606559
2025-05-01,Electronics,Gujarat,Regular,657,630,483,894,13732427.039999995,20901.71543379,15975.904185692543
2025-05-01,Fashion,Gujarat,New,113,110,105,164,2802759.4,24803.180530973,16817.590088495577
2025-05-01,Beauty,Maharashtra,New,114,114,110,173,2542094.7099999995,22299.076403509,18481.887631578949
2025-05-01,Grocery,Uttar Pradesh,New,85,82,81,123,950675.50999999989,11184.417764706,8239.0148235294109
2025-05-01,Home & Kitchen,Tamil Nadu,Regular,544,527,415,776,12773390.270000001,23480.496819853,15647.429338235283
2025-05-01,Grocery,Uttar Pradesh,Regular,410,401,327,545,8565917.0099999961,20892.480512195,15159.926487804878
2025-05-01,Electronics,Maharashtra,Premium,224,218,186,311,4589453.43,20488.631383929,13894.984375
2025-05-01,Grocery,Telangana,Premium,85,84,84,127,1602210.2199999997,18849.532,13543.868352941177
2025-05-01,Grocery,Uttar Pradesh,Premium,88,87,86,125,1686060.1800000004,19159.774772727,12765.760681818181
2025-05-01,Home & Kitchen,Telangana,Premium,123,121,110,173,2512947.1800000006,20430.464878049,15944.075691056913
2025-05-01,Beauty,Tamil Nadu,Regular,316,312,280,428,6010942.2699999958,19021.969208861,13538.706234177211
2025-05-01,Grocery,Karnataka,Regular,444,440,353,623,9313521.6999999974,20976.400225225,15385.666689189184
2025-05-01,Beauty,Maharashtra,Regular,490,479,389,654,9643963.4100000039,19681.557979592,15408.591163265317
2025-05-01,Home & Kitchen,Karnataka,Premium,140,138,133,192,2385589.69,17039.926357143,13797.53907142857
2025-05-01,Home & Kitchen,Delhi,Premium,85,83,77,129,1711274.63,20132.642705882,12112.605294117649
2025-05-01,Fashion,Gujarat,Premium,93,89,90,126,1781869.5499999998,19159.887634409,13568.60419354839
2025-05-01,Beauty,Telangana,New,82,82,80,113,1760325.96,21467.389756098,17988.0681707317
2025-05-01,Beauty,Karnataka,Regular,429,415,349,581,9255691.3099999968,21575.038018648,14758.171305361308
2025-05-01,Grocery,Maharashtra,New,101,99,96,142,2839409.3999999994,28112.964356436,17900.8004950495
2025-05-01,Fashion,Uttar Pradesh,Regular,755,729,519,1042,17003100.350000005,22520.662715232,16319.314900662248
2025-05-01,Home & Kitchen,Delhi,New,116,115,110,160,2933906.8000000003,25292.3,16283.775775862072
2025-05-01,Beauty,Uttar Pradesh,Premium,91,90,87,140,2166804.1400000006,23811.034505495,15406.156923076927
2025-05-01,Electronics,West Bengal,Premium,87,85,83,135,2103245.07,24175.230689655,14732.344827586205
2025-05-01,Fashion,West Bengal,Premium,60,58,57,79,1060816.93,17680.282166667,13718.069166666664
2025-05-01,Fashion,Gujarat,Regular,510,493,393,702,12090943.439999998,23707.732235294,16805.828117647066
2025-05-01,Beauty,Karnataka,New,83,82,80,124,1522499.2000000002,18343.363855422,12060.736867469879
2025-05-01,Sports,Tamil Nadu,New,58,57,57,85,936759.52,16151.026206897,11110.876379310346
2025-05-01,Grocery,Karnataka,New,84,84,78,116,2005903.58,23879.80452381,14706.547380952383
2025-05-01,Grocery,West Bengal,Premium,48,46,46,61,829162.25,17274.213541667,12397.984375
2025-05-01,Home & Kitchen,Tamil Nadu,New,103,102,96,148,2186817.5399999991,21231.238252427,15651.770970873788
2025-05-01,Fashion,Telangana,New,139,138,129,193,2280900.0900000003,16409.353165468,11198.387697841725
2025-05-01,Electronics,Maharashtra,New,219,206,194,291,3635660.7299999995,16601.190547945,12355.720593607311
2025-05-01,Electronics,Delhi,Regular,576,553,433,789,11451618.35,19881.281857639,14547.091354166665
2025-05-01,Grocery,Tamil Nadu,New,72,71,69,107,1990913.3800000001,27651.574722222,15536.648749999998
2025-05-01,Grocery,Maharashtra,Regular,523,513,416,721,10505322.089999996,20086.65791587,14716.70456978967
2025-05-01,Electronics,Telangana,Regular,752,722,516,1034,15404331.170000006,20484.48293883,14212.577140957439
2025-05-01,Fashion,Telangana,Premium,140,136,133,184,2416300.87,17259.291928571,13613.355714285715
2025-05-01,Electronics,Delhi,Premium,114,112,106,156,1988051.5699999998,17439.048859649,12090.94605263158
2025-05-01,Grocery,Tamil Nadu,Premium,72,71,68,98,1473335.9000000001,20462.998611111,17427.303611111107
2025-05-01,Fashion,Tamil Nadu,Regular,596,581,455,806,11574286.889999997,19419.944446309,13716.542365771811
2025-05-01,Grocery,Delhi,Regular,298,291,270,418,5417821.8500000024,18180.610234899,13398.936711409397
2025-05-01,Sports,Karnataka,New,85,83,83,121,2477036.57,29141.606705882,18292.469882352943
2025-05-01,Sports,Uttar Pradesh,Regular,353,347,304,477,7773731.3600000031,22021.901869688,15834.37895184136
2025-05-01,Home & Kitchen,Karnataka,Regular,709,695,515,983,15053789.900000002,21232.425811001,14444.323286318764
2025-05-01,Sports,Maharashtra,Premium,100,96,94,143,1436713.4200000002,14367.1342,11614.538400000003
2025-05-01,Electronics,West Bengal,Regular,476,461,383,656,9889031.47,20775.276197479,15145.471449579825
2025-05-01,Beauty,Maharashtra,Premium,90,87,88,127,1975175.2600000002,21946.391777778,17096.951
2025-05-01,Fashion,Maharashtra,Premium,171,164,160,239,4138324.9600000009,24200.730760234,16702.510467836259
2025-05-01,Beauty,Telangana,Premium,76,75,73,101,1432372.0899999999,18847.001184211,15763.893157894739
2025-05-01,Electronics,Delhi,New,141,135,132,205,3963378.5,28109.067375887,17913.900496453898
2025-05-01,Grocery,Tamil Nadu,Regular,353,348,301,495,6635337.3599999975,18796.989688385,12935.024504249297
2025-05-01,Fashion,Maharashtra,Regular,891,853,595,1213,18465888.859999996,20724.90332211,15164.552368125702
2025-05-01,Home & Kitchen,Gujarat,New,119,113,113,171,2421268.2399999998,20346.791932773,13381.578907563025
2025-05-01,Sports,Telangana,New,76,76,73,104,1660694.68,21851.245789474,15015.586710526313
2025-05-01,Fashion,Telangana,Regular,654,633,500,874,12703328.28,19424.049357798,14845.549602446486
2025-05-01,Beauty,West Bengal,Regular,232,226,202,327,4793646.6899999985,20662.270215517,15433.567974137932
2025-05-01,Sports,Karnataka,Premium,88,85,84,132,1717058.26,19512.025681818,13860.952499999996
2025-05-01,Sports,Tamil Nadu,Regular,274,266,241,392,5347396.4800000023,19516.045547445,13551.915912408764
2025-05-01,Grocery,Maharashtra,Premium,119,116,110,164,1935054.6,16260.96302521,11432.720000000003
2025-05-01,Electronics,Karnataka,Regular,885,847,587,1223,16396243.039999997,18526.828293785,13765.532033898307
2025-05-01,Electronics,Uttar Pradesh,New,202,190,185,280,4403106.7600000035,21797.558217822,15899.224752475251
2025-05-01,Beauty,Uttar Pradesh,New,101,99,94,145,2049634.9,20293.414851485,15942.455841584158
2025-05-01,Beauty,Gujarat,New,72,71,70,94,1348621.5,18730.854166667,13560.954999999998
2025-05-01,Beauty,Tamil Nadu,New,70,70,68,92,1455462.63,20792.323285714,19112.214285714286
2025-05-01,Beauty,Gujarat,Premium,70,66,66,95,1362931.37,19470.448142857,15509.737142857142
2025-05-01,Home & Kitchen,Maharashtra,Regular,698,676,514,983,15332196.709999995,21965.89786533,14735.198080229229
2025-05-01,Fashion,Karnataka,Premium,175,166,160,248,3858649.04,22049.423085714,15850.903485714285
2025-05-01,Sports,Gujarat,Premium,49,49,48,72,1657506.62,33826.665714286,21221.527959183677
2025-05-01,Grocery,Delhi,Premium,68,66,67,93,959944.9800000001,14116.837941176,12444.33779411765
2025-05-01,Sports,Delhi,New,52,52,52,70,1426687.1400000001,27436.291153846,19899.117115384615
2025-05-01,Beauty,West Bengal,New,43,42,43,65,1003680.25,23341.401162791,15745.221395348837
2025-05-01,Home & Kitchen,Telangana,Regular,579,565,448,802,11673740.579999996,20161.900829016,15040.637219343698
2025-05-01,Beauty,Delhi,Premium,46,45,46,72,961586.78,20904.060434783,14719.916521739131
2025-05-01,Electronics,Uttar Pradesh,Premium,180,174,166,248,4766164.04,26478.689111111,18266.67733333334
2025-05-01,Grocery,West Bengal,New,42,41,42,60,790456.71,18820.397857143,15634.116904761902
2025-05-01,Electronics,Uttar Pradesh,Regular,885,851,597,1230,17738402.729999997,20043.392915254,14073.043423728808
2025-05-01,Electronics,Karnataka,Premium,176,167,164,247,4693768.3100000005,26669.138125,17460.387784090908
2025-05-01,Electronics,Gujarat,Premium,138,133,129,184,2613606.8000000003,18939.179710145,14258.130434782604
2025-05-01,Electronics,Telangana,Premium,163,156,153,227,3316565.4199999995,20347.027116564,15036.21564417178
2025-05-01,Electronics,West Bengal,New,114,108,105,163,2093208.3599999996,18361.476842105,11400.047017543859
2025-05-01,Sports,West Bengal,Regular,205,201,187,272,3497222.3799999994,17059.621365854,13233.488097560974
2025-05-01,Grocery,Gujarat,Regular,292,283,258,390,5994932.88,20530.592054795,14379.246780821919
2025-05-01,Grocery,Gujarat,New,66,64,65,93,1074354.3,16278.095454545,12349.097575757576
2025-05-01,Fashion,Delhi,New,102,98,97,142,2128726.1700000004,20869.864411765,15349.3231372549
2025-05-01,Sports,West Bengal,Premium,40,40,38,58,700039.74000000011,17500.9935,14342.70925
2025-05-01,Beauty,Delhi,New,55,52,53,71,1092280.5100000002,19859.645636364,13167.044727272725
2025-05-01,Home & Kitchen,Maharashtra,New,143,139,131,193,3292550.189999999,23024.826503497,17458.730069930065
2025-05-01,Beauty,Karnataka,Premium,104,101,101,147,2146525.9099999992,20639.672211538,13977.293653846154
2025-05-01,Sports,Delhi,Premium,55,55,54,78,822750.67999999993,14959.103272727,11287.414181818182
2025-05-01,Fashion,Uttar Pradesh,New,170,163,161,220,3482841.8599999994,20487.305058824,15440.458588235295
2025-05-01,Beauty,West Bengal,Premium,40,40,39,57,594781.02999999991,14869.52575,11592.5115
2025-05-01,Electronics,Telangana,New,172,164,159,231,3012511.5300000003,17514.601918605,14152.820755813957
2025-05-01,Home & Kitchen,West Bengal,Premium,80,78,76,103,1721023.88,21512.7985,16482.53525
2025-05-01,Sports,Maharashtra,Regular,364,359,297,505,7712434.790000001,21188.007664835,15634.479313186814
2025-05-01,Electronics,Tamil Nadu,Premium,149,142,138,204,3093627.6599999997,20762.601744966,14952.567919463087
2025-05-01,Grocery,Telangana,Regular,401,390,325,515,7191866.9000000022,17934.830174564,13433.351596009979
2025-05-01,Home & Kitchen,Tamil Nadu,Premium,126,122,121,162,1685519.2100000002,13377.136587302,11176.664523809526
2025-05-01,Electronics,Tamil Nadu,Regular,736,703,530,1046,15255930.02,20728.165788043,14289.372744565217
2025-05-01,Home & Kitchen,Uttar Pradesh,New,134,132,122,172,2628181.46,19613.294477612,15407.695895522391
2025-05-01,Beauty,Gujarat,Regular,283,278,243,373,5019289.9199999981,17736.006784452,13629.905053003527
2025-05-01,Fashion,Tamil Nadu,New,127,123,123,160,2884690.5799999996,22714.099055118,18734.688188976375
2025-05-01,Sports,Karnataka,Regular,324,322,283,430,6480867.8100000005,20002.678425926,16010.533796296299
2025-05-01,Fashion,Karnataka,Regular,822,791,557,1148,18892269.929999989,22983.296751825,15457.461909975678
2025-05-01,Home & Kitchen,West Bengal,New,79,78,79,108,1146561.36,14513.434936709,10663.317721518986
2025-05-01,Sports,Delhi,Regular,242,237,221,339,5406824.36,22342.249421488,16246.759752066111
2025-05-01,Fashion,West Bengal,New,73,70,70,95,1404415.4099999997,19238.567260274,17039.590958904108
2025-05-01,Grocery,Gujarat,Premium,61,59,60,85,1377728.1900000002,22585.708032787,18044.137213114755
2025-05-01,Sports,Gujarat,Regular,251,246,210,337,4613843.4299999988,18381.846334661,13501.266892430282
2025-05-01,Sports,Telangana,Premium,60,60,58,86,1311187.3099999998,21853.121833333,16905.179833333335
2025-05-01,Sports,Gujarat,New,58,58,56,84,1371317.7799999998,23643.41,15435.767068965521
2025-05-01,Sports,West Bengal,New,34,33,33,50,827945.22,24351.33,18095.466470588235
2025-05-01,Beauty,Delhi,Regular,250,248,217,357,5162066.1599999992,20648.26464,14870.379
2025-05-01,Grocery,Karnataka,Premium,96,95,93,143,2170601.73,22610.4346875,14833.020104166671
2025-05-01,Electronics,Tamil Nadu,New,139,133,132,187,2684662.6199999992,19314.119568345,15241.793884892086
2025-05-01,Sports,Telangana,Regular,325,316,270,435,5595168.8800000008,17215.904246154,11721.151723076922
2025-05-01,Fashion,Uttar Pradesh,Premium,155,150,145,211,3890991.4500000011,25103.170645161,16970.522516129033
2025-05-01,Electronics,Karnataka,New,202,190,181,259,3651911.1900000004,18078.768267327,13382.931336633666
2025-05-01,Fashion,Tamil Nadu,Premium,134,127,129,169,2378376.08,17749.075223881,14310.090223880594
2025-05-01,Home & Kitchen,West Bengal,Regular,423,404,341,593,10642052.250000002,25158.515957447,17840.9757210402
2025-05-01,Sports,Tamil Nadu,Premium,68,67,65,83,1301719.24,19142.93,16936.616764705879
2025-05-01,Beauty,Telangana,Regular,331,325,280,466,7594963.7700000005,22945.509879154,15612.172356495459
2025-05-01,Home & Kitchen,Gujarat,Regular,454,441,366,654,10088144.340000002,22220.582246696,15894.147378854621
2025-06-01,Beauty,Uttar Pradesh,Premium,78,77,74,118,1380714.9700000002,17701.473974359,11061.668461538466
2025-06-01,Grocery,Karnataka,New,71,70,69,102,1161965.89,16365.716760563,11310.806197183098
2025-06-01,Beauty,Karnataka,New,94,94,92,122,2529548.05,26910.085638298,20402.71723404255
2025-06-01,Grocery,Delhi,Regular,254,246,235,339,5422822.4200000009,21349.694566929,15999.254409448824
2025-06-01,Fashion,West Bengal,Regular,414,402,333,573,8744409.3099999987,21121.761618357,15376.81642512078
2025-06-01,Grocery,Karnataka,Premium,95,93,92,121,1468986.5100000002,15463.015894737,12758.877684210525
2025-06-01,Sports,Maharashtra,New,94,91,93,122,1331292.6400000001,14162.687659574,11160.059042553192
2025-06-01,Grocery,Gujarat,Regular,257,253,225,364,4745470.6399999987,18464.866303502,12795.555447470821
2025-06-01,Grocery,Gujarat,Premium,58,56,56,80,1103806.5,19031.146551724,15618.606551724139
2025-06-01,Grocery,Maharashtra,Premium,93,93,88,115,1372554.9,14758.65483871,11645.741075268819
2025-06-01,Sports,Gujarat,New,60,59,60,87,1099063.72,18317.728666667,13785.271666666669
2025-06-01,Electronics,Maharashtra,New,189,184,171,250,3759098.3099999996,19889.409047619,15514.688359788357
2025-06-01,Fashion,Delhi,Premium,111,109,106,161,3371908.6800000006,30377.555675676,19605.396126126121
2025-06-01,Grocery,Delhi,New,55,55,54,75,959481.84,17445.124363636,13638.334545454545
2025-06-01,Sports,Telangana,Regular,314,308,270,434,6425470.27,20463.28111465,15222.445636942679
2025-06-01,Home & Kitchen,Uttar Pradesh,Premium,143,139,129,197,2792945.6100000003,19531.088181818,13786.83755244755
2025-06-01,Home & Kitchen,West Bengal,Premium,76,75,70,104,1457294.8099999996,19174.931710526,15347.145000000002
2025-06-01,Home & Kitchen,Delhi,New,109,106,103,146,2516007.15,23082.63440367,16385.40440366972
2025-06-01,Beauty,Gujarat,New,57,57,55,76,1461997.9,25649.085964912,14697.291403508774
2025-06-01,Fashion,West Bengal,New,78,77,72,115,1909750.7999999998,24483.984615385,16905.05012820513
2025-06-01,Beauty,Telangana,Regular,363,359,300,507,6707058.3999999994,18476.744903581,14184.816391184571
2025-06-01,Sports,Telangana,Premium,54,53,52,81,1324659.3000000003,24530.727777778,15956.508518518516
2025-06-01,Fashion,Uttar Pradesh,Premium,166,165,145,231,3183580.6900000004,19178.196927711,14112.917289156629
2025-06-01,Electronics,Tamil Nadu,Premium,141,133,134,199,3694612.2299999995,26202.923617021,17424.887943262413
2025-06-01,Beauty,Maharashtra,New,107,106,101,158,1998970.3800000004,18681.966168224,14181.357757009344
2025-06-01,Beauty,Delhi,Regular,260,256,225,362,5513129.3900000015,21204.343807692,15780.060576923075
2025-06-01,Beauty,Delhi,New,61,60,60,97,1333655.17,21863.199508197,14868.271639344262
2025-06-01,Sports,Gujarat,Regular,245,242,216,344,4397790.56,17950.16555102,13987.165918367344
2025-06-01,Beauty,Gujarat,Regular,241,237,210,340,6495924.5600000024,26954.043817427,16908.448298755178
2025-06-01,Beauty,Maharashtra,Regular,424,411,336,561,9373599.910000002,22107.546957547,16251.218113207544
2025-06-01,Beauty,Delhi,Premium,65,64,63,88,1522756.4099999997,23427.021692308,17415.450923076922
2025-06-01,Grocery,Telangana,Regular,391,381,317,527,6106590.2299999977,15617.877826087,12444.971713554984
2025-06-01,Electronics,Karnataka,Regular,854,824,562,1182,16404029.550000012,19208.465515222,14248.441861826697
2025-06-01,Fashion,Uttar Pradesh,New,166,164,152,239,3620880.3699999992,21812.532349398,15927.344216867472
2025-06-01,Beauty,Tamil Nadu,Premium,65,64,61,90,1498271.9500000002,23050.337692308,16084.429538461538
2025-06-01,Electronics,West Bengal,Premium,111,110,105,157,2329694.58,20988.239459459,15661.995585585584
2025-06-01,Fashion,Tamil Nadu,New,126,121,119,182,2325678.87,18457.768809524,13712.28761904762
2025-06-01,Electronics,Telangana,Premium,176,166,160,242,3963234.3699999982,22518.377102273,16381.997784090905
2025-06-01,Fashion,Karnataka,Regular,767,738,534,1089,17275362.22000001,22523.288422425,15716.525267275096
2025-06-01,Sports,Gujarat,Premium,55,55,55,73,941230.92000000016,17113.289454545,13868.461090909092
2025-06-01,Home & Kitchen,Uttar Pradesh,New,132,128,127,174,2316905.3600000003,17552.313333333,14561.216742424242
2025-06-01,Home & Kitchen,Maharashtra,Regular,731,712,526,972,14908817.989999998,20395.099849521,15710.202038303696
2025-06-01,Beauty,Telangana,New,71,67,67,95,1829416.9900000002,25766.436478873,20734.496619718309
2025-06-01,Sports,Telangana,New,71,69,70,99,1504260.4700000002,21186.767183099,13097.135352112677
2025-06-01,Electronics,West Bengal,Regular,449,430,369,631,8454581.8799999971,18829.803741648,13469.972494432073
2025-06-01,Beauty,Maharashtra,Premium,98,97,96,136,2110148.09,21532.123367347,16560.6343877551
2025-06-01,Home & Kitchen,Tamil Nadu,Premium,123,123,117,162,1839725.28,14957.116097561,10943.362357723578
2025-06-01,Electronics,Tamil Nadu,Regular,710,676,510,941,14159059.17,19942.336859155,15470.160295774651
2025-06-01,Electronics,Karnataka,New,177,170,165,237,3106364.33,17550.080960452,15023.521073446323
2025-06-01,Home & Kitchen,West Bengal,New,68,66,68,104,2085895.9100000001,30674.939852941,20307.568823529415
2025-06-01,Electronics,Tamil Nadu,New,154,145,144,208,2905334.46,18865.808181818,14225.166688311687
2025-06-01,Electronics,Uttar Pradesh,New,173,167,159,243,3313197.84,19151.432601156,14222.371098265898
2025-06-01,Grocery,Telangana,Premium,73,71,72,103,1480712.95,20283.739041096,15834.490136986302
2025-06-01,Fashion,Maharashtra,New,185,174,165,245,3590472.8,19407.961081081,13840.314702702704
2025-06-01,Home & Kitchen,Telangana,Regular,567,552,424,796,13271737.229999997,23406.943968254,16580.607195767192
2025-06-01,Fashion,Gujarat,New,136,130,125,186,2655882.1199999996,19528.545,14954.696397058824
2025-06-01,Electronics,Karnataka,Premium,175,167,164,234,3084699.8499999996,17626.856285714,15016.071428571426
2025-06-01,Electronics,Maharashtra,Premium,191,183,177,269,4088902.1300000004,21407.864554974,14731.585811518324
2025-06-01,Grocery,Maharashtra,New,99,99,90,132,1306519.01,13197.161717172,9710.6368686868682
2025-06-01,Electronics,Delhi,New,113,109,107,157,1931927.2999999993,17096.701769912,12833.900796460177
2025-06-01,Home & Kitchen,Gujarat,Regular,403,393,331,537,7686320.700000002,19072.756079404,13835.021538461542
2025-06-01,Sports,Delhi,New,51,51,50,65,1142667.81,22405.251176471,16803.307254901956
2025-06-01,Sports,West Bengal,Regular,193,192,177,276,3552713.8,18407.843523316,14220.992124352335
2025-06-01,Beauty,Gujarat,Premium,50,49,50,75,1224397.22,24487.9444,14755.4544
2025-06-01,Fashion,Telangana,Premium,153,147,139,220,3706609.98,24226.209019608,15408.40431372549
2025-06-01,Fashion,Karnataka,Premium,174,169,157,253,4052589.0900000003,23290.741896552,13930.791379310345
2025-06-01,Fashion,Tamil Nadu,Premium,119,117,110,157,2086864.9400000006,17536.680168067,14321.638319327736
2025-06-01,Fashion,Maharashtra,Regular,881,852,593,1252,19378239.79,21995.731884222,14791.798944381386
2025-06-01,Fashion,Telangana,Regular,633,618,466,891,12977414.529999997,20501.444755134,14415.028199052127
2025-06-01,Electronics,Gujarat,New,129,128,121,173,2005809.2799999996,15548.909147287,12583.669999999998
2025-06-01,Fashion,Tamil Nadu,Regular,612,595,461,824,13245444.420000002,21642.883039216,15550.979624183012
2025-06-01,Electronics,Uttar Pradesh,Regular,857,821,568,1144,17242833.82,20119.992788798,15023.650606767798
2025-06-01,Home & Kitchen,Karnataka,Regular,598,585,454,830,12386199.33,20712.707909699,14892.02806020067
2025-06-01,Grocery,Gujarat,New,72,71,68,101,1372603.3,19063.934722222,14384.265416666665
2025-06-01,Electronics,Uttar Pradesh,Premium,195,188,172,266,3185424.96,16335.512615385,12597.58974358974
2025-06-01,Sports,Delhi,Regular,211,209,192,297,4400030.4099999992,20853.224691943,15659.924028436017
2025-06-01,Sports,Karnataka,Regular,392,382,323,549,9264195.5499999989,23633.151913265,16393.966045918369
2025-06-01,Beauty,Karnataka,Regular,401,396,339,555,8789111.8799999971,21917.984738155,16283.177755610976
2025-06-01,Home & Kitchen,Delhi,Premium,97,96,91,141,1864415.96,19220.783092784,13550.462989690723
2025-06-01,Beauty,West Bengal,Regular,213,206,189,272,3127443.7899999986,14682.834694836,12850.396948356809
2025-06-01,Electronics,Telangana,New,150,143,138,230,3316531.6699999995,22110.211133333,15105.132866666665
2025-06-01,Home & Kitchen,Maharashtra,Premium,158,156,149,211,2827615.4500000007,17896.300316456,13750.313607594935
2025-06-01,Grocery,Uttar Pradesh,Premium,98,97,92,126,1631095.18,16643.828367347,14224.002653061223
2025-06-01,Sports,Tamil Nadu,Regular,287,287,240,403,5080289.48,17701.357073171,13434.662055749128
2025-06-01,Fashion,Gujarat,Regular,481,462,370,673,9938985.48,20663.171476091,14565.277817047814
2025-06-01,Fashion,Gujarat,Premium,119,114,111,169,2743011.330000001,23050.515378151,16843.452689075624
2025-06-01,Grocery,Telangana,New,77,77,72,107,917701.26,11918.198181818,8828.3958441558443
2025-06-01,Sports,Uttar Pradesh,Regular,369,361,318,504,7567116.46,20507.090677507,14401.574336043361
2025-06-01,Fashion,West Bengal,Premium,85,81,81,114,1746784.9599999997,20550.411294118,15079.063764705881
2025-06-01,Sports,West Bengal,New,47,47,47,72,672865.50999999989,14316.287446809,10207.717234042553
2025-06-01,Beauty,West Bengal,New,47,46,47,62,834638.65,17758.269148936,14260.75829787234
2025-06-01,Home & Kitchen,Karnataka,New,135,128,124,193,3149493.7599999988,23329.583407407,15940.768370370373
2025-06-01,Grocery,Karnataka,Regular,419,411,347,578,8519144.82,20332.087875895,14672.257899761335
2025-06-01,Beauty,Uttar Pradesh,Regular,379,373,326,524,7918576.46,20893.341583113,14789.440686015825
2025-06-01,Sports,Karnataka,Premium,83,79,82,112,1263846.3400000003,15227.064337349,13101.65096385542
2025-06-01,Home & Kitchen,Karnataka,Premium,138,133,130,194,2557850.7000000007,18535.15,13408.914565217394
2025-06-01,Fashion,Telangana,New,133,127,123,180,3138507.7100000004,23597.802330827,17642.688872180457
2025-06-01,Electronics,West Bengal,New,115,110,108,165,3688938.71,32077.727913043,19204.130173913039
2025-06-01,Home & Kitchen,Tamil Nadu,New,100,98,91,141,2141736.2,21417.362,15523.969999999998
2025-06-01,Fashion,Delhi,New,114,110,110,156,2498195.55,21913.996052632,15468.612105263161
2025-06-01,Electronics,Telangana,Regular,759,735,535,1015,15133322.829999991,19938.501752306,13932.558115942027
2025-06-01,Electronics,Delhi,Regular,571,546,437,757,11309610.520000001,19806.673415061,15567.859036777585
2025-06-01,Sports,Karnataka,New,80,79,75,107,1746752.7399999998,21834.40925,15500.12375
2025-06-01,Sports,Tamil Nadu,New,57,53,56,80,1045483.6400000001,18341.818245614,12620.763684210528
2025-06-01,Grocery,West Bengal,Regular,224,219,205,316,4503499.3500000006,20104.9078125,14538.453214285708
2025-06-01,Electronics,Gujarat,Regular,590,566,441,806,12310119.480000013,20864.609288136,15401.46313559322
2025-06-01,Sports,Maharashtra,Premium,87,85,86,118,1835768.3699999999,21100.785862069,16378.415632183911
2025-06-01,Home & Kitchen,Tamil Nadu,Regular,546,529,417,745,11571566.999999996,21193.346153846,15627.121868131868
2025-06-01,Grocery,West Bengal,Premium,49,48,46,66,1082474.26,22091.311428571,16126.807346938775
2025-06-01,Beauty,West Bengal,Premium,49,49,47,64,1126364.42,22987.028979592,16408.467551020407
2025-06-01,Home & Kitchen,Gujarat,New,96,93,88,127,2423877.9599999995,25248.72875,19239.415520833336
2025-06-01,Fashion,Uttar Pradesh,Regular,718,687,518,981,15565337.040000003,21678.742395543,16029.772270194979
2025-06-01,Home & Kitchen,Gujarat,Premium,97,95,92,131,1208007.47,12453.685257732,9484.4450515463959
2025-06-01,Beauty,Uttar Pradesh,New,87,85,85,123,2140429.36,24602.636321839,18664.311149425284
2025-06-01,Beauty,Tamil Nadu,Regular,327,325,289,484,7121372.9799999995,21777.899021407,14538.592752293585
2025-06-01,Sports,Maharashtra,Regular,403,396,333,542,8403115.54,20851.403325062,15516.700744416881
2025-06-01,Beauty,Telangana,Premium,86,82,82,121,1429057.9300000002,16616.952674419,13498.789883720932
2025-06-01,Electronics,Gujarat,Premium,115,110,111,145,1918219.65,16680.170869565,13457.263391304348
2025-06-01,Home & Kitchen,West Bengal,Regular,366,359,310,510,7830243.0500000017,21394.106693989,15221.269617486338
2025-06-01,Sports,West Bengal,Premium,54,54,50,71,1083857.6600000001,20071.438148148,15830.898333333334
2025-06-01,Grocery,Uttar Pradesh,Regular,412,403,334,569,7641549.9099999992,18547.451237864,13844.153592233015
2025-06-01,Fashion,Karnataka,New,144,142,134,210,3202176.7500000005,22237.338541667,16582.167916666665
2025-06-01,Sports,Uttar Pradesh,New,58,58,55,77,1047661.7600000001,18063.133793103,12749.699310344829
2025-06-01,Grocery,Delhi,Premium,73,72,73,101,1066060.2399999998,14603.564931507,11840.09808219178
2025-06-01,Electronics,Maharashtra,Regular,1004,960,643,1370,21068236.959999982,20984.299760956,15536.029571713147
2025-06-01,Beauty,Tamil Nadu,New,84,83,80,114,1573245.48,18729.112857143,13607.776547619047
2025-06-01,Sports,Tamil Nadu,Premium,74,71,72,108,1226768.07,16577.946891892,13779.601486486488
2025-06-01,Sports,Uttar Pradesh,Premium,84,82,80,117,1701601.75,20257.163690476,15638.347738095234
2025-06-01,Home & Kitchen,Telangana,Premium,114,109,109,165,2192365.96,19231.280350877,13615.470175438597
2025-06-01,Grocery,Uttar Pradesh,New,84,83,78,121,2100841.2899999996,25010.015357143,15990.884642857143
2025-06-01,Grocery,Tamil Nadu,Regular,340,332,289,457,6773918.0999999987,19923.288529412,14575.217323529414
2025-06-01,Electronics,Delhi,Premium,124,118,116,173,2277546.9999999991,18367.314516129,15172.90741935484
2025-06-01,Fashion,Delhi,Regular,514,490,411,719,11824728.749999998,23005.30885214,16072.462490272363
2025-06-01,Home & Kitchen,Delhi,Regular,435,420,357,609,10357491.160000002,23810.324505747,16971.653218390802
2025-06-01,Home & Kitchen,Maharashtra,New,155,149,147,213,3260651.0700000003,21036.458516129,14502.278193548387
2025-06-01,Sports,Delhi,Premium,71,68,69,91,1217284.79,17144.856197183,13562.371267605635
2025-06-01,Home & Kitchen,Telangana,New,114,113,110,149,2525791.82,22156.068596491,15899.562017543858
2025-06-01,Grocery,West Bengal,New,52,52,52,72,1081986.6300000001,20807.435192308,17551.352884615386
2025-06-01,Grocery,Maharashtra,Regular,473,463,371,633,8972225.5099999979,18968.764291755,13627.289133192397
2025-06-01,Grocery,Tamil Nadu,Premium,81,79,78,119,1750061.2100000004,21605.693950617,14403.646790123457
2025-06-01,Home & Kitchen,Uttar Pradesh,Regular,600,581,446,853,12505224.429999998,20842.040716667,14985.782816666653
2025-06-01,Beauty,Karnataka,Premium,95,94,89,129,1954874.4799999997,20577.626105263,13813.066631578951
2025-06-01,Grocery,Tamil Nadu,New,68,68,68,94,1245632.17,18318.120147059,13597.541911764705
2025-06-01,Fashion,Maharashtra,Premium,201,195,181,271,3680824.0299999993,18312.557363184,13802.148507462689
2025-07-01,Home & Kitchen,Delhi,Regular,444,421,355,626,8674856.1400000043,19537.964279279,14170.9475
2025-07-01,Grocery,Karnataka,Regular,408,396,331,575,7380914.67,18090.477132353,12943.521250000002
2025-07-01,Sports,Tamil Nadu,New,48,48,46,70,1268248.98,26421.85375,20297.682083333333
2025-07-01,Electronics,West Bengal,Regular,500,479,388,701,11615443.150000004,23230.8863,16036.97818
2025-07-01,Grocery,Telangana,Premium,95,90,88,141,2730242.13,28739.390842105,14991.81442105263
2025-07-01,Grocery,Tamil Nadu,Regular,354,345,291,489,7131522.9600000009,20145.545084746,15129.324463276842
2025-07-01,Beauty,Maharashtra,Regular,466,450,373,645,8338545.7299999995,17893.874957082,13687.811931330471
2025-07-01,Beauty,Telangana,New,93,93,89,126,1568275.9500000004,16863.182258065,12261.289569892471
2025-07-01,Electronics,Maharashtra,Regular,1030,986,629,1417,21055480.939999994,20442.214504854,14678.599349514567
2025-07-01,Beauty,Tamil Nadu,Premium,75,75,75,110,1864937.2499999995,24865.83,17078.558266666663
2025-07-01,Electronics,Maharashtra,Premium,221,213,192,287,4628057.919999999,20941.438552036,15135.328280542981
2025-07-01,Beauty,Delhi,New,58,56,55,82,1110177.3199999998,19140.988275862,15983.782413793106
2025-07-01,Sports,Maharashtra,Regular,392,385,320,567,9005820.8999999985,22974.032908163,15547.868418367349
2025-07-01,Sports,Uttar Pradesh,Premium,75,74,72,107,1280329.5,17071.06,12363.286666666667
2025-07-01,Sports,Maharashtra,Premium,84,81,81,123,1799481.6499999997,21422.400595238,13813.752380952379
2025-07-01,Sports,Tamil Nadu,Premium,52,52,52,66,862948.1399999999,16595.156538462,13087.951923076922
2025-07-01,Beauty,Telangana,Premium,90,87,86,123,1142780.3699999999,12697.559666667,10785.091333333336
2025-07-01,Beauty,West Bengal,New,50,49,50,66,1272937.48,25458.7496,17482.468600000004
2025-07-01,Beauty,Tamil Nadu,Regular,342,336,291,476,7609205.3300000019,22249.138391813,15505.127046783628
2025-07-01,Fashion,West Bengal,New,95,92,90,141,1959966.7400000005,20631.228842105,15457.379789473685
2025-07-01,Grocery,Tamil Nadu,New,75,72,72,94,1204337.2399999998,16057.829866667,13562.992666666665
2025-07-01,Fashion,Delhi,Premium,118,115,114,171,2336467.05,19800.568220339,16154.963898305088
2025-07-01,Home & Kitchen,Karnataka,Regular,663,646,477,918,13495984.170000006,20355.933891403,14961.778672699849
2025-07-01,Home & Kitchen,Uttar Pradesh,Regular,694,679,505,991,15264043.040000008,21994.29832853,14977.349942363118
2025-07-01,Fashion,West Bengal,Premium,92,86,87,130,2082664.71,22637.659891304,14248.702934782606
2025-07-01,Home & Kitchen,Karnataka,New,150,147,138,212,3716027.24,24773.514933333,16220.800999999998
2025-07-01,Home & Kitchen,Maharashtra,New,151,147,140,200,3056393.5400000005,20241.016821192,15959.056423841061
2025-07-01,Electronics,Telangana,Regular,835,799,564,1149,17593719.980000004,21070.323329341,15885.940083832336
2025-07-01,Home & Kitchen,Karnataka,Premium,151,142,142,207,3763695.1200000006,24925.133245033,16512.005761589407
2025-07-01,Sports,Maharashtra,New,85,84,84,116,1837482.08,21617.436235294,17081.292823529409
2025-07-01,Fashion,Delhi,Regular,535,515,417,734,10591608.109999998,19797.398336449,13860.760953271027
2025-07-01,Home & Kitchen,West Bengal,New,54,53,52,83,1717749.0,31810.166666667,20461.9337037037
2025-07-01,Electronics,Delhi,Regular,549,534,414,768,11797659.380000003,21489.361347905,15008.280437158468
2025-07-01,Electronics,Gujarat,Regular,595,572,449,827,14211081.079999996,23884.169882353,16419.23302521008
2025-07-01,Sports,West Bengal,Regular,224,217,191,307,5090424.7399999993,22725.110446429,15640.766741071422
2025-07-01,Grocery,Uttar Pradesh,Regular,403,398,347,560,6827956.37,16942.819776675,12134.3717617866
2025-07-01,Grocery,West Bengal,New,55,51,54,89,1168589.2000000002,21247.076363636,15790.817636363638
2025-07-01,Fashion,Gujarat,New,97,93,95,130,1374880.03,14174.020927835,11400.89670103093
2025-07-01,Home & Kitchen,Gujarat,New,97,94,90,141,2576213.14,26558.898350515,16395.782577319587
2025-07-01,Sports,Uttar Pradesh,New,89,88,87,131,1730864.4899999998,19447.915617978,13032.4595505618
2025-07-01,Home & Kitchen,Tamil Nadu,Regular,549,531,428,745,11325582.969999995,20629.477176685,14994.527486338795
2025-07-01,Home & Kitchen,Delhi,New,87,84,81,127,1702673.1199999996,19570.955402299,12601.068965517243
2025-07-01,Grocery,Maharashtra,New,102,100,97,144,2294577.0900000003,22495.853823529,14794.220980392154
2025-07-01,Grocery,Uttar Pradesh,New,90,90,86,116,1282495.1999999997,14249.946666667,11358.53511111111
2025-07-01,Fashion,Telangana,New,129,122,122,174,3016260.1500000013,23381.861627907,16978.315116279067
2025-07-01,Beauty,Karnataka,Regular,426,410,350,609,9501802.11,22304.699788732,15163.45485915493
2025-07-01,Home & Kitchen,Gujarat,Premium,93,89,92,130,2600309.51,27960.317311828,19178.930537634409
2025-07-01,Beauty,Uttar Pradesh,Regular,391,387,322,526,7802898.86,19956.263069054,14533.567186700771
2025-07-01,Beauty,Uttar Pradesh,Premium,92,89,92,122,2195706.52,23866.375217391,16963.74097826087
2025-07-01,Sports,Uttar Pradesh,Regular,386,380,322,521,9430654.95,24431.74857513,17763.1623834197
2025-07-01,Sports,Tamil Nadu,Regular,306,299,260,418,5777175.6200000029,18879.658888889,14628.740784313728
2025-07-01,Electronics,Delhi,New,131,127,120,206,2795261.0900000003,21337.870916031,13966.023129770989
2025-07-01,Home & Kitchen,Telangana,Premium,134,127,120,195,2529914.5500000003,18879.959328358,13545.511567164178
2025-07-01,Fashion,Maharashtra,Regular,916,883,606,1271,18880862.379999995,20612.295174672,15267.78979257643
2025-07-01,Home & Kitchen,Tamil Nadu,New,101,99,94,139,2503475.4399999995,24786.885544554,16591.521287128715
2025-07-01,Grocery,Delhi,Premium,63,60,61,92,1538271.8300000003,24417.013174603,15612.722063492065
2025-07-01,Fashion,Karnataka,Premium,165,158,148,225,2805066.9200000004,17000.405575758,13095.567272727272
2025-07-01,Electronics,Delhi,Premium,133,127,123,187,2265304.1700000009,17032.362180451,12763.916390977442
2025-07-01,Electronics,Telangana,New,135,128,124,187,2269318.4099999997,16809.766,12983.145629629629
2025-07-01,Grocery,West Bengal,Premium,46,45,45,66,694111.05,15089.370652174,11503.292173913043
2025-07-01,Home & Kitchen,Maharashtra,Premium,135,131,121,193,3026389.2600000002,22417.698222222,14931.593037037041
2025-07-01,Fashion,Telangana,Regular,667,640,485,914,13183881.280000005,19765.938950525,14976.403553223387
2025-07-01,Grocery,Maharashtra,Regular,518,509,399,733,9916749.0099999979,19144.303108108,12877.72276061776
2025-07-01,Grocery,Delhi,Regular,316,306,269,445,5321447.0700000012,16840.022373418,13472.48727848101
2025-07-01,Home & Kitchen,Delhi,Premium,92,91,90,117,1314692.6800000002,14290.137826087,11432.14760869565
2025-07-01,Fashion,Telangana,Premium,140,134,131,201,2900283.9299999997,20716.313785714,13870.980071428574
2025-07-01,Fashion,Uttar Pradesh,Regular,762,738,535,1058,14608041.80000001,19170.658530184,14547.913425196848
2025-07-01,Electronics,Tamil Nadu,Premium,175,165,160,234,2986459.3099999996,17065.481771429,13283.012457142855
2025-07-01,Grocery,Maharashtra,Premium,100,98,95,144,1627013.9899999995,16270.1399,12985.295000000002
2025-07-01,Fashion,Gujarat,Premium,129,119,121,173,2971250.5799999996,23032.950232558,17810.604883720935
2025-07-01,Fashion,Maharashtra,New,201,196,185,267,4048050.8899999987,20139.556666667,15681.664626865668
2025-07-01,Fashion,Tamil Nadu,Regular,622,600,470,900,13072901.079999998,21017.52585209,14847.505369774919
2025-07-01,Home & Kitchen,Telangana,New,143,134,131,212,4166119.35,29133.701748252,18872.947902097905
2025-07-01,Beauty,Uttar Pradesh,New,102,98,99,136,2882957.2699999996,28264.286960784,19737.037549019617
2025-07-01,Electronics,Gujarat,New,131,129,124,177,2637733.0999999996,20135.367175573,13948.26709923664
2025-07-01,Grocery,Tamil Nadu,Premium,72,72,71,95,1240042.3299999998,17222.810138889,13889.51
2025-07-01,Beauty,Gujarat,New,70,70,64,110,1328776.6999999997,18982.524285714,11897.712142857143
2025-07-01,Fashion,Gujarat,Regular,484,471,393,674,11682231.449999996,24136.841838843,17731.475144628108
2025-07-01,Sports,Gujarat,Premium,46,46,44,68,590034.55,12826.838043478,10332.456304347825
2025-07-01,Grocery,Gujarat,New,68,66,65,99,870638.57000000018,12803.508382353,9684.3249999999989
2025-07-01,Sports,Delhi,Premium,46,45,44,68,951662.4800000001,20688.314782609,16521.16608695652
2025-07-01,Sports,Delhi,New,37,37,36,47,651607.59,17611.015945946,12918.168108108108
2025-07-01,Home & Kitchen,Gujarat,Regular,438,430,362,642,9741371.3799999952,22240.573926941,16794.379452054793
2025-07-01,Beauty,Tamil Nadu,New,72,71,71,96,1113643.97,15467.277361111,11654.175694444444
2025-07-01,Home & Kitchen,Telangana,Regular,569,552,423,795,11828314.810000008,20787.899490334,15365.581001757473
2025-07-01,Beauty,Maharashtra,Premium,110,107,108,140,1679275.3199999998,15266.139272727,13727.980090909092
2025-07-01,Fashion,Karnataka,New,176,169,159,254,3636883.8,20664.1125,14739.580113636363
2025-07-01,Beauty,Maharashtra,New,91,89,86,115,1818618.08,19984.814065934,16842.818791208789
2025-07-01,Home & Kitchen,Tamil Nadu,Premium,115,111,108,174,2015329.6899999997,17524.606,13374.564347826088
2025-07-01,Home & Kitchen,West Bengal,Premium,83,80,81,111,1984176.3200000003,23905.738795181,18290.950843373495
2025-07-01,Electronics,Tamil Nadu,Regular,708,671,500,1003,14035304.720000014,19823.876723164,14376.19596045198
2025-07-01,Fashion,Maharashtra,Premium,203,195,181,264,3364156.7900000005,16572.200935961,12658.230886699506
2025-07-01,Fashion,West Bengal,Regular,403,388,322,574,8799249.4200000018,21834.365806452,15609.310818858565
2025-07-01,Grocery,Uttar Pradesh,Premium,112,107,103,158,2360148.74,21072.756607143,14356.19535714286
2025-07-01,Electronics,Gujarat,Premium,156,144,143,202,2771396.8899999997,17765.364679487,12895.984871794872
2025-07-01,Beauty,Karnataka,New,88,86,87,135,1326042.3299999998,15068.662840909,9932.74784090909
2025-07-01,Grocery,Telangana,Regular,413,400,330,579,8724729.6900000032,21125.253486683,14133.294842615014
2025-07-01,Electronics,Uttar Pradesh,Premium,191,187,174,275,4008780.3100000005,20988.378586387,14617.337329842934
2025-07-01,Beauty,Gujarat,Premium,64,63,61,100,1605600.95,25087.51484375,15733.23234375
2025-07-01,Electronics,Karnataka,Regular,858,822,587,1173,18373372.859999996,21414.187482517,15425.463613053613
2025-07-01,Sports,Karnataka,Premium,89,87,81,127,2163992.3299999996,24314.520561798,14623.807640449442
2025-07-01,Fashion,Tamil Nadu,Premium,146,146,134,210,3425614.4600000004,23463.112739726,17328.424589041093
2025-07-01,Electronics,Tamil Nadu,New,145,134,138,196,3225611.1999999997,22245.594482759,16653.6208275862
2025-07-01,Fashion,Delhi,New,111,110,100,148,2406157.5300000007,21677.094864865,15481.575945945946
2025-07-01,Grocery,Gujarat,Premium,62,62,61,79,1421733.8299999998,22931.190806452,16502.023709677418
2025-07-01,Grocery,West Bengal,Regular,242,232,220,343,4290887.7000000011,17730.940909091,12541.324752066112
2025-07-01,Sports,Telangana,Premium,73,71,70,101,1156282.18,15839.481917808,12644.757397260275
2025-07-01,Electronics,Uttar Pradesh,New,175,168,161,248,3055728.8,17461.307428571,13466.364171428573
2025-07-01,Beauty,Gujarat,Regular,241,237,213,327,4580113.7200000007,19004.621244813,13748.793526970956
2025-07-01,Grocery,Gujarat,Regular,310,301,282,459,7243688.4700000007,23366.737,16074.139258064522
2025-07-01,Beauty,Telangana,Regular,372,361,319,514,7313763.72,19660.65516129,14703.958387096773
2025-07-01,Electronics,Telangana,Premium,166,157,149,225,3879744.4399999995,23371.954457831,18649.332590361446
2025-07-01,Electronics,Uttar Pradesh,Regular,899,864,607,1258,19449335.939999998,21634.411501669,15834.464271412675
2025-07-01,Beauty,Delhi,Premium,61,61,61,79,1297899.85,21277.046721311,17962.684590163935
2025-07-01,Home & Kitchen,West Bengal,Regular,320,308,274,453,6338053.969999996,19806.41865625,14981.908999999994
2025-07-01,Electronics,West Bengal,Premium,109,102,104,155,2117380.7199999997,19425.511192661,12335.325871559633
2025-07-01,Electronics,Maharashtra,New,208,197,182,275,3250176.26,15625.847403846,12516.17033653846
2025-07-01,Beauty,Karnataka,Premium,98,95,95,134,1706732.2699999998,17415.635408163,12736.529489795916
2025-07-01,Grocery,Delhi,New,50,50,49,71,995136.62999999989,19902.7326,14962.3194
2025-07-01,Sports,Karnataka,Regular,371,363,304,510,7706418.0700000031,20772.016361186,15582.646900269543
2025-07-01,Beauty,Delhi,Regular,273,268,243,423,7003264.54,25652.983663004,16798.205494505495
2025-07-01,Sports,West Bengal,New,37,37,36,55,625400.7,16902.721621622,12744.301891891893
2025-07-01,Fashion,Uttar Pradesh,Premium,168,163,151,229,3800863.4100000006,22624.186964286,17621.432797619051
2025-07-01,Home & Kitchen,Uttar Pradesh,Premium,143,137,132,197,3375651.5300000003,23605.954755245,17606.165454545458
2025-07-01,Sports,Gujarat,Regular,253,248,223,359,4671291.39,18463.602332016,13467.421225296443
2025-07-01,Sports,Telangana,New,61,60,55,81,1532830.91,25128.37557377,19102.359999999997
2025-07-01,Grocery,Telangana,New,70,70,70,99,1659751.45,23710.735,14408.422857142856
2025-07-01,Sports,Gujarat,New,61,59,59,89,1073490.58,17598.206229508,13147.329836065577
2025-07-01,Sports,West Bengal,Premium,33,32,33,53,592816.72,17964.143030303,15033.776969696972
2025-07-01,Beauty,West Bengal,Regular,250,244,226,344,4746132.4799999995,18984.52992,13002.171960000003
2025-07-01,Grocery,Karnataka,Premium,95,93,91,127,2109941.8,22209.913684211,16017.56652631579
2025-07-01,Grocery,Karnataka,New,93,92,87,138,2764497.9,29725.783870968,15957.630215053761
2025-07-01,Fashion,Uttar Pradesh,New,148,146,142,203,3111694.91,21024.965608108,14975.539932432437
2025-07-01,Sports,Delhi,Regular,256,249,227,364,4945702.31,19319.149648438,13630.601015625001
2025-07-01,Sports,Karnataka,New,93,92,90,114,1799951.61,19354.318387097,17066.199139784942
2025-07-01,Electronics,Karnataka,Premium,196,183,178,259,3639740.0,18570.102040816,14000.223214285712
2025-07-01,Electronics,Karnataka,New,208,201,189,291,4381290.66,21063.897403846,15251.57177884615
2025-07-01,Fashion,Tamil Nadu,New,137,134,128,207,3578895.9299999997,26123.327956204,15856.028686131387
2025-07-01,Home & Kitchen,Uttar Pradesh,New,159,154,146,215,2772527.1600000006,17437.277735849,13255.967169811322
2025-07-01,Home & Kitchen,Maharashtra,Regular,770,746,526,1057,15156096.920000009,19683.242753247,13662.259155844149
2025-07-01,Electronics,West Bengal,New,99,97,96,146,2067957.8500000003,20888.463131313,13391.996868686869
2025-07-01,Sports,Telangana,Regular,332,328,285,457,7704407.6800000034,23206.047228916,16783.208192771086
2025-07-01,Beauty,West Bengal,Premium,51,47,50,73,1081734.84,21210.487058824,14549.461176470588
2025-07-01,Fashion,Karnataka,Regular,779,749,561,1067,16528973.129999995,21218.194005135,15496.399537869063
2025-08-01,Grocery,Delhi,Regular,294,286,254,429,7097154.0000000019,24139.979591837,15083.588197278912
2025-08-01,Home & Kitchen,Gujarat,New,102,99,99,135,1948853.7699999998,19106.409509804,14375.878137254902
2025-08-01,Fashion,West Bengal,Regular,420,408,349,561,8820949.6199999973,21002.261,15917.266261904751
2025-08-01,Electronics,Karnataka,New,199,193,186,280,4550770.8000000007,22868.194974874,15736.032713567836
2025-08-01,Beauty,Telangana,New,65,63,61,87,2064361.0699999998,31759.401076923,20994.967692307691
2025-08-01,Sports,Telangana,Regular,333,327,278,451,5983518.9399999985,17968.525345345,13836.829819819823
2025-08-01,Sports,Telangana,New,64,63,63,80,1112177.37,17377.77140625,14547.571406250001
2025-08-01,Beauty,Delhi,Regular,252,249,222,368,5515839.379999999,21888.251507937,14485.046269841268
2025-08-01,Beauty,Gujarat,Premium,58,57,55,84,1673517.35,28853.747413793,18115.688448275861
2025-08-01,Home & Kitchen,West Bengal,New,74,72,71,99,1640158.32,22164.301621622,17213.007027027026
2025-08-01,Beauty,Gujarat,Regular,275,269,246,362,6265177.68,22782.464290909,16822.570909090908
2025-08-01,Sports,West Bengal,Regular,212,209,189,289,5188097.1800000016,24472.156509434,17754.80424528302
2025-08-01,Home & Kitchen,Delhi,Premium,106,99,101,145,2016164.4999999998,19020.419811321,14120.948679245284
2025-08-01,Fashion,Delhi,Premium,106,104,102,159,2627525.29,24787.974433962,17013.515094339622
2025-08-01,Fashion,Uttar Pradesh,Premium,165,158,150,220,3336785.9400000013,20222.945090909,15735.737515151515
2025-08-01,Electronics,Telangana,Premium,182,176,162,255,3216671.8699999992,17674.021263736,13354.23934065934
2025-08-01,Sports,Delhi,Regular,259,255,224,347,5281049.28,20390.151660232,15118.5861003861
2025-08-01,Beauty,Delhi,Premium,49,47,47,64,750876.64,15324.013061224,11622.297551020407
2025-08-01,Grocery,Maharashtra,New,119,118,104,159,2287491.13,19222.614537815,16216.469075630252
2025-08-01,Fashion,Maharashtra,New,179,174,165,241,3922053.6500000004,21910.91424581,16590.698435754188
2025-08-01,Sports,Telangana,Premium,69,67,68,96,1185386.74,17179.517971014,13529.499855072465
2025-08-01,Beauty,Tamil Nadu,New,67,64,65,90,1080172.2899999998,16121.974477612,13062.234626865669
2025-08-01,Sports,Gujarat,Regular,285,282,250,390,5513743.5399999982,19346.468561404,14868.449192982465
2025-08-01,Sports,Delhi,Premium,48,45,47,62,935967.73,19499.327708333,16306.362291666668
2025-08-01,Home & Kitchen,Maharashtra,Premium,167,161,155,238,3617127.53,21659.446287425,14092.685209580837
2025-08-01,Home & Kitchen,Uttar Pradesh,New,143,135,131,199,2578880.9600000014,18034.132587413,13851.216853146858
2025-08-01,Fashion,Tamil Nadu,New,125,121,114,180,2508529.65,20068.2372,14778.1016
2025-08-01,Grocery,Gujarat,Premium,55,54,55,74,777688.16999999993,14139.784909091,10929.534727272727
2025-08-01,Home & Kitchen,Delhi,New,104,100,96,149,2561526.66,24630.064038462,16210.77740384615
2025-08-01,Home & Kitchen,Maharashtra,Regular,793,769,575,1109,16400239.910000002,20681.260920555,15118.682547288779
2025-08-01,Fashion,Tamil Nadu,Premium,141,136,130,200,2482234.0299999993,17604.496666667,14423.586808510638
2025-08-01,Fashion,Delhi,New,103,99,99,144,2567032.6399999997,24922.646990291,17623.856796116506
2025-08-01,Home & Kitchen,Maharashtra,New,167,161,159,237,3813248.5899999989,22833.823892216,15075.062634730541
2025-08-01,Sports,Karnataka,Premium,91,89,88,118,2017930.2200000002,22175.057362637,17330.77
2025-08-01,Beauty,Tamil Nadu,Premium,69,67,66,91,1283106.8,18595.750724638,13902.12463768116
2025-08-01,Electronics,Uttar Pradesh,Regular,917,877,601,1259,18059508.230000012,19694.120207197,14417.201341330423
2025-08-01,Grocery,Gujarat,Regular,295,288,256,412,5447537.7700000014,18466.229728814,12980.357932203391
2025-08-01,Home & Kitchen,West Bengal,Premium,81,78,78,120,1529599.5299999998,18883.944814815,13440.258271604938
2025-08-01,Beauty,Karnataka,Premium,98,94,95,145,1605518.1099999996,16382.837857143,11713.768061224489
2025-08-01,Electronics,Telangana,New,167,158,157,229,3876167.2699999996,23210.58245509,16774.332934131733
2025-08-01,Sports,Tamil Nadu,New,65,63,60,84,1294929.88,19921.998153846,14475.790615384616
2025-08-01,Sports,West Bengal,Premium,39,39,39,52,472663.55,12119.578205128,10452.398205128204
2025-08-01,Sports,Gujarat,Premium,52,52,50,73,829630.79,15954.438269231,12120.048846153848
2025-08-01,Sports,Gujarat,New,62,61,59,80,884600.48,14267.749677419,11687.402096774193
2025-08-01,Fashion,Uttar Pradesh,New,177,173,166,236,3764574.8200000003,21268.784293785,14531.816497175141
2025-08-01,Electronics,Uttar Pradesh,Premium,182,171,165,248,4363820.7799999984,23977.037252747,18154.541538461537
2025-08-01,Grocery,Telangana,Regular,379,374,319,536,7309007.52,19284.980263852,13172.397150395782
2025-08-01,Beauty,Maharashtra,New,99,98,95,137,2196856.48,22190.469494949,15626.947272727273
2025-08-01,Beauty,Karnataka,New,89,88,80,123,2048851.92,23020.808089888,15743.526853932584
2025-08-01,Sports,Karnataka,Regular,377,373,316,525,7372946.1800000016,19556.886419098,15148.581697612732
2025-08-01,Beauty,Telangana,Regular,380,370,323,525,7740276.9599999981,20369.149894737,14957.008763157895
2025-08-01,Electronics,Tamil Nadu,Regular,737,706,536,1015,15869601.320000008,21532.70192673,15488.888181818184
2025-08-01,Grocery,West Bengal,Regular,241,232,214,322,4160958.96,17265.389875519,12623.743817427387
2025-08-01,Beauty,West Bengal,Regular,239,237,215,333,4840406.160000002,20252.745439331,14251.575313807532
2025-08-01,Home & Kitchen,Uttar Pradesh,Premium,129,126,119,189,2753406.6999999993,21344.237984496,14607.627364341086
2025-08-01,Beauty,Maharashtra,Regular,442,432,360,612,8702030.9600000028,19687.852850679,13996.480022624433
2025-08-01,Grocery,Maharashtra,Premium,92,90,84,131,1721377.6300000001,18710.626413043,13236.119673913045
2025-08-01,Electronics,Uttar Pradesh,New,209,198,187,294,3779160.0799999991,18082.105645933,13347.50215311005
2025-08-01,Sports,Delhi,New,55,54,54,68,907876.2699999999,16506.841272727,13526.626909090914
2025-08-01,Home & Kitchen,Gujarat,Regular,428,414,331,597,8305770.1400000062,19406.005,13909.344532710276
2025-08-01,Beauty,West Bengal,New,42,41,42,59,521132.98999999993,12407.928333333,9906.5452380952356
2025-08-01,Electronics,Tamil Nadu,New,155,154,143,216,3339412.3,21544.595483871,16373.432322580649
2025-08-01,Beauty,Gujarat,New,68,66,66,95,1328532.67,19537.245147059,14713.241911764706
2025-08-01,Electronics,Tamil Nadu,Premium,161,151,146,225,4420274.3399999989,27455.120124224,18530.54149068323
2025-08-01,Home & Kitchen,Telangana,Regular,592,573,460,832,13125243.150000002,22171.018834459,15500.066216216215
2025-08-01,Electronics,Maharashtra,Premium,216,202,192,300,5111968.9700000007,23666.523009259,17413.70347222222
2025-08-01,Electronics,Maharashtra,New,216,207,197,314,5621421.01,26025.097268519,16988.239027777774
2025-08-01,Grocery,Karnataka,Premium,86,85,79,127,1414863.71,16451.903604651,12421.711627906976
2025-08-01,Grocery,Gujarat,New,69,68,65,100,1178915.6500000001,17085.734057971,11753.092753623187
2025-08-01,Electronics,Gujarat,New,131,125,120,181,2596837.5099999993,19823.187099237,15578.757938931298
2025-08-01,Home & Kitchen,Tamil Nadu,Premium,112,108,104,159,2247275.0599999996,20064.955892857,14919.302767857145
2025-08-01,Fashion,Telangana,Premium,143,139,134,197,2625886.4800000004,18362.842517483,13439.629370629373
2025-08-01,Electronics,West Bengal,Premium,107,104,104,137,1394299.3800000004,13030.835327103,10911.025140186917
2025-08-01,Home & Kitchen,Karnataka,New,127,125,119,164,2010580.87,15831.345433071,12897.705590551181
2025-08-01,Fashion,Maharashtra,Premium,192,188,179,248,2751004.8200000003,14328.150104167,12342.274010416666
2025-08-01,Sports,Uttar Pradesh,Regular,339,335,288,459,7311705.21,21568.451946903,16580.4212979351
2025-08-01,Fashion,Tamil Nadu,Regular,616,587,453,827,12327733.679999994,20012.554675325,14515.008538961045
2025-08-01,Electronics,Delhi,Regular,605,577,466,844,11874272.259999994,19626.896297521,13763.890776859504
2025-08-01,Beauty,Karnataka,Regular,417,408,351,559,9164444.709999999,21977.085635492,16034.554556354919
2025-08-01,Sports,Maharashtra,Premium,111,109,106,157,2131778.2900000005,19205.20981982,14232.48891891892
2025-08-01,Grocery,Uttar Pradesh,Premium,101,100,96,141,1692325.3300000005,16755.696336634,12117.855247524752
2025-08-01,Fashion,Karnataka,Premium,169,165,156,230,3110736.6900000004,18406.725976331,14271.742011834316
2025-08-01,Beauty,Delhi,New,58,57,56,88,1999161.5200000003,34468.302068966,19491.128793103449
2025-08-01,Grocery,Uttar Pradesh,New,100,99,93,145,2295924.9800000004,22959.2498,15980.529400000003
2025-08-01,Electronics,Karnataka,Regular,899,866,588,1237,18267787.659999996,20320.119755284,14714.180266963289
2025-08-01,Electronics,Delhi,New,147,139,134,209,2608853.54,17747.302993197,10723.217006802721
2025-08-01,Fashion,Gujarat,Regular,503,492,406,682,10869486.199999997,21609.316500994,15357.074572564608
2025-08-01,Grocery,Karnataka,New,83,82,81,112,1868214.5899999999,22508.609518072,14572.882409638552
2025-08-01,Sports,West Bengal,New,47,46,46,60,910054.66000000015,19362.865106383,15639.262765957446
2025-08-01,Beauty,Maharashtra,Premium,100,99,96,138,1971874.1399999997,19718.7414,14092.3998
2025-08-01,Grocery,Delhi,Premium,68,67,68,97,1597425.2,23491.547058824,14084.731323529408
2025-08-01,Fashion,Maharashtra,Regular,914,880,597,1229,19131517.839999992,20931.638774617,15591.580164113784
2025-08-01,Fashion,Telangana,Regular,740,705,536,1048,15469661.180000003,20904.947540541,14054.644581081084
2025-08-01,Electronics,Delhi,Premium,130,123,126,182,3278804.71,25221.574692308,17229.364692307689
2025-08-01,Home & Kitchen,Karnataka,Premium,138,135,129,175,3040343.7699999996,22031.476594203,17237.144202898551
2025-08-01,Beauty,Uttar Pradesh,Regular,391,383,330,523,8287832.1899999967,21196.501764706,14918.789667519177
2025-08-01,Home & Kitchen,West Bengal,Regular,359,346,299,514,7908726.3299999963,22029.878356546,14648.740222841223
2025-08-01,Home & Kitchen,Tamil Nadu,New,98,94,94,129,2086273.7200000002,21288.507346939,15416.56030612245
2025-08-01,Fashion,Telangana,New,130,125,123,187,2906157.919999999,22355.060923077,15763.481769230764
2025-08-01,Grocery,West Bengal,Premium,48,47,46,61,1028017.22,21417.025416667,18048.751458333332
2025-08-01,Electronics,Maharashtra,Regular,979,945,637,1375,19621965.54000001,20042.865720123,14262.911338100103
2025-08-01,Home & Kitchen,Karnataka,Regular,687,667,510,946,14966403.51,21785.157947598,15760.598835516748
2025-08-01,Sports,Tamil Nadu,Regular,317,314,270,436,7052178.8400000008,22246.620946372,15821.301167192434
2025-08-01,Grocery,Tamil Nadu,New,73,72,71,105,1361231.42,18647.005753425,13127.80876712329
2025-08-01,Fashion,Uttar Pradesh,Regular,736,703,529,1056,15259036.850000007,20732.387024457,14696.616698369562
2025-08-01,Fashion,West Bengal,New,90,89,85,127,1835890.42,20398.782444444,13342.836888888889
2025-08-01,Grocery,West Bengal,New,49,47,49,67,716195.25000000012,14616.229591837,10796.953265306123
2025-08-01,Electronics,Gujarat,Regular,582,555,437,782,11572329.190000007,19883.727130584,14423.078539518901
2025-08-01,Electronics,Telangana,Regular,791,762,554,1076,15518291.409999996,19618.573211125,13839.392010113774
2025-08-01,Home & Kitchen,Telangana,Premium,124,123,118,188,2540831.9899999998,20490.580564516,13813.589354838712
2025-08-01,Grocery,Tamil Nadu,Premium,93,89,90,126,2239910.79,24085.062258065,17680.481290322587
2025-08-01,Grocery,Karnataka,Regular,445,439,366,602,8027346.3499999978,18038.980561798,13020.288382022469
2025-08-01,Sports,Maharashtra,New,85,84,82,113,2333440.0900000003,27452.236352941,19471.334941176472
2025-08-01,Grocery,Delhi,New,76,75,73,100,1775980.4000000004,23368.163157895,14750.836315789471
2025-08-01,Home & Kitchen,Telangana,New,120,115,111,169,2317825.4,19315.211666667,13782.287416666668
2025-08-01,Electronics,Gujarat,Premium,115,111,107,145,1745828.6399999997,15181.118608696,12916.123391304351
2025-08-01,Home & Kitchen,Tamil Nadu,Regular,521,505,404,709,9891610.1999999955,18985.816122841,14456.660959692903
2025-08-01,Electronics,West Bengal,Regular,486,468,381,646,7863741.17,16180.537386831,12797.123024691362
2025-08-01,Fashion,Delhi,Regular,533,513,413,763,12646267.899999999,23726.581425891,16701.8361163227
2025-08-01,Sports,Karnataka,New,76,75,75,102,1487376.3399999999,19570.741315789,14498.829736842106
2025-08-01,Fashion,Gujarat,Premium,99,95,91,142,1787902.53,18059.621515152,13625.726464646461
2025-08-01,Fashion,Karnataka,New,150,145,141,221,3823228.3100000005,25488.188733333,16906.566799999997
2025-08-01,Beauty,Uttar Pradesh,Premium,84,84,83,132,2296337.3,27337.348809524,17755.408452380947
2025-08-01,Grocery,Telangana,New,88,84,85,119,1627522.85,18494.577840909,12713.35988636364
2025-08-01,Fashion,West Bengal,Premium,94,87,92,128,1923625.5399999996,20464.101489362,16153.514574468087
2025-08-01,Grocery,Tamil Nadu,Regular,339,336,286,444,6094821.4799999995,17978.824424779,14518.666755162241
2025-08-01,Grocery,Uttar Pradesh,Regular,443,432,365,617,7668202.9799999977,17309.713273138,12812.375981941308
2025-08-01,Sports,Maharashtra,Regular,448,435,348,625,10717946.779999996,23923.988348214,17396.517410714285
2025-08-01,Fashion,Gujarat,New,113,112,108,159,2671828.6100000003,23644.500973451,17372.48469026549
2025-08-01,Beauty,Telangana,Premium,90,88,83,121,2106165.1,23401.834444444,17481.622888888891
2025-08-01,Grocery,Maharashtra,Regular,474,461,380,649,9407610.7999999952,19847.280168776,14876.290421940921
2025-08-01,Beauty,West Bengal,Premium,50,49,50,72,865124.31999999983,17302.4864,12793.3086
2025-08-01,Beauty,Uttar Pradesh,New,79,78,76,111,1857411.7799999998,23511.541518987,16803.977848101269
2025-08-01,Home & Kitchen,Gujarat,Premium,107,101,101,154,2270701.4699999997,21221.509065421,15234.166635514021
2025-08-01,Electronics,West Bengal,New,96,88,94,140,2091125.8399999994,21782.560833333,15564.278229166666
2025-08-01,Sports,Uttar Pradesh,Premium,75,73,71,107,1407081.5799999996,18761.087733333,13929.148399999998
2025-08-01,Grocery,Telangana,Premium,106,105,100,136,1966090.7100000002,18548.025566038,14426.221509433963
2025-08-01,Beauty,Tamil Nadu,Regular,351,345,297,491,7819170.98,22276.84039886,15706.734245014248
2025-08-01,Sports,Uttar Pradesh,New,76,75,73,105,1973269.0999999996,25964.067105263,17051.082236842107
2025-08-01,Home & Kitchen,Uttar Pradesh,Regular,669,647,491,920,13711424.360000003,20495.402630792,14971.571150971607
2025-08-01,Sports,Tamil Nadu,Premium,44,43,41,63,800305.26,18188.755909091,14470.005454545453
2025-08-01,Electronics,Karnataka,Premium,197,188,184,271,3483657.9799999995,17683.543045685,13567.722182741118
2025-08-01,Fashion,Karnataka,Regular,789,759,548,1103,16984519.809999991,21526.641077313,15626.831571609644
2025-08-01,Home & Kitchen,Delhi,Regular,446,439,350,607,9869318.4300000034,22128.516659193,15572.01217488789
2025-09-01,Fashion,Maharashtra,Premium,179,176,171,238,3254539.88,18181.787039106,13705.0687150838
2025-09-01,Electronics,Maharashtra,Premium,208,198,185,281,4863720.4299999978,23383.271298077,17741.275336538474
2025-09-01,Beauty,Telangana,New,62,62,62,89,1019605.5599999998,16445.250967742,11493.30564516129
2025-09-01,Fashion,Tamil Nadu,New,111,106,108,147,2417402.78,21778.403423423,16130.775045045048
2025-09-01,Home & Kitchen,Delhi,Premium,95,93,90,124,1663360.8199999998,17509.061263158,12557.287789473681
2025-09-01,Grocery,Delhi,Regular,290,281,255,410,6232374.4099999983,21490.946241379,14487.174034482759
2025-09-01,Home & Kitchen,Gujarat,New,101,100,95,141,1762595.8899999997,17451.444455446,13282.350297029707
2025-09-01,Beauty,Tamil Nadu,Regular,332,327,294,459,7640268.8100000042,23012.857861446,16414.215210843373
2025-09-01,Sports,Delhi,Premium,42,40,42,52,372885.67000000004,8878.230238095,7380.3264285714276
2025-09-01,Home & Kitchen,Delhi,New,105,103,99,148,2635404.1500000004,25099.087142857,16568.591142857138
2025-09-01,Fashion,Karnataka,New,156,152,150,216,3203662.0299999993,20536.295064103,14933.063397435903
2025-09-01,Home & Kitchen,Telangana,New,110,109,101,151,2306978.47,20972.531545455,17203.356272727269
2025-09-01,Grocery,Maharashtra,Premium,97,94,88,129,1524313.0500000003,15714.567525773,12268.157216494847
2025-09-01,Home & Kitchen,Telangana,Premium,111,107,106,150,1776092.54,16000.833693694,11250.357657657658
2025-09-01,Fashion,Delhi,New,110,106,104,158,2408766.3,21897.875454545,14467.394181818181
2025-09-01,Sports,Karnataka,Premium,65,64,64,90,970008.12999999989,14923.202,9465.4944615384611
2025-09-01,Electronics,Uttar Pradesh,Regular,841,808,561,1164,17581170.63,20905.07803805,15003.545885850181
2025-09-01,Beauty,Telangana,Premium,91,90,84,129,1790289.4499999997,19673.51043956,14018.960549450549
2025-09-01,Home & Kitchen,Gujarat,Premium,102,100,95,153,2359818.6399999997,23135.476862745,12783.290392156861
2025-09-01,Home & Kitchen,Karnataka,Regular,683,659,506,939,14230281.860000005,20834.966120059,15241.601142020494
2025-09-01,Home & Kitchen,Delhi,Regular,415,404,345,597,8530749.8099999949,20556.023638554,13997.132795180709
2025-09-01,Home & Kitchen,Maharashtra,Regular,763,742,537,1023,14536162.240000004,19051.326657929,14221.70686762779
2025-09-01,Sports,Uttar Pradesh,New,77,77,76,106,1831729.7599999998,23788.698181818,15491.809870129871
2025-09-01,Grocery,Maharashtra,Regular,508,498,391,696,10569268.47,20805.646594488,14730.60830708661
2025-09-01,Fashion,Gujarat,Premium,103,100,91,147,2577789.9099999997,25027.086504854,18812.15281553398
2025-09-01,Sports,Karnataka,New,60,60,58,87,1197834.3,19963.905,12524.640333333335
2025-09-01,Fashion,West Bengal,New,88,86,82,130,2198291.85,24980.589204545,16574.15772727273
2025-09-01,Fashion,Uttar Pradesh,Regular,711,677,505,1015,16204989.20999999,22791.827299578,15157.340886075952
2025-09-01,Beauty,Uttar Pradesh,New,93,91,90,136,2776143.6100000003,29851.00655914,19359.310537634407
2025-09-01,Grocery,Gujarat,Premium,81,80,80,128,1988294.24,24546.842469136,13843.380617283949
2025-09-01,Grocery,Tamil Nadu,Regular,367,352,317,521,8129797.77,22152.037520436,15290.938147138962
2025-09-01,Home & Kitchen,Uttar Pradesh,Regular,696,679,509,982,13258947.060000002,19050.211293103,13989.504281609197
2025-09-01,Fashion,Karnataka,Regular,740,719,538,1009,14818406.830000002,20024.874094595,14457.480905405402
2025-09-01,Sports,Tamil Nadu,Regular,284,281,247,397,6129538.91,21582.883485915,15760.061725352116
2025-09-01,Electronics,West Bengal,Regular,466,448,365,670,10401749.650000004,22321.351180258,15437.52107296137
2025-09-01,Beauty,Uttar Pradesh,Premium,70,69,68,106,1987374.91,28391.070142857,19174.673
2025-09-01,Sports,Uttar Pradesh,Premium,70,68,67,89,1836853.9099999997,26240.770142857,18860.005285714287
2025-09-01,Beauty,Tamil Nadu,Premium,71,70,70,89,1437594.07,20247.803802817,14357.945070422536
2025-09-01,Home & Kitchen,West Bengal,Premium,72,71,69,110,1462556.73,20313.287916667,14071.324861111112
2025-09-01,Beauty,Delhi,Regular,283,279,244,395,6380911.3099999987,22547.389787986,15582.37593639576
2025-09-01,Beauty,Karnataka,New,78,73,77,101,1534718.1999999997,19675.874358974,17247.059102564097
2025-09-01,Beauty,Maharashtra,Regular,495,486,406,690,10495375.79,21202.779373737,14881.538242424242
2025-09-01,Grocery,Uttar Pradesh,New,100,96,96,133,1856146.5499999998,18561.4655,14950.0384
2025-09-01,Home & Kitchen,Tamil Nadu,Regular,495,485,401,680,11543431.759999998,23320.064161616,16347.8652929293
2025-09-01,Electronics,Karnataka,New,172,167,156,235,3777758.4599999995,21963.711976744,15489.720058139537
2025-09-01,Electronics,West Bengal,Premium,94,86,86,123,1941864.13,20658.129042553,16192.640638297871
2025-09-01,Fashion,West Bengal,Premium,95,90,89,126,1986903.09,20914.769368421,15511.160421052631
2025-09-01,Beauty,Gujarat,New,68,66,66,96,2381574.0,35023.147058824,19028.385147058823
2025-09-01,Electronics,Telangana,Regular,770,738,529,1057,15219451.019999998,19765.520805195,14521.417649350646
2025-09-01,Grocery,Uttar Pradesh,Premium,105,103,97,139,2061034.7400000005,19628.902285714,16282.148571428572
2025-09-01,Home & Kitchen,Karnataka,Premium,135,135,126,182,2426862.2800000012,17976.75762963,11736.019481481482
2025-09-01,Electronics,Gujarat,Regular,568,550,426,771,11071909.349999998,19492.798151408,15053.672922535214
2025-09-01,Electronics,West Bengal,New,97,94,92,125,1926596.03,19861.814742268,15190.64556701031
2025-09-01,Fashion,Telangana,Premium,128,124,120,185,2924370.1700000009,22846.641953125,13765.565468749997
2025-09-01,Fashion,Maharashtra,Regular,871,843,582,1199,17251437.170000006,19806.47206659,14701.38195177956
2025-09-01,Fashion,Tamil Nadu,Regular,599,580,457,845,12546827.419999996,20946.28951586,14822.89328881469
2025-09-01,Beauty,Karnataka,Premium,80,80,80,109,1561448.6600000001,19518.10825,13328.240875
2025-09-01,Beauty,Maharashtra,New,107,105,101,143,1664081.6699999995,15552.165140187,12027.311682242989
2025-09-01,Grocery,Maharashtra,New,91,88,87,125,1743454.0099999998,19158.835274725,13785.372747252746
2025-09-01,Fashion,Karnataka,Premium,131,126,124,186,2751635.9600000004,21004.854656489,15283.911068702288
2025-09-01,Beauty,Delhi,Premium,68,67,66,84,1223450.54,17991.919705882,16509.781176470591
2025-09-01,Home & Kitchen,West Bengal,New,60,58,59,80,1237142.7199999997,20619.045333333,14789.644333333332
2025-09-01,Beauty,Tamil Nadu,New,69,68,68,95,1473593.54,21356.428115942,13252.762173913045
2025-09-01,Sports,Maharashtra,Premium,91,90,88,131,2017627.9200000002,22171.735384615,15944.416263736264
2025-09-01,Home & Kitchen,Uttar Pradesh,New,135,131,126,181,3369179.66,24956.88637037,18118.829777777781
2025-09-01,Home & Kitchen,Karnataka,New,124,117,117,173,3004249.9699999997,24227.82233871,18005.9210483871
2025-09-01,Fashion,Delhi,Regular,506,495,399,704,10620597.229999999,20989.322588933,15051.565830039524
2025-09-01,Fashion,Gujarat,New,132,125,125,188,3404570.07,25792.1975,17612.063863636362
2025-09-01,Fashion,Telangana,Regular,602,581,445,837,12058193.690000005,20030.222076412,14670.321179401994
2025-09-01,Electronics,Gujarat,New,136,134,126,208,3169023.07,23301.640220588,16177.282573529415
2025-09-01,Grocery,Uttar Pradesh,Regular,433,424,357,593,8822487.6099999957,20375.260069284,14015.691362586602
2025-09-01,Electronics,Delhi,New,117,114,109,160,2711098.16,23171.779145299,16861.426068376062
2025-09-01,Electronics,Telangana,Premium,164,156,152,229,3807157.3199999989,23214.373902439,17433.195
2025-09-01,Fashion,Uttar Pradesh,Premium,138,135,126,194,2185028.42,15833.539275362,11986.442971014496
2025-09-01,Sports,Gujarat,New,62,62,61,83,1465767.2599999998,23641.407419355,16895.062419354839
2025-09-01,Electronics,Tamil Nadu,Regular,708,671,501,973,13145524.26,18567.124661017,13767.031596045203
2025-09-01,Grocery,West Bengal,New,54,53,53,73,1160965.62,21499.363333333,16559.590925925924
2025-09-01,Electronics,Gujarat,Premium,138,135,134,203,3019398.4299999997,21879.698768116,14562.059347826093
2025-09-01,Home & Kitchen,Telangana,Regular,536,525,424,754,10436189.21,19470.502257463,14373.088843283575
2025-09-01,Fashion,Telangana,New,135,131,126,186,2518474.4400000004,18655.366222222,12954.685703703704
2025-09-01,Electronics,Tamil Nadu,New,140,135,129,196,2358850.7600000007,16848.934,12250.816285714289
2025-09-01,Sports,Tamil Nadu,Premium,67,67,64,104,1597149.25,23838.048507463,18938.017313432829
2025-09-01,Grocery,Telangana,Premium,80,79,74,110,1503933.0900000003,18799.163625,14459.921375000004
2025-09-01,Sports,Maharashtra,Regular,396,391,327,563,8207706.3200000012,20726.531111111,15057.191237373738
2025-09-01,Grocery,Tamil Nadu,Premium,86,83,82,122,1976475.7899999996,22982.276627907,17532.602558139537
2025-09-01,Grocery,Telangana,Regular,413,405,339,581,7665076.089999998,18559.506271186,13074.821355932207
2025-09-01,Beauty,Delhi,New,64,63,59,87,1353556.3699999999,21149.31828125,16627.825312499997
2025-09-01,Fashion,Delhi,Premium,120,119,112,164,1924424.9400000004,16036.8745,12420.633750000003
2025-09-01,Fashion,West Bengal,Regular,382,368,331,528,7895051.0900000026,20667.673010471,14322.610628272243
2025-09-01,Sports,Gujarat,Regular,236,233,209,332,4523307.3699999992,19166.556652542,14240.412161016951
2025-09-01,Fashion,Tamil Nadu,Premium,136,131,130,188,3602917.8400000003,26492.042941176,17898.046176470591
2025-09-01,Grocery,Karnataka,Premium,103,101,96,146,2031520.11,19723.496213592,12783.784951456309
2025-09-01,Beauty,Telangana,Regular,379,374,318,517,7805763.0700000012,20595.680923483,15309.461292875994
2025-09-01,Grocery,Delhi,New,62,61,62,82,573921.71,9256.801774194,8987.7972580645164
2025-09-01,Sports,Telangana,New,50,50,47,70,625908.05999999994,12518.1612,9932.8332
2025-09-01,Sports,West Bengal,New,39,39,36,61,420100.0,10771.794871795,7296.1125641025637
2025-09-01,Grocery,Delhi,Premium,53,52,50,72,1145606.6600000001,21615.22,13644.056415094339
2025-09-01,Electronics,Tamil Nadu,Premium,134,132,126,184,2404812.22,17946.359850746,12719.803059701491
2025-09-01,Sports,West Bengal,Regular,203,198,178,281,3756656.6900000004,18505.697980296,12951.460689655174
2025-09-01,Grocery,West Bengal,Premium,40,40,40,52,706830.53999999992,17670.7635,14612.947500000002
2025-09-01,Electronics,Karnataka,Premium,204,198,179,289,4195576.17,20566.549852941,14432.548725490196
2025-09-01,Electronics,Karnataka,Regular,859,830,589,1195,16984827.310000002,19772.790814901,14207.373294528521
2025-09-01,Beauty,West Bengal,Regular,212,208,189,314,5345958.3500000024,25216.784669811,16391.70202830189
2025-09-01,Home & Kitchen,Uttar Pradesh,Premium,161,161,147,220,2983375.7300000009,18530.284037267,14278.394534161484
2025-09-01,Home & Kitchen,Tamil Nadu,New,101,101,98,147,2365767.1999999993,23423.437623762,15854.51495049505
2025-09-01,Beauty,Uttar Pradesh,Regular,384,379,322,502,9195098.950000003,23945.570182292,17135.693697916657
2025-09-01,Fashion,Uttar Pradesh,New,163,159,154,226,3280083.2100000009,20123.209877301,15013.242883435585
2025-09-01,Beauty,Maharashtra,Premium,79,78,77,123,2851249.9099999997,36091.771012658,20452.3482278481
2025-09-01,Grocery,Gujarat,New,55,55,54,78,843256.3,15331.932727273,11339.873272727275
2025-09-01,Grocery,Karnataka,Regular,421,416,348,581,7414953.549999998,17612.716270784,11687.199762470314
2025-09-01,Electronics,Maharashtra,New,222,215,198,297,4308716.71,19408.633828829,14477.470180180184
2025-09-01,Sports,Karnataka,Regular,368,362,308,523,7899915.4399999995,21467.161521739,15416.523804347828
2025-09-01,Grocery,Telangana,New,66,66,63,96,1494119.9400000002,22638.180909091,12529.629696969698
2025-09-01,Home & Kitchen,Gujarat,Regular,456,439,357,629,9485022.9100000039,20800.488837719,14849.231622807012
2025-09-01,Sports,Delhi,New,57,55,55,80,1113352.4999999998,19532.5,14413.741228070177
2025-09-01,Home & Kitchen,Tamil Nadu,Premium,105,104,98,148,2081567.9400000004,19824.456571429,12240.15533333333
2025-09-01,Sports,Telangana,Regular,312,301,262,427,7357259.8700000029,23580.961121795,17215.69288461539
2025-09-01,Electronics,Delhi,Premium,132,127,123,189,2688206.36,20365.19969697,14566.352651515152
2025-09-01,Fashion,Gujarat,Regular,444,429,363,609,9796708.73,22064.659301802,15829.676644144147
2025-09-01,Sports,Telangana,Premium,66,66,65,91,1537392.6,23293.827272727,15562.283333333333
2025-09-01,Beauty,West Bengal,New,47,47,46,64,533889.16,11359.343829787,9139.8046808510662
2025-09-01,Grocery,West Bengal,Regular,232,229,216,331,4806459.830000001,20717.499267241,16289.297629310344
2025-09-01,Sports,Uttar Pradesh,Regular,368,361,306,515,7382137.11,20060.155190217,13781.89877717391
2025-09-01,Home & Kitchen,Maharashtra,New,150,146,141,222,2534081.41,16893.876066667,11290.796533333334
2025-09-01,Fashion,Maharashtra,New,202,199,183,286,4293869.84,21256.781386139,15534.16668316832
2025-09-01,Sports,Tamil Nadu,New,63,62,60,94,1898784.6899999995,30139.43952381,18245.383809523806
2025-09-01,Sports,Delhi,Regular,233,230,207,315,4641566.2199999988,19920.885064378,14294.013562231758
2025-09-01,Sports,Maharashtra,New,74,73,72,98,1312118.3999999997,17731.32972973,13539.261891891896
2025-09-01,Sports,West Bengal,Premium,47,46,46,59,966762.91,20569.423617021,18802.292340425531
2025-09-01,Grocery,Tamil Nadu,New,63,62,63,85,1104078.8499999999,17525.061111111,13326.367936507937
2025-09-01,Electronics,Delhi,Regular,606,579,453,846,12767546.120000005,21068.557953795,15553.050132013192
2025-09-01,Home & Kitchen,Maharashtra,Premium,149,145,139,202,3035471.56,20372.292348993,15790.31530201342
2025-09-01,Beauty,Gujarat,Regular,280,278,240,381,6633339.879999999,23690.499571429,17825.504321428565
2025-09-01,Home & Kitchen,West Bengal,Regular,337,323,288,458,6921995.9699999951,20540.047388724,14072.495994065281
2025-09-01,Beauty,Gujarat,Premium,41,41,40,61,651620.35000000009,15893.179268293,11785.910731707318
2025-09-01,Beauty,West Bengal,Premium,46,45,45,63,1321730.9299999997,28733.281086957,16841.145434782611
2025-09-01,Electronics,Uttar Pradesh,New,191,186,177,268,3989049.3699999996,20885.075235602,14774.397277486911
2025-09-01,Sports,Gujarat,Premium,49,47,48,69,1141149.29,23288.761020408,16726.224285714285
2025-09-01,Electronics,Uttar Pradesh,Premium,195,187,176,270,4562859.87,23399.281384615,17758.765487179488
2025-09-01,Grocery,Gujarat,Regular,288,283,262,402,5619201.0999999978,19511.114930556,14283.541805555555
2025-09-01,Electronics,Telangana,New,172,161,151,245,3990992.1799999992,23203.442906977,16269.058430232559
2025-09-01,Beauty,Karnataka,Regular,400,385,328,566,9011717.34,22529.29335,15561.074775
2025-09-01,Grocery,Karnataka,New,90,88,87,119,1522608.72,16917.874666667,13290.038888888887
2025-09-01,Electronics,Maharashtra,Regular,981,933,618,1342,20341369.249999989,20735.340723751,14804.078827726808
2025-10-01,Grocery,Maharashtra,Regular,576,563,437,787,11681409.39,20280.224635417,14837.322534722223
2025-10-01,Grocery,Maharashtra,New,109,107,101,139,1774305.5899999999,16278.03293578,14144.425137614677
2025-10-01,Electronics,Karnataka,Regular,880,850,584,1215,17103741.800000004,19436.070227273,14043.673954545458
2025-10-01,Grocery,Uttar Pradesh,Regular,429,420,351,587,8185045.9199999971,19079.361118881,14671.117109557104
2025-10-01,Grocery,Delhi,New,55,53,54,78,749059.51000000013,13619.263818182,9511.3970909090913
2025-10-01,Home & Kitchen,Delhi,New,97,95,91,123,1286917.51,13267.190824742,11886.154639175256
2025-10-01,Home & Kitchen,Gujarat,New,97,95,90,146,2788404.9400000004,28746.442680412,17149.545773195881
2025-10-01,Fashion,Telangana,New,164,158,153,221,3766489.7700000019,22966.401036585,17528.037621951215
2025-10-01,Grocery,Karnataka,Regular,411,408,336,584,8988455.3199999966,21869.720973236,15106.852043795619
2025-10-01,Grocery,West Bengal,Regular,248,241,215,325,5506978.99,22205.560443548,15788.784838709678
2025-10-01,Fashion,Karnataka,Regular,719,692,513,972,17066145.850000009,23735.946940195,17120.80502086231
2025-10-01,Grocery,West Bengal,New,44,43,43,60,691559.19000000006,15717.254318182,12696.103636363639
2025-10-01,Beauty,Delhi,New,42,42,42,60,754886.8,17973.495238095,15525.875476190477
2025-10-01,Grocery,Delhi,Regular,320,313,283,456,6026391.52,18832.4735,13501.218750000002
2025-10-01,Electronics,Telangana,New,169,165,152,233,3765604.3599999994,22281.68260355,14725.780118343195
2025-10-01,Sports,Tamil Nadu,Regular,324,317,272,456,6764854.910000002,20879.181820988,13632.026666666668
2025-10-01,Sports,Telangana,Premium,71,67,69,101,1277750.7200000002,17996.489014085,13547.021126760565
2025-10-01,Electronics,Delhi,New,157,147,149,219,3330971.3999999994,21216.378343949,14840.269299363057
2025-10-01,Home & Kitchen,Telangana,Premium,110,106,102,151,2244306.3400000008,20402.784909091,14442.319
2025-10-01,Beauty,West Bengal,Regular,259,257,228,358,5595773.05,21605.301351351,15732.430038610037
2025-10-01,Fashion,West Bengal,Premium,77,72,75,107,1975435.2599999998,25655.003376623,18127.823376623379
2025-10-01,Grocery,Telangana,Premium,74,72,73,105,1106763.0399999998,14956.257297297,11420.876486486488
2025-10-01,Beauty,West Bengal,Premium,45,44,45,58,910530.42,20234.009333333,15696.326000000003
2025-10-01,Electronics,Telangana,Premium,173,164,159,238,3648421.8899999992,21089.143872832,15304.85641618497
2025-10-01,Beauty,Delhi,Premium,55,54,55,78,1190744.46,21649.899272727,18602.698363636366
2025-10-01,Home & Kitchen,Tamil Nadu,New,118,112,113,163,2013886.8900000001,17066.838050847,13988.1693220339
2025-10-01,Beauty,Maharashtra,Premium,101,98,94,138,1911522.8900000001,18925.969207921,14192.345544554455
2025-10-01,Beauty,Gujarat,Regular,284,281,243,407,6809296.7399999984,23976.396971831,16788.561302816906
2025-10-01,Beauty,Karnataka,Regular,413,408,349,569,8303685.8800000008,20105.776949153,14723.964721549635
2025-10-01,Electronics,West Bengal,Regular,494,476,390,685,9957452.9100000076,20156.787267206,14777.443603238864
2025-10-01,Home & Kitchen,West Bengal,New,76,72,73,122,2615740.31,34417.635657895,21511.371184210522
2025-10-01,Home & Kitchen,Maharashtra,New,147,145,138,210,3159746.9299999997,21494.87707483,15759.898163265305
2025-10-01,Grocery,Tamil Nadu,Regular,348,341,296,486,6740203.2700000005,19368.400201149,13257.61505747127
2025-10-01,Sports,Karnataka,Regular,384,376,323,501,7299319.0200000042,19008.64328125,15031.790520833329
2025-10-01,Home & Kitchen,Karnataka,Regular,690,662,503,958,12951448.159999993,18770.214724638,13710.632666666668
2025-10-01,Sports,Uttar Pradesh,New,78,78,77,114,1220853.7299999997,15651.970897436,10211.403974358971
2025-10-01,Sports,Tamil Nadu,Premium,73,72,68,92,1795661.7000000002,24598.105479452,20450.711095890412
2025-10-01,Home & Kitchen,Delhi,Premium,87,82,85,119,1625861.8900000004,18688.067701149,14844.637241379312
2025-10-01,Fashion,West Bengal,New,76,75,75,104,1337314.23,17596.239868421,13951.832894736845
2025-10-01,Electronics,Gujarat,Regular,646,619,463,889,12461415.269999994,19290.116517028,14810.024318885444
2025-10-01,Beauty,Uttar Pradesh,New,93,93,90,124,1742831.5799999998,18740.124516129,12373.507096774194
2025-10-01,Fashion,Gujarat,New,107,105,102,152,2637236.0,24647.065420561,17653.276074766352
2025-10-01,Sports,Karnataka,Premium,93,92,90,124,1484659.88,15964.084731183,12216.201827956991
2025-10-01,Electronics,Uttar Pradesh,New,184,173,170,257,4171896.6400000006,22673.351304348,15805.521793478259
2025-10-01,Sports,Telangana,Regular,299,296,263,410,6444354.4700000025,21553.024983278,15717.429665551845
2025-10-01,Beauty,Telangana,Premium,75,72,72,101,1617884.5000000002,21571.793333333,17269.415733333331
2025-10-01,Sports,Uttar Pradesh,Premium,76,74,73,111,1851220.8399999999,24358.168947368,13920.172894736847
2025-10-01,Home & Kitchen,Maharashtra,Regular,784,758,544,1077,15603802.389999999,19902.809170918,14508.864770408165
2025-10-01,Home & Kitchen,Gujarat,Regular,440,430,365,617,8885197.6999999955,20193.631136364,14896.242545454539
2025-10-01,Electronics,Delhi,Regular,578,554,443,795,11778676.060000002,20378.332283737,14278.177370242212
2025-10-01,Fashion,Karnataka,New,165,158,146,220,2751372.06,16674.982181818,12419.529393939396
2025-10-01,Sports,Gujarat,Premium,51,49,48,79,1551206.94,30415.822352941,18042.779215686278
2025-10-01,Electronics,Maharashtra,Premium,198,191,182,273,4845695.9799999995,24473.212020202,17615.477424242425
2025-10-01,Beauty,Tamil Nadu,Regular,364,358,303,481,6196863.2400000021,17024.34956044,12897.872170329674
2025-10-01,Fashion,Uttar Pradesh,Premium,177,166,161,241,3629444.1500000004,20505.334180791,15320.276497175139
2025-10-01,Sports,Uttar Pradesh,Regular,375,371,318,516,8868348.4999999981,23648.929333333,15886.3392
2025-10-01,Fashion,Uttar Pradesh,New,177,171,160,234,3756494.85,21223.134745763,15341.34559322034
2025-10-01,Sports,Delhi,Regular,235,232,199,312,4749383.169999999,20210.141148936,14609.274851063832
2025-10-01,Fashion,Tamil Nadu,New,122,117,112,172,2757012.3900000006,22598.462213115,16502.091557377047
2025-10-01,Sports,Gujarat,New,52,52,51,77,1214580.79,23357.322884615,14053.98769230769
2025-10-01,Sports,Maharashtra,Premium,93,89,91,129,1710169.17,18388.915806452,13472.770107526881
2025-10-01,Electronics,Uttar Pradesh,Premium,175,168,158,267,4162499.1300000018,23785.709314286,15071.551257142861
2025-10-01,Home & Kitchen,Delhi,Regular,435,416,355,610,10302026.78,23682.820183908,16872.960022988504
2025-10-01,Home & Kitchen,Gujarat,Premium,109,107,99,152,2313891.7600000002,21228.364770642,14468.726146788991
2025-10-01,Beauty,Telangana,New,86,83,83,112,1544041.4699999995,17953.970581395,14612.751162790699
2025-10-01,Fashion,Maharashtra,New,198,190,179,281,5125570.2799999984,25886.718585859,16688.116060606062
2025-10-01,Electronics,Uttar Pradesh,Regular,860,820,599,1225,17368814.74000001,20196.296209302,14551.998848837202
2025-10-01,Grocery,Uttar Pradesh,Premium,99,98,96,134,1983282.3599999999,20033.155151515,15836.920303030307
2025-10-01,Home & Kitchen,Telangana,New,122,115,116,177,2906906.4,23827.101639344,16863.233524590167
2025-10-01,Beauty,Delhi,Regular,283,271,244,399,6082467.790000001,21492.819045936,15358.031448763257
2025-10-01,Beauty,Maharashtra,Regular,489,482,383,662,9003675.6499999966,18412.424642127,13737.777525562371
2025-10-01,Beauty,Uttar Pradesh,Premium,64,64,63,91,1206075.0099999998,18844.92203125,15528.2078125
2025-10-01,Fashion,Uttar Pradesh,Regular,786,762,548,1103,17743459.619999994,22574.37610687,15882.575572519083
2025-10-01,Grocery,Gujarat,Premium,74,72,68,106,1263068.16,17068.488648649,13571.371891891891
2025-10-01,Sports,West Bengal,New,48,48,48,65,1422853.0,29642.770833333,19152.097708333331
2025-10-01,Beauty,West Bengal,New,49,45,48,75,1522885.43,31079.294489796,21503.162040816322
2025-10-01,Home & Kitchen,Karnataka,New,145,142,139,201,3330172.7199999997,22966.708413793,16194.428827586207
2025-10-01,Electronics,Karnataka,New,218,207,198,282,3891538.4299999988,17851.093715596,14879.812385321104
2025-10-01,Electronics,Telangana,Regular,822,792,542,1140,17277878.009999998,21019.316313869,15424.736070559613
2025-10-01,Fashion,Tamil Nadu,Premium,131,123,121,178,2920532.25,22294.139312977,17426.85061068703
2025-10-01,Electronics,Maharashtra,New,235,225,212,326,4338397.45,18461.265744681,14348.489574468083
2025-10-01,Electronics,Tamil Nadu,New,132,128,125,185,2675372.8299999996,20267.975984848,14883.907803030299
2025-10-01,Fashion,Karnataka,Premium,170,166,156,238,4267146.9799999967,25100.864588235,17056.787529411762
2025-10-01,Home & Kitchen,West Bengal,Premium,69,69,67,94,1268298.98,18381.144637681,13023.408260869564
2025-10-01,Beauty,Gujarat,New,71,70,68,91,1412595.6599999997,19895.713521127,16727.731267605632
2025-10-01,Sports,Karnataka,New,78,78,76,111,1567957.65,20102.021153846,14329.241538461543
2025-10-01,Fashion,Maharashtra,Regular,859,823,569,1176,16524635.349999996,19237.060942957,13451.159988358553
2025-10-01,Sports,West Bengal,Regular,204,201,186,284,5186123.95,25422.17622549,16932.258725490196
2025-10-01,Sports,Telangana,New,54,53,54,82,1041580.1499999999,19288.521296296,11554.337592592594
2025-10-01,Home & Kitchen,Uttar Pradesh,Regular,659,636,471,905,12680099.5,19241.425644917,14552.850880121397
2025-10-01,Electronics,Karnataka,Premium,173,167,159,245,3497467.6000000006,20216.575722543,14957.029421965319
2025-10-01,Fashion,Gujarat,Premium,117,111,115,148,2257917.69,19298.441794872,15942.695811965808
2025-10-01,Sports,Maharashtra,New,106,104,102,139,2360246.7099999995,22266.478396226,18063.120188679244
2025-10-01,Home & Kitchen,Tamil Nadu,Regular,561,544,429,763,10957182.890000002,19531.52030303,14687.380855614971
2025-10-01,Electronics,Tamil Nadu,Premium,164,158,152,230,3422631.2600000007,20869.702804878,14555.007439024394
2025-10-01,Grocery,Uttar Pradesh,New,106,106,100,158,1786826.19,16856.850849057,10604.890943396227
2025-10-01,Home & Kitchen,Karnataka,Premium,137,131,127,196,2056074.7699999998,15007.845036496,11461.967591240875
2025-10-01,Fashion,Delhi,New,113,113,106,151,2443699.3600000003,21625.658053097,16146.321504424781
2025-10-01,Fashion,Delhi,Premium,121,116,115,178,2127006.0799999996,17578.562644628,14215.24338842975
2025-10-01,Beauty,Telangana,Regular,375,369,318,521,6986684.3500000015,18631.158266667,13729.129226666661
2025-10-01,Beauty,Tamil Nadu,New,69,69,65,89,1317526.35,19094.584782609,14880.326811594205
2025-10-01,Home & Kitchen,West Bengal,Regular,372,357,320,510,8249495.2399999993,22176.062473118,15665.183978494621
2025-10-01,Fashion,Telangana,Regular,682,661,486,921,14402193.620000001,21117.585953079,15177.503489736064
2025-10-01,Home & Kitchen,Uttar Pradesh,New,123,121,115,173,2450018.2000000011,19918.847154472,12566.015528455287
2025-10-01,Fashion,Gujarat,Regular,538,521,425,760,12102054.69,22494.525446097,14894.284256505573
2025-10-01,Sports,Delhi,New,52,52,52,70,667719.89999999991,12840.767307692,11569.811730769228
2025-10-01,Fashion,Telangana,Premium,129,124,116,186,2190906.22,16983.769147287,12877.993255813954
2025-10-01,Beauty,Tamil Nadu,Premium,81,78,79,109,1344745.9399999995,16601.801728395,14307.812962962962
2025-10-01,Sports,Tamil Nadu,New,66,65,62,86,1447031.5900000003,21924.721060606,16913.603787878787
2025-10-01,Grocery,Gujarat,New,66,64,64,88,1211072.1199999999,18349.577575758,16461.224242424243
2025-10-01,Sports,Gujarat,Regular,232,227,212,299,4140749.2799999989,17848.057241379,13341.470517241378
2025-10-01,Sports,West Bengal,Premium,52,51,52,72,867444.46,16681.624230769,11859.69653846154
2025-10-01,Grocery,Telangana,Regular,397,387,322,538,8000118.6900000023,20151.432468514,14766.633425692688
2025-10-01,Grocery,Maharashtra,Premium,107,102,105,152,1591090.6199999996,14870.005794393,11147.520654205606
2025-10-01,Grocery,Tamil Nadu,New,81,81,73,111,1507796.1800000004,18614.767654321,13653.712592592594
2025-10-01,Grocery,Karnataka,Premium,103,102,100,131,1883817.14,18289.486796117,13944.101262135924
2025-10-01,Electronics,Gujarat,Premium,128,118,120,165,2277802.11,17795.328984375,13548.209296874997
2025-10-01,Electronics,Gujarat,New,129,125,120,174,2426326.2699999996,18808.730775194,13774.475658914733
2025-10-01,Home & Kitchen,Tamil Nadu,Premium,139,134,130,182,2896153.59,20835.637338129,15344.261726618704
2025-10-01,Grocery,Telangana,New,82,82,80,109,1573458.74,19188.521219512,16136.542439024386
2025-10-01,Beauty,Karnataka,New,84,83,79,112,2063076.1399999997,24560.430238095,20098.744047619046
2025-10-01,Grocery,Tamil Nadu,Premium,84,83,82,117,1474085.8599999996,17548.641190476,14070.064761904767
2025-10-01,Grocery,Karnataka,New,104,101,99,146,1871439.8899999997,17994.614326923,13927.877403846156
2025-10-01,Fashion,Tamil Nadu,Regular,613,591,461,842,13216879.070000004,21560.977275693,14753.742561174546
2025-10-01,Home & Kitchen,Maharashtra,Premium,157,152,142,218,3125096.9699999997,19905.076242038,13872.613057324843
2025-10-01,Electronics,Delhi,Premium,118,117,114,180,2593259.4000000004,21976.774576271,14486.814999999999
2025-10-01,Beauty,Gujarat,Premium,61,60,58,85,1400379.87,22957.04704918,14324.675409836067
2025-10-01,Electronics,Maharashtra,Regular,994,949,617,1408,18435210.979999997,18546.489919517,13455.126589537227
2025-10-01,Beauty,Karnataka,Premium,106,103,101,153,2851399.899999999,26899.999056604,17606.617264150947
2025-10-01,Sports,Maharashtra,Regular,441,435,356,611,9032502.28,20481.864580499,15450.362879818593
2025-10-01,Fashion,Maharashtra,Premium,188,181,170,256,3629200.4800000009,19304.25787234,14637.478989361698
2025-10-01,Beauty,Uttar Pradesh,Regular,421,413,358,587,8444228.6100000013,20057.550142518,14493.63748218527
2025-10-01,Grocery,West Bengal,Premium,59,58,57,85,855844.7699999999,14505.843559322,10712.601016949153
2025-10-01,Electronics,West Bengal,New,105,99,99,146,1573602.71,14986.69247619,10245.159523809521
2025-10-01,Fashion,Delhi,Regular,526,502,411,702,11251917.139999993,21391.477452471,15928.642243346003
2025-10-01,Fashion,West Bengal,Regular,412,396,339,569,7899301.5700000031,19173.062063107,14053.570825242725
2025-10-01,Sports,Delhi,Premium,50,50,50,68,1094013.89,21880.2778,15930.4148
2025-10-01,Grocery,Delhi,Premium,65,63,61,88,1021933.27,15722.050307692,10094.707230769231
2025-10-01,Home & Kitchen,Uttar Pradesh,Premium,138,133,125,197,2599720.7099999995,18838.555869565,12460.431376811594
2025-10-01,Electronics,Tamil Nadu,Regular,700,660,504,1001,14295154.930000003,20421.6499,14522.760442857145
2025-10-01,Electronics,West Bengal,Premium,107,105,97,142,1379155.5799999998,12889.304485981,10320.382242990654
2025-10-01,Home & Kitchen,Telangana,Regular,589,567,442,824,12822545.850000001,21770.026910017,15369.747402376917
2025-10-01,Grocery,Gujarat,Regular,327,322,270,442,6520615.4400000023,19940.72,15047.688685015291
2025-10-01,Beauty,Maharashtra,New,98,93,94,137,1940616.0099999998,19802.204183673,14007.595204081632
2025-11-01,Grocery,West Bengal,Premium,49,49,48,63,950030.42,19388.375918367,13875.562857142857
2025-11-01,Fashion,Telangana,New,133,130,126,193,3512917.6499999994,26412.914661654,17847.06233082707
2025-11-01,Grocery,Karnataka,Regular,472,462,388,663,8922624.63,18903.865741525,14031.790847457627
2025-11-01,Home & Kitchen,Telangana,Regular,586,560,448,809,12009448.409999996,20493.939266212,14969.083993174061
2025-11-01,Electronics,Gujarat,New,135,129,127,188,2304033.3099999996,17066.913407407,11881.929629629631
2025-11-01,Fashion,Tamil Nadu,Premium,144,136,136,194,2379678.8699999992,16525.547708333,12648.042430555553
2025-11-01,Grocery,Karnataka,New,108,103,104,158,2086179.26,19316.47462963,13366.463611111114
2025-11-01,Fashion,Delhi,New,117,112,109,173,2698070.9499999997,23060.435470085,15281.578632478635
2025-11-01,Beauty,Karnataka,Premium,108,107,100,142,1540961.5600000005,14268.162592593,11073.557592592591
2025-11-01,Home & Kitchen,Maharashtra,Premium,161,156,150,221,3177688.1099999994,19737.193229814,14589.420248447206
2025-11-01,Fashion,West Bengal,Regular,409,393,340,582,9412933.1799999978,23014.506552567,15953.374963325185
2025-11-01,Home & Kitchen,Uttar Pradesh,New,136,131,132,178,1888080.41,13882.944191176,11491.867426470586
2025-11-01,Electronics,West Bengal,New,106,102,98,150,2372398.4200000004,22381.117169811,18133.419528301889
2025-11-01,Beauty,West Bengal,New,58,57,55,78,1139266.7200000002,19642.529655172,15443.679137931034
2025-11-01,Electronics,Tamil Nadu,Regular,706,678,507,986,14938872.259999998,21159.87572238,14185.420949008494
2025-11-01,Electronics,Maharashtra,Regular,988,941,643,1339,19146552.74,19379.101963563,14858.348846153851
2025-11-01,Grocery,Uttar Pradesh,Regular,438,430,360,582,6921235.7999999989,15801.908219178,12622.344634703197
2025-11-01,Electronics,Karnataka,New,187,179,173,265,2692920.1999999993,14400.642780749,11775.148770053478
2025-11-01,Home & Kitchen,Telangana,Premium,133,126,126,188,3341878.0099999993,25126.902330827,16237.968646616542
2025-11-01,Beauty,Telangana,New,81,79,80,120,1781674.07,21995.97617284,16565.086172839503
2025-11-01,Electronics,Karnataka,Premium,193,188,173,274,3719993.9800000004,19274.580207254,14396.116528497403
2025-11-01,Sports,Gujarat,New,61,60,56,90,1872581.2200000002,30698.052786885,18835.730655737709
2025-11-01,Beauty,Delhi,Premium,64,64,61,86,1036911.0700000002,16201.73546875,11395.4446875
2025-11-01,Grocery,Telangana,Regular,406,392,325,559,8317607.4499999974,20486.717857143,14749.1916502463
2025-11-01,Fashion,Tamil Nadu,Regular,613,597,464,842,12993025.829999994,21195.800701468,15555.834665579112
2025-11-01,Beauty,Tamil Nadu,New,66,64,64,99,1463752.68,22178.070909091,13127.973030303032
2025-11-01,Grocery,Delhi,New,64,61,62,89,1172555.48,18321.179375,14291.161249999997
2025-11-01,Fashion,Uttar Pradesh,New,146,141,134,203,3115603.6400000011,21339.750958904,15023.099794520545
2025-11-01,Electronics,Tamil Nadu,Premium,151,147,138,209,3502617.1,23196.139735099,15285.226092715237
2025-11-01,Electronics,Delhi,Premium,119,117,111,165,3450763.8499999992,28998.015546218,20534.198319327726
2025-11-01,Electronics,Gujarat,Premium,122,119,117,171,2289532.86,18766.662786885,13991.908688524591
2025-11-01,Electronics,West Bengal,Premium,100,95,95,130,1728617.2499999998,17286.1725,13893.924800000003
2025-11-01,Fashion,Telangana,Regular,664,637,485,928,13881934.539999997,20906.527921687,15254.86429216867
2025-11-01,Home & Kitchen,West Bengal,Regular,381,371,318,542,10683146.940000007,28039.755748031,18626.289265091858
2025-11-01,Beauty,Tamil Nadu,Premium,94,92,87,136,2324887.5100000002,24732.845851064,17182.013829787233
2025-11-01,Sports,Gujarat,Regular,238,231,206,332,4734213.62,19891.653865546,13884.350630252104
2025-11-01,Beauty,Maharashtra,Premium,107,104,101,148,2185992.09,20429.832616822,15331.510934579439
2025-11-01,Fashion,Uttar Pradesh,Premium,153,149,140,217,3782991.3,24725.433333333,16322.180849673201
2025-11-01,Beauty,Maharashtra,Regular,467,461,364,662,8794283.32,18831.441798715,12976.056852248392
2025-11-01,Beauty,Gujarat,Premium,59,58,56,76,780571.6399999999,13230.02779661,11184.242542372882
2025-11-01,Electronics,Gujarat,Regular,542,522,422,765,11205112.479999999,20673.639261993,15516.017380073796
2025-11-01,Fashion,Delhi,Regular,471,450,374,648,9705442.18,20606.034352442,14845.932038216562
2025-11-01,Home & Kitchen,Uttar Pradesh,Premium,154,152,140,205,2843798.6,18466.224675325,14396.368376623379
2025-11-01,Sports,West Bengal,Premium,39,39,39,59,1266324.8800000004,32469.868717949,23775.016923076921
2025-11-01,Grocery,Gujarat,New,68,66,65,91,1347912.73,19822.246029412,16099.131029411765
2025-11-01,Home & Kitchen,Karnataka,Regular,635,620,461,863,10888651.159999995,17147.482141732,12927.276393700786
2025-11-01,Electronics,Telangana,Regular,727,699,518,1008,14055900.040000003,19334.112847318,14353.43852819807
2025-11-01,Grocery,Uttar Pradesh,New,109,106,100,156,2324060.6300000004,21321.657155963,15385.448348623851
2025-11-01,Fashion,Delhi,Premium,123,122,116,163,2520034.05,20488.081707317,14963.84943089431
2025-11-01,Electronics,Tamil Nadu,New,161,154,155,229,4352709.9799999995,27035.465714286,16869.219627329196
2025-11-01,Beauty,Uttar Pradesh,Regular,400,393,320,519,7841489.2900000028,19603.723225,14773.664825
2025-11-01,Sports,Tamil Nadu,New,65,65,61,87,1471004.06,22630.831692308,16120.85723076923
2025-11-01,Grocery,West Bengal,Regular,202,201,179,288,4288725.790000001,21231.315792079,14793.805
2025-11-01,Sports,West Bengal,Regular,202,198,188,257,4154594.899999999,20567.301485149,14880.073366336639
2025-11-01,Electronics,West Bengal,Regular,415,397,334,588,9045124.040000001,21795.479614458,15432.50231325301
2025-11-01,Home & Kitchen,Uttar Pradesh,Regular,654,643,482,905,13766173.380000014,21049.194770642,14888.523058103983
2025-11-01,Sports,Delhi,New,49,46,47,70,1260122.3499999996,25716.782653061,18387.4393877551
2025-11-01,Sports,Gujarat,Premium,58,56,57,81,1306677.9699999997,22528.930517241,15447.871206896551
2025-11-01,Sports,Uttar Pradesh,Regular,393,387,322,549,8421592.3200000022,21428.988091603,14522.19524173028
2025-11-01,Home & Kitchen,Delhi,Premium,112,109,106,151,2557713.4099999992,22836.726875,16161.861785714289
2025-11-01,Beauty,Telangana,Regular,370,367,314,497,7574477.7099999962,20471.561378378,15245.341945945949
2025-11-01,Beauty,Delhi,New,71,71,68,97,1233157.5099999998,17368.415633803,11536.4261971831
2025-11-01,Grocery,Delhi,Premium,49,49,47,69,684140.94000000018,13962.06,10161.525714285712
2025-11-01,Sports,Maharashtra,Regular,368,360,297,507,6719101.3100000024,18258.427472826,14036.884048913043
2025-11-01,Fashion,Telangana,Premium,142,139,135,192,3040549.3800000004,21412.319577465,16023.013661971832
2025-11-01,Grocery,Telangana,New,77,74,74,106,1517803.47,19711.733376623,14515.853636363636
2025-11-01,Home & Kitchen,Karnataka,New,142,139,137,199,2875175.2899999996,20247.713309859,13543.763309859156
2025-11-01,Beauty,Telangana,Premium,77,76,77,112,1651387.77,21446.594415584,12781.301818181819
2025-11-01,Grocery,Karnataka,Premium,96,93,92,126,1532346.45,15961.9421875,10545.191145833334
2025-11-01,Sports,Tamil Nadu,Regular,274,270,229,402,7154476.4400000023,26111.227883212,17589.204197080293
2025-11-01,Fashion,Gujarat,Regular,486,475,393,678,10507047.929999998,21619.440185185,14455.959176954735
2025-11-01,Home & Kitchen,Karnataka,Premium,144,138,133,199,2794381.4100000006,19405.426458333,13937.462152777776
2025-11-01,Beauty,West Bengal,Premium,36,34,35,45,443711.91000000003,12325.330833333,10360.688333333332
2025-11-01,Grocery,Maharashtra,New,93,92,85,123,1996415.79,21466.836451613,14622.574301075267
2025-11-01,Home & Kitchen,Delhi,New,97,94,96,136,2423867.7199999993,24988.327010309,15452.032680412371
2025-11-01,Sports,Uttar Pradesh,New,63,61,59,88,1161894.4499999997,18442.769047619,14457.416825396827
2025-11-01,Home & Kitchen,Tamil Nadu,Regular,502,489,398,712,11122653.069999995,22156.679422311,14720.472609561752
2025-11-01,Home & Kitchen,Tamil Nadu,Premium,102,99,97,137,2002666.54,19633.985686275,15469.948921568628
2025-11-01,Sports,Karnataka,Premium,86,83,85,115,1633921.9700000007,18999.092674419,13006.20034883721
2025-11-01,Home & Kitchen,Telangana,New,124,119,117,171,2839297.77,22897.56266129,14443.980403225809
2025-11-01,Electronics,Uttar Pradesh,Regular,882,846,578,1198,18176350.570000004,20608.107222222,15391.783129251708
2025-11-01,Sports,Karnataka,Regular,363,360,309,502,6994670.040000001,19269.063471074,14509.895013774107
2025-11-01,Beauty,Gujarat,Regular,260,255,231,359,5398344.7400000012,20762.864384615,14980.159461538458
2025-11-01,Fashion,Gujarat,New,112,107,104,159,1621173.13,14474.760089286,10972.538839285715
2025-11-01,Fashion,Maharashtra,Regular,821,803,551,1118,17720691.74,21584.277393423,15424.853459196107
2025-11-01,Electronics,Delhi,Regular,573,545,431,801,10695081.01,18665.062844677,13552.960610820242
2025-11-01,Electronics,Maharashtra,New,221,216,202,305,4350729.92,19686.560723982,15056.860407239818
2025-11-01,Sports,Telangana,New,65,63,64,86,1530447.1099999999,23545.340153846,19916.664923076922
2025-11-01,Beauty,Uttar Pradesh,Premium,98,96,93,143,2245544.8499999996,22913.722959184,15870.816938775512
2025-11-01,Sports,Maharashtra,Premium,78,77,74,107,987240.55999999982,12656.93025641,11386.292820512821
2025-11-01,Grocery,Uttar Pradesh,Premium,98,97,94,134,2078197.6199999999,21206.098163265,14663.978469387757
2025-11-01,Fashion,Tamil Nadu,New,123,119,114,180,2842666.45,23111.109349593,14143.611626016262
2025-11-01,Fashion,West Bengal,Premium,89,88,86,120,1678796.86,18862.886067416,13858.93797752809
2025-11-01,Sports,Uttar Pradesh,Premium,74,72,73,91,1517267.14,20503.61,15325.637027027024
2025-11-01,Fashion,Karnataka,Regular,737,722,535,1027,14987326.910000002,20335.586037992,13931.328819538667
2025-11-01,Grocery,Tamil Nadu,Premium,74,72,72,109,1616601.2500000005,21845.962837838,14338.241756756757
2025-11-01,Home & Kitchen,Tamil Nadu,New,122,120,114,167,3570939.2400000007,29269.993770492,19651.793360655734
2025-11-01,Beauty,Tamil Nadu,Regular,364,359,313,524,9017533.24,24773.442967033,16572.759340659337
2025-11-01,Grocery,Gujarat,Premium,52,50,50,65,771560.03000000014,14837.692884615,10597.96
2025-11-01,Fashion,Maharashtra,Premium,201,193,183,274,3932800.350000001,19566.170895522,14202.742238805971
2025-11-01,Electronics,Telangana,Premium,149,147,142,213,2703648.8800000004,18145.294496644,13823.906442953017
2025-11-01,Grocery,Maharashtra,Regular,504,493,390,703,9014074.15,17885.067757937,12840.060476190476
2025-11-01,Sports,Telangana,Regular,304,296,259,413,6067796.9400000013,19959.858355263,14465.628815789476
2025-11-01,Grocery,West Bengal,New,47,46,45,58,1006194.7899999998,21408.399787234,17981.260638297874
2025-11-01,Sports,Maharashtra,New,66,64,66,96,1755821.33,26603.353484848,19049.602121212123
2025-11-01,Electronics,Maharashtra,Premium,216,207,197,299,4135992.8699999992,19148.115138889,13777.733842592592
2025-11-01,Home & Kitchen,Gujarat,New,87,87,83,142,2121492.6199999992,24384.972643678,15679.909540229884
2025-11-01,Sports,Karnataka,New,76,74,71,96,1871240.7600000005,24621.588947368,20026.29368421053
2025-11-01,Home & Kitchen,Delhi,Regular,417,409,332,601,10739808.409999996,25754.936235012,17215.428441247004
2025-11-01,Electronics,Telangana,New,152,149,140,206,2608134.7600000007,17158.781315789,13112.958223684214
2025-11-01,Home & Kitchen,Gujarat,Regular,420,409,339,600,9344443.3299999982,22248.674595238,15919.160595238103
2025-11-01,Electronics,Uttar Pradesh,Premium,186,180,169,244,2993530.8499999992,16094.25188172,13280.914838709677
2025-11-01,Fashion,Maharashtra,New,176,170,161,244,3463157.3,19677.030113636,14569.917784090911
2025-11-01,Fashion,Karnataka,Premium,147,141,138,201,2928380.58,19920.956326531,14793.598231292519
2025-11-01,Electronics,Delhi,New,136,130,124,200,3305585.07,24305.772573529,15671.723308823532
2025-11-01,Home & Kitchen,West Bengal,Premium,88,85,83,115,1636738.08,18599.296363636,15177.545681818183
2025-11-01,Grocery,Tamil Nadu,Regular,352,348,295,499,6084876.169999999,17286.580028409,12083.846363636363
2025-11-01,Grocery,Delhi,Regular,288,283,251,396,5388209.1799999988,18709.059652778,12353.716319444442
2025-11-01,Sports,West Bengal,New,42,41,40,58,796428.77,18962.589761905,14626.638333333334
2025-11-01,Sports,Telangana,Premium,68,66,67,89,1451050.99,21338.985147059,15375.1725
2025-11-01,Sports,Delhi,Premium,56,55,55,78,1619769.16,28924.449285714,20068.320714285714
2025-11-01,Home & Kitchen,Maharashtra,New,143,139,132,202,2870451.7599999993,20073.089230769,14310.793566433564
2025-11-01,Beauty,Karnataka,New,92,91,89,118,1706132.7200000004,18544.920869565,15716.740326086956
2025-11-01,Beauty,Uttar Pradesh,New,81,77,78,108,1673990.08,20666.544197531,17282.866172839505
2025-11-01,Electronics,Uttar Pradesh,New,196,186,184,259,3674849.3200000003,18749.23122449,15351.661479591836
2025-11-01,Fashion,Uttar Pradesh,Regular,746,720,508,1025,15226412.299999999,20410.740348525,14846.112761394106
2025-11-01,Beauty,Karnataka,Regular,385,379,315,527,8118153.2799999993,21086.112415584,14362.642363636363
2025-11-01,Home & Kitchen,West Bengal,New,78,78,74,104,2131379.2,27325.374358974,19501.827692307692
2025-11-01,Sports,Tamil Nadu,Premium,61,61,58,90,1167837.2400000002,19144.872786885,12645.506065573771
2025-11-01,Beauty,Delhi,Regular,290,283,245,397,5467829.379999998,18854.584068966,14545.0311724138
2025-11-01,Sports,Delhi,Regular,221,217,190,309,3930741.8999999985,17786.162443439,13399.953619909507
2025-11-01,Electronics,Karnataka,Regular,880,850,590,1209,18102901.249999996,20571.478693182,15385.244988636357
2025-11-01,Grocery,Maharashtra,Premium,97,95,88,132,2051646.3499999999,21150.993298969,16623.960412371129
2025-11-01,Beauty,Gujarat,New,44,44,42,64,911914.99999999988,20725.340909091,16488.147272727274
2025-11-01,Grocery,Tamil Nadu,New,61,61,60,88,1330913.72,21818.257704918,12798.32344262295
2025-11-01,Home & Kitchen,Maharashtra,Regular,729,700,509,974,14057463.290000003,19283.214389575,14331.456323731139
2025-11-01,Home & Kitchen,Gujarat,Premium,99,98,95,130,1859696.74,18784.815555556,13195.053838383836
2025-11-01,Fashion,Karnataka,New,148,142,134,195,2942019.03,19878.506959459,15341.79006756757
2025-11-01,Beauty,Maharashtra,New,98,96,93,132,1722867.2400000005,17580.277959184,13309.964591836737
2025-11-01,Fashion,Gujarat,Premium,100,95,91,136,1880952.7200000002,18809.5272,14675.373200000002
2025-11-01,Grocery,Telangana,Premium,72,69,70,96,1469054.5499999998,20403.535416667,15816.165694444444
2025-11-01,Grocery,Gujarat,Regular,312,305,264,403,5599785.2899999991,17948.029775641,14075.047179487176
2025-11-01,Fashion,West Bengal,New,82,77,77,107,1956939.9000000004,23865.120731707,17653.178292682929
2025-11-01,Beauty,West Bengal,Regular,216,210,192,290,4231475.95,19590.166435185,14855.323611111113
2025-12-01,Electronics,West Bengal,New,83,81,83,118,2041639.4200000002,24598.065301205,16335.591927710839
2025-12-01,Home & Kitchen,Telangana,Regular,549,531,431,757,10403644.729999997,18950.172550091,14563.316612021858
2025-12-01,Grocery,Gujarat,Regular,256,250,231,361,5255295.8200000031,20528.499296875,15129.119843750002
2025-12-01,Sports,Karnataka,New,70,68,66,98,1101557.0299999998,15736.529,11508.232571428573
2025-12-01,Home & Kitchen,Telangana,Premium,111,107,110,159,2404545.0200000005,21662.567747748,14936.50081081081
2025-12-01,Electronics,Uttar Pradesh,Regular,842,805,573,1162,18035742.81000001,21420.122102138,15132.646935866973
2025-12-01,Fashion,Gujarat,New,99,93,95,138,2614076.0200000005,26404.808282828,18153.384545454544
2025-12-01,Grocery,Telangana,Premium,88,84,85,122,1339524.1800000002,15221.865681818,10327.275681818182
2025-12-01,Fashion,Karnataka,New,149,145,136,199,3006684.2600000007,20179.088993289,14889.664496644289
2025-12-01,Fashion,Maharashtra,Premium,176,169,162,233,3688801.64,20959.100227273,14272.843522727271
2025-12-01,Sports,Delhi,Premium,44,44,43,55,957630.8899999999,21764.338409091,16925.850454545453
2025-12-01,Grocery,Delhi,Regular,288,283,249,391,5638762.0900000008,19579.035034722,14140.332743055551
2025-12-01,Fashion,Uttar Pradesh,Regular,704,687,497,1002,15002485.589999998,21310.348849432,15413.5224715909
2025-12-01,Home & Kitchen,Karnataka,Regular,676,654,482,933,14591725.459999995,21585.392692308,15667.841464497045
2025-12-01,Fashion,Maharashtra,New,185,181,172,278,4433900.3200000012,23967.028756757,14939.995189189187
2025-12-01,Home & Kitchen,Telangana,New,120,119,112,162,2412196.8999999994,20101.640833333,14266.626416666666
2025-12-01,Home & Kitchen,Maharashtra,Premium,187,180,173,257,3928439.5700000017,21007.698235294,15482.361176470587
2025-12-01,Home & Kitchen,Delhi,Premium,93,92,84,121,1863890.0699999996,20041.828709677,14768.187526881722
2025-12-01,Beauty,Telangana,Premium,83,83,81,124,2398855.1899999995,28901.869759036,15806.77325301205
2025-12-01,Electronics,Gujarat,Regular,570,553,436,805,12619425.079999998,22139.342245614,14945.298929824559
2025-12-01,Home & Kitchen,Uttar Pradesh,Regular,615,594,448,857,13212097.350000007,21483.085121951,15168.481186991867
2025-12-01,Home & Kitchen,Delhi,Regular,470,449,380,661,10351112.72,22023.644085106,15905.879680851074
2025-12-01,Sports,West Bengal,Premium,33,33,33,41,872064.09000000008,26426.184545455,19988.403030303034
2025-12-01,Beauty,Delhi,Regular,264,258,225,368,5845841.73,22143.339886364,15669.67022727272
2025-12-01,Fashion,Gujarat,Regular,537,513,413,734,10203089.989999998,19000.167579143,14711.934860335203
2025-12-01,Fashion,Delhi,Premium,105,103,100,131,2457580.04,23405.524190476,18079.196000000004
2025-12-01,Fashion,Telangana,New,129,126,122,170,2916854.6800000006,22611.276589147,15916.831085271318
2025-12-01,Sports,Uttar Pradesh,Premium,81,80,80,126,1139309.75,14065.552469136,9165.7211111111119
2025-12-01,Fashion,Karnataka,Regular,778,754,535,1055,16388237.16,21064.57218509,15698.760784061691
2025-12-01,Beauty,Uttar Pradesh,Regular,438,429,363,601,10095439.019999998,23048.947534247,16938.568264840185
2025-12-01,Fashion,West Bengal,Regular,409,386,338,550,8657831.3299999982,21168.291760391,16603.856332518339
2025-12-01,Fashion,Delhi,Regular,511,492,400,696,11192043.270000001,21902.237318982,15503.927162426608
2025-12-01,Beauty,West Bengal,Premium,35,35,35,45,470378.54999999993,13439.387142857,13148.390857142856
2025-12-01,Grocery,Tamil Nadu,New,68,67,67,98,1265665.83,18612.732794118,14672.637647058826
2025-12-01,Home & Kitchen,Maharashtra,Regular,745,725,525,1039,16175800.930000011,21712.484469799,15012.037946308732
2025-12-01,Beauty,Maharashtra,Regular,517,506,398,693,10604947.169999996,20512.470348162,15044.86446808511
2025-12-01,Electronics,West Bengal,Premium,87,81,83,111,1540565.1800000002,17707.645747126,14483.683448275862
2025-12-01,Home & Kitchen,Delhi,New,110,108,107,149,2061787.5499999993,18743.523181818,13388.051000000003
2025-12-01,Grocery,Karnataka,Regular,467,459,386,658,8921530.160000002,19103.918972163,13855.857023554603
2025-12-01,Grocery,Uttar Pradesh,Regular,424,416,356,557,9210026.33,21721.760212264,15491.627759433964
2025-12-01,Electronics,Maharashtra,New,192,188,174,276,4005518.71,20862.076614583,15531.804635416669
2025-12-01,Grocery,Tamil Nadu,Premium,83,80,80,114,1492901.27,17986.762289157,15113.965542168677
2025-12-01,Beauty,Uttar Pradesh,Premium,92,91,85,139,1910008.4099999997,20760.960978261,13872.349782608695
2025-12-01,Home & Kitchen,West Bengal,New,76,71,73,99,1355435.37,17834.675921053,13189.853684210524
2025-12-01,Sports,Uttar Pradesh,Regular,418,410,351,611,8980228.9499999974,21483.801315789,14602.74122009569
2025-12-01,Sports,Telangana,Premium,79,78,77,106,1776822.06,22491.418481013,15747.596455696204
2025-12-01,Sports,Tamil Nadu,New,67,66,67,95,1500787.0,22399.805970149,15950.687462686568
2025-12-01,Beauty,Tamil Nadu,Regular,353,347,296,476,6124676.0900000008,17350.357195467,12968.119008498585
2025-12-01,Beauty,Tamil Nadu,Premium,86,85,81,116,1944822.0999999999,22614.210465116,14546.45511627907
2025-12-01,Electronics,Karnataka,Regular,854,824,566,1127,16967695.640000004,19868.496065574,15353.623793911001
2025-12-01,Fashion,West Bengal,Premium,74,72,73,105,2097669.14,28346.88027027,18706.532972972971
2025-12-01,Beauty,Karnataka,Premium,84,81,82,115,1515257.41,18038.778690476,13970.346666666663
2025-12-01,Sports,Delhi,New,53,52,48,64,731465.78999999992,13801.241320755,11314.264528301886
2025-12-01,Grocery,Uttar Pradesh,New,76,75,74,103,1340784.96,17641.907368421,14219.233552631578
2025-12-01,Fashion,Telangana,Premium,142,138,133,193,2455077.77,17289.280070423,14381.082112676051
2025-12-01,Home & Kitchen,West Bengal,Regular,363,347,299,488,7859611.0900000008,21651.821184573,16534.491267217625
2025-12-01,Electronics,Maharashtra,Premium,198,191,177,273,4152460.4000000004,20972.022222222,15200.876818181814
2025-12-01,Beauty,Tamil Nadu,New,64,63,63,91,1610208.1199999999,25159.501875,13844.0671875
2025-12-01,Grocery,Maharashtra,Premium,102,100,99,132,2167909.49,21254.014607843,16505.442745098037
2025-12-01,Home & Kitchen,Gujarat,Premium,86,82,85,112,1925278.1500000004,22386.955232558,17119.536744186044
2025-12-01,Electronics,Delhi,Regular,586,559,439,799,12139899.030000003,20716.551245734,15267.801808873714
2025-12-01,Sports,Telangana,New,75,75,68,104,1886178.76,25149.050133333,17707.724266666672
2025-12-01,Sports,Tamil Nadu,Regular,295,292,253,396,4637221.13,15719.393661017,12773.538203389835
2025-12-01,Home & Kitchen,Gujarat,Regular,428,420,345,567,7854906.1000000015,18352.584345794,13981.308785046733
2025-12-01,Home & Kitchen,Tamil Nadu,Premium,110,107,102,153,1916898.1399999997,17426.346727273,11824.408272727269
2025-12-01,Home & Kitchen,Gujarat,New,82,81,80,116,1508485.54,18396.165121951,13040.697439024392
2025-12-01,Electronics,Karnataka,New,168,162,154,217,4052062.0899999989,24119.417202381,17291.66803571428
2025-12-01,Grocery,Maharashtra,Regular,500,489,396,697,9784853.7099999953,19569.70742,14244.482400000006
2025-12-01,Grocery,West Bengal,Regular,257,254,231,344,5259059.23,20463.265486381,16510.796147859921
2025-12-01,Sports,Delhi,Regular,216,213,197,301,4233077.4700000016,19597.58087963,13811.099490740742
2025-12-01,Fashion,Gujarat,Premium,109,106,100,148,2201391.9599999995,20196.256513761,16630.222018348621
2025-12-01,Sports,Gujarat,New,44,44,44,67,678829.13,15427.934772727,12447.122272727271
2025-12-01,Beauty,Maharashtra,New,86,85,83,124,1997745.5299999996,23229.599186047,15716.61941860465
2025-12-01,Beauty,Karnataka,New,72,72,70,100,1364091.6500000001,18945.717361111,13515.138749999996
2025-12-01,Grocery,Tamil Nadu,Regular,381,376,322,528,6450386.8400000008,16930.149186352,12992.670288713909
2025-12-01,Beauty,West Bengal,New,43,43,43,60,699643.11,16270.77,10374.244186046513
2025-12-01,Sports,Uttar Pradesh,New,70,68,69,93,983687.20999999973,14052.674428571,10616.265428571423
2025-12-01,Home & Kitchen,Karnataka,Premium,145,140,135,186,3131009.5300000007,21593.169172414,17582.679793103442
2025-12-01,Grocery,Telangana,New,72,71,69,87,1107516.37,15382.171805556,12320.775833333333
2025-12-01,Electronics,Telangana,New,171,165,156,236,3022642.4500000011,17676.271637427,12950.221286549709
2025-12-01,Fashion,Maharashtra,Regular,838,807,571,1140,16570619.220000006,19774.008615752,14304.31766109785
2025-12-01,Electronics,Delhi,New,137,130,125,175,3147824.3600000003,22976.820145985,15659.363357664235
2025-12-01,Electronics,Telangana,Premium,174,168,161,244,3512325.4899999998,20185.778678161,13735.465747126442
2025-12-01,Sports,Gujarat,Premium,48,47,46,62,584994.8,12187.391666667,10535.780208333334
2025-12-01,Sports,West Bengal,New,46,45,46,64,909221.85,19765.692391304,13816.950217391302
2025-12-01,Grocery,Delhi,New,73,71,68,98,2010749.5999999999,27544.515068493,19343.43917808219
2025-12-01,Fashion,West Bengal,New,93,89,89,130,2240323.5500000003,24089.500537634,17740.041612903231
2025-12-01,Sports,Telangana,Regular,286,282,249,387,5466696.09,19114.321993007,14597.514475524476
2025-12-01,Electronics,Telangana,Regular,802,775,552,1130,15186207.509999992,18935.420835411,13329.896109725692
2025-12-01,Electronics,Uttar Pradesh,New,183,174,160,258,5045551.4000000013,27571.319125683,17592.170163934428
2025-12-01,Home & Kitchen,West Bengal,Premium,93,87,89,122,1951885.3699999996,20988.014731183,13404.959784946233
2025-12-01,Grocery,Karnataka,New,93,92,91,138,2079581.61,22361.092580645,14421.242795698923
2025-12-01,Grocery,Uttar Pradesh,Premium,102,99,100,145,1931066.71,18932.026568627,11911.824705882353
2025-12-01,Beauty,Karnataka,Regular,377,372,308,527,8147563.7100000028,21611.574827586,15575.749018567634
2025-12-01,Electronics,Tamil Nadu,Premium,165,159,155,223,3188082.21,19321.710363636,14091.039030303025
2025-12-01,Beauty,Telangana,New,66,65,63,88,1438083.3199999998,21789.141212121,17983.013333333329
2025-12-01,Grocery,Delhi,Premium,58,58,56,93,1272335.8500000003,21936.825,12086.434137931035
2025-12-01,Beauty,Telangana,Regular,326,321,275,461,6640538.5899999989,20369.750276074,14071.339294478526
2025-12-01,Home & Kitchen,Tamil Nadu,Regular,563,546,425,784,11798262.94,20956.062060391,15987.404138543508
2025-12-01,Home & Kitchen,Maharashtra,New,135,130,130,184,3064861.2799999993,22702.676148148,15614.500222222225
2025-12-01,Electronics,Uttar Pradesh,Premium,173,166,156,246,4092950.4899999998,23658.673352601,16466.246184971104
2025-12-01,Beauty,Maharashtra,Premium,107,105,101,152,2462008.02,23009.420747664,14628.345327102805
2025-12-01,Sports,Maharashtra,Regular,470,464,381,644,10254228.729999999,21817.50793617,15959.414489361698
2025-12-01,Fashion,Tamil Nadu,Premium,123,120,114,161,2131998.2500000005,17333.319105691,15095.447154471543
2025-12-01,Fashion,Uttar Pradesh,New,173,166,160,256,3592425.75,20765.466763006,15601.41057803468
2025-12-01,Home & Kitchen,Tamil Nadu,New,123,118,118,175,2334997.86,18983.722439024,14297.904471544718
2025-12-01,Fashion,Delhi,New,113,107,109,161,1702473.4800000002,15066.13699115,12221.50185840708
2025-12-01,Electronics,Tamil Nadu,New,152,144,138,210,3439917.96,22631.039210526,14985.184407894738
2025-12-01,Fashion,Karnataka,Premium,132,128,123,175,3223069.44,24417.192727273,17051.508409090908
2025-12-01,Sports,Karnataka,Regular,371,363,308,515,7968244.0599999968,21477.746792453,15517.71479784367
2025-12-01,Electronics,West Bengal,Regular,501,478,392,671,9191546.0000000056,18346.399201597,14109.074690618767
2025-12-01,Beauty,Delhi,Premium,60,58,58,82,1224016.32,20400.272,17274.733499999995
2025-12-01,Grocery,Gujarat,Premium,57,55,55,75,886775.54,15557.465614035,11418.814385964914
2025-12-01,Beauty,Delhi,New,60,60,58,83,1617493.85,26958.230833333,18109.085499999997
2025-12-01,Sports,West Bengal,Regular,210,207,191,259,3785995.0700000008,18028.547952381,14564.662142857145
2025-12-01,Beauty,Gujarat,Regular,247,246,219,353,5095426.879999998,20629.258623482,14760.133036437253
2025-12-01,Sports,Tamil Nadu,Premium,54,54,54,73,709095.85999999975,13131.404814815,11216.823518518519
2025-12-01,Electronics,Karnataka,Premium,183,180,170,246,4000799.0199999991,21862.289726776,16595.919726775959
2025-12-01,Fashion,Telangana,Regular,648,628,474,909,13681613.32,21113.600802469,15294.562052469137
2025-12-01,Beauty,West Bengal,Regular,200,196,178,283,4556603.4100000011,22783.01705,16329.620149999997
2025-12-01,Home & Kitchen,Uttar Pradesh,New,157,154,144,216,3580396.9000000008,22805.075796178,16774.827961783445
2025-12-01,Sports,Maharashtra,Premium,83,82,78,117,1470378.4,17715.402409639,13135.67518072289
2025-12-01,Electronics,Delhi,Premium,120,115,112,164,2068063.1699999997,17233.85975,12720.810249999999
2025-12-01,Grocery,Gujarat,New,64,62,62,89,1220615.5500000003,19072.11796875,12083.533593749999
2025-12-01,Fashion,Tamil Nadu,Regular,618,585,448,862,13246647.339999998,21434.704433657,15283.215825242718
2025-12-01,Sports,Maharashtra,New,87,84,84,127,2703781.98,31077.953793103,21416.087471264367
2025-12-01,Home & Kitchen,Uttar Pradesh,Premium,134,129,122,195,2750321.5,20524.787313433,14229.999701492536
2025-12-01,Fashion,Uttar Pradesh,Premium,153,149,144,212,3528796.99,23064.032614379,16179.478366013072
2025-12-01,Home & Kitchen,Karnataka,New,129,123,125,183,2232007.81,17302.386124031,12641.756511627904
2025-12-01,Sports,Karnataka,Premium,102,100,95,136,1573234.0800000005,15423.863529412,13208.486568627452
2025-12-01,Electronics,Gujarat,Premium,132,126,121,175,2769478.2,20980.895454545,15932.652803030302
2025-12-01,Grocery,Maharashtra,New,115,114,111,164,3573327.84,31072.416,20865.084869565217
2025-12-01,Fashion,Tamil Nadu,New,136,129,125,197,3648077.5699999994,26824.099779412,16260.160735294112
2025-12-01,Grocery,West Bengal,Premium,56,51,54,76,537694.24999999988,9601.683035714,8284.8866071428565
2025-12-01,Beauty,Gujarat,New,63,62,62,95,1366092.21,21684.003333333,13772.296666666667
2025-12-01,Sports,Gujarat,Regular,233,230,211,332,5381114.05,23094.910085837,16763.358497854078
2025-12-01,Electronics,Maharashtra,Regular,1021,977,645,1402,19952313.17,19541.9325857,13727.691978452496
2025-12-01,Beauty,Gujarat,Premium,60,60,58,77,1263097.99,21051.633166667,16286.819666666668
2025-12-01,Electronics,Tamil Nadu,Regular,739,709,513,1022,13542876.780000007,18325.949634641,13240.82818673884
2025-12-01,Grocery,West Bengal,New,53,53,48,67,1027915.49,19394.631886792,18158.224905660372
2025-12-01,Grocery,Telangana,Regular,410,399,338,583,7740179.7900000038,18878.487292683,12863.409487804878
2025-12-01,Grocery,Karnataka,Premium,105,103,97,140,1817625.23,17310.71647619,14954.208190476191
2025-12-01,Electronics,Gujarat,New,140,135,129,178,2344934.6000000006,16749.532857143,13366.911857142859
2025-12-01,Beauty,Uttar Pradesh,New,98,97,93,137,2280843.85,23273.916836735,16701.4256122449
2026-01-01,Home & Kitchen,Uttar Pradesh,Premium,170,161,152,243,3870859.1399999997,22769.759647059,15667.376000000002
2026-01-01,Grocery,Tamil Nadu,Premium,72,69,69,106,1943091.0600000003,26987.375833333,16636.657916666663
2026-01-01,Fashion,Uttar Pradesh,Regular,761,736,533,1039,15418337.930000002,20260.628028909,14970.958791064386
2026-01-01,Sports,Delhi,New,55,52,55,74,1351487.73,24572.504181818,14724.390363636361
2026-01-01,Home & Kitchen,Delhi,New,98,96,93,131,1592892.4799999997,16254.004897959,11290.222448979592
2026-01-01,Grocery,Telangana,New,93,93,92,134,2082136.2799999998,22388.562150538,14650.946236559137
2026-01-01,Grocery,Maharashtra,New,110,109,105,155,2025010.1800000002,18409.183454545,15609.15863636364
2026-01-01,Beauty,West Bengal,Regular,181,179,156,240,4004063.01,22121.895082873,15521.468397790053
2026-01-01,Grocery,Maharashtra,Regular,550,539,433,746,11452220.22,20822.218581818,14897.463909090904
2026-01-01,Electronics,Karnataka,Premium,193,185,178,259,3331418.1900000004,17261.234145078,12865.738445595858
2026-01-01,Home & Kitchen,Delhi,Premium,100,95,96,129,2021035.65,20210.3565,15572.7776
2026-01-01,Beauty,West Bengal,New,53,51,50,76,994603.7799999998,18766.109056604,11493.702075471698
2026-01-01,Electronics,Gujarat,New,149,146,138,219,3210266.25,21545.411073826,14736.84744966443
2026-01-01,Grocery,Telangana,Regular,420,408,348,617,9392981.24,22364.241047619,15383.376547619055
2026-01-01,Fashion,Telangana,New,113,111,110,157,1814000.6300000001,16053.102920354,13336.313362831861
2026-01-01,Electronics,West Bengal,Regular,489,463,376,650,9857776.16,20159.051451943,15590.444130879345
2026-01-01,Sports,Gujarat,New,61,59,59,85,981186.41,16085.023114754,12265.089344262295
2026-01-01,Fashion,Gujarat,Premium,99,96,94,143,2426540.5300000003,24510.51040404,15385.425050505051
2026-01-01,Fashion,Karnataka,New,152,148,142,203,3126248.45,20567.424013158,16411.42032894737
2026-01-01,Electronics,Karnataka,New,196,188,176,252,3341850.26,17050.256428571,14428.729846938775
2026-01-01,Electronics,Gujarat,Premium,132,128,122,186,3944073.6599999997,29879.345909091,19892.831666666665
2026-01-01,Electronics,Gujarat,Regular,620,598,462,859,13408343.080000002,21626.359806452,14859.887822580653
2026-01-01,Electronics,Tamil Nadu,Regular,744,711,526,994,13412026.010000009,18026.916680108,13783.043400537637
2026-01-01,Grocery,West Bengal,New,52,48,50,69,672689.19,12936.330576923,11094.141538461541
2026-01-01,Electronics,Maharashtra,Regular,1014,980,635,1352,20814553.910000011,20527.173481262,14984.558007889542
2026-01-01,Home & Kitchen,Telangana,Regular,589,565,445,807,12746090.32,21640.221256367,15578.883820033949
2026-01-01,Home & Kitchen,Gujarat,New,98,95,91,138,1857731.3500000003,18956.442346939,14647.198469387753
2026-01-01,Fashion,Maharashtra,New,185,178,167,256,3363106.6,18178.954594595,13418.921567567568
2026-01-01,Fashion,Uttar Pradesh,Premium,152,146,136,224,2961730.9500000007,19485.072039474,13414.754013157897
2026-01-01,Beauty,Maharashtra,Regular,529,517,400,704,10631933.599999994,20098.1731569,15022.665425330806
2026-01-01,Home & Kitchen,Uttar Pradesh,New,152,146,141,230,3183670.75,20945.202302632,14233.954013157896
2026-01-01,Beauty,West Bengal,Premium,58,56,55,79,938714.64999999991,16184.735344828,14286.892758620692
2026-01-01,Home & Kitchen,Karnataka,Regular,652,627,477,897,13760855.770000007,21105.607009202,15339.125659509207
2026-01-01,Sports,Maharashtra,Premium,97,94,93,130,2303199.1700000004,23744.321340206,16120.764123711337
2026-01-01,Home & Kitchen,Uttar Pradesh,Regular,662,648,479,923,13611084.860000003,20560.551148036,15160.730528700899
2026-01-01,Sports,Gujarat,Regular,238,233,211,324,4483612.58,18838.708319328,13890.460168067233
2026-01-01,Grocery,Delhi,New,63,62,62,87,1069181.22,16971.13047619,13695.066825396827
2026-01-01,Beauty,Gujarat,Premium,65,64,65,87,1306685.0100000002,20102.846307692,15529.653384615389
2026-01-01,Grocery,West Bengal,Premium,51,49,50,82,1590806.2599999998,31192.279607843,17342.407843137258
2026-01-01,Grocery,Gujarat,New,59,58,58,81,967616.59000000008,16400.281186441,13318.811016949152
2026-01-01,Electronics,Delhi,Premium,122,121,110,164,2071559.67,16979.997295082,14608.264836065573
2026-01-01,Home & Kitchen,Delhi,Regular,438,424,357,585,9825815.5000000019,22433.368721461,16357.495159817357
2026-01-01,Fashion,Telangana,Regular,634,616,473,882,13509245.07000001,21307.957523659,14653.221356466871
2026-01-01,Fashion,Delhi,Premium,122,115,115,157,2620413.83,21478.801885246,16501.396721311474
2026-01-01,Sports,West Bengal,Regular,196,193,175,269,4575923.99,23346.550969388,16476.046173469389
2026-01-01,Grocery,Tamil Nadu,New,76,74,71,107,1712846.83,22537.458289474,16940.91828947368
2026-01-01,Fashion,West Bengal,Regular,439,426,354,626,10256500.780000001,23363.327517084,16963.944851936194
2026-01-01,Fashion,Maharashtra,Premium,188,184,171,264,3334395.6599999992,17736.14712766,14163.333351063831
2026-01-01,Fashion,Delhi,New,113,108,107,161,2414006.94,21362.893274336,15636.183805309736
2026-01-01,Fashion,Tamil Nadu,Regular,605,581,455,833,13472675.510000002,22268.885140496,16130.745768595039
2026-01-01,Beauty,Telangana,Regular,360,351,311,524,7305353.2599999988,20292.647944444,13198.28933333333
2026-01-01,Electronics,Uttar Pradesh,Regular,903,863,607,1231,19128753.47,21183.558660022,15574.647729789589
2026-01-01,Fashion,Karnataka,Regular,765,730,537,1062,16211221.769999988,21191.139568627,14677.66206535948
2026-01-01,Beauty,Delhi,Regular,273,270,245,371,6118698.7499999981,22412.815934066,15928.408424908423
2026-01-01,Grocery,Gujarat,Premium,67,64,67,91,985992.45000000007,14716.305223881,10677.698358208954
2026-01-01,Electronics,West Bengal,Premium,99,96,96,129,1857939.73,18767.067979798,13376.945656565655
2026-01-01,Beauty,Uttar Pradesh,Premium,81,79,77,126,1844530.6600000001,22771.98345679,13468.17864197531
2026-01-01,Fashion,Tamil Nadu,New,131,125,123,174,2760314.11,21071.100076336,15353.415725190838
2026-01-01,Beauty,Maharashtra,Premium,121,119,105,188,2908912.7200000011,24040.600991736,17518.73016528926
2026-01-01,Grocery,Delhi,Premium,59,55,57,83,1108372.12,18785.968135593,12660.751016949152
2026-01-01,Grocery,Uttar Pradesh,Regular,468,457,381,667,10322723.55,22057.101602564,15513.31893162393
2026-01-01,Beauty,Karnataka,New,79,78,76,106,1544643.55,19552.45,14735.401645569624
2026-01-01,Home & Kitchen,Tamil Nadu,Premium,126,123,123,163,2329837.25,18490.771825397,14452.316825396825
2026-01-01,Home & Kitchen,Karnataka,Premium,153,146,140,219,3708516.0300000003,24238.666862745,16216.565751633987
2026-01-01,Sports,Karnataka,Regular,353,342,313,475,6963921.5700000022,19727.823144476,15419.202237960342
2026-01-01,Sports,Tamil Nadu,Premium,69,67,64,98,2051914.4699999995,29737.890869565,17884.204782608696
2026-01-01,Beauty,Tamil Nadu,New,69,69,68,97,1532997.3100000003,22217.352318841,14990.10536231884
2026-01-01,Grocery,Maharashtra,Premium,100,99,98,149,2013415.4599999995,20134.1546,14201.680500000002
2026-01-01,Sports,Uttar Pradesh,New,88,86,83,117,1724503.97,19596.636022727,14694.219886363635
2026-01-01,Sports,Uttar Pradesh,Premium,89,86,85,123,2077079.5799999998,23337.972808989,15244.224494382021
2026-01-01,Electronics,Maharashtra,Premium,224,212,199,303,4550300.72,20313.8425,14630.080937499999
2026-01-01,Grocery,Telangana,Premium,64,62,60,91,1493914.06,23342.4071875,17093.303750000003
2026-01-01,Sports,Karnataka,Premium,73,73,71,93,1456188.79,19947.791643836,14785.06698630137
2026-01-01,Home & Kitchen,Gujarat,Premium,94,89,86,125,1495375.4700000002,15908.249680851,13323.380425531914
2026-01-01,Fashion,Gujarat,Regular,512,488,406,697,11368565.65,22204.229785156,16647.669335937509
2026-01-01,Home & Kitchen,West Bengal,Premium,78,74,74,117,1709483.8100000003,21916.459102564,15499.352179487183
2026-01-01,Fashion,West Bengal,Premium,86,83,82,116,1102698.7200000002,12822.078139535,9770.6866279069764
2026-01-01,Sports,Tamil Nadu,New,58,56,54,78,1583984.5799999996,27310.078965517,17871.090862068966
2026-01-01,Fashion,Uttar Pradesh,New,172,164,155,232,3293995.4800000004,19151.136511628,15257.18226744186
2026-01-01,Fashion,Tamil Nadu,Premium,123,118,117,168,2267113.63,18431.818130081,14575.158455284554
2026-01-01,Sports,Delhi,Regular,251,247,225,358,5564748.0400000019,22170.310916335,16436.485976095617
2026-01-01,Home & Kitchen,Maharashtra,Regular,763,733,536,1084,17011747.079999991,22295.867732634,14820.484364351239
2026-01-01,Grocery,Karnataka,Regular,461,455,366,635,9176672.5200000051,19906.014143167,14070.876789587852
2026-01-01,Electronics,Tamil Nadu,New,152,143,138,203,2989561.9099999992,19668.170460526,14679.45263157895
2026-01-01,Beauty,Karnataka,Premium,95,95,90,134,1662481.0399999998,17499.800421053,13698.576315789473
2026-01-01,Electronics,Tamil Nadu,Premium,162,157,143,238,2390116.8,14753.807407407,10753.401913580246
2026-01-01,Home & Kitchen,Maharashtra,New,164,159,154,232,3442878.89,20993.163963415,14055.63841463415
2026-01-01,Sports,West Bengal,New,36,35,35,48,617337.28,17148.257777778,15867.7925
2026-01-01,Sports,Telangana,New,66,65,62,94,1145612.81,17357.769848485,12367.768636363637
2026-01-01,Home & Kitchen,Tamil Nadu,Regular,569,554,436,788,11565556.780000001,20326.110333919,14665.051493848852
2026-01-01,Grocery,Uttar Pradesh,New,92,90,88,122,1736767.7400000002,18877.910217391,14748.673695652175
2026-01-01,Beauty,Delhi,New,52,51,50,66,1314112.8699999996,25271.401346154,21247.71942307692
2026-01-01,Fashion,Gujarat,New,117,110,111,155,2325380.3000000003,19875.045299145,13726.445213675213
2026-01-01,Beauty,Delhi,Premium,58,57,58,89,1385257.66,23883.752758621,13693.389999999998
2026-01-01,Fashion,Maharashtra,Regular,860,835,579,1193,19310786.169999991,22454.402523256,16057.459523255831
2026-01-01,Sports,Telangana,Regular,312,308,275,425,6168253.070000004,19770.041891026,14439.114615384615
2026-01-01,Sports,Maharashtra,New,75,75,73,119,1697141.9800000002,22628.559733333,14673.429200000002
2026-01-01,Sports,Delhi,Premium,57,53,57,79,1458175.4,25582.024561404,18453.373508771932
2026-01-01,Fashion,Delhi,Regular,538,518,419,759,12045538.569999997,22389.476895911,16546.512806691448
2026-01-01,Beauty,Tamil Nadu,Premium,86,84,84,124,1970998.77,22918.590348837,14167.053255813955
2026-01-01,Beauty,Maharashtra,New,101,100,96,134,2126527.56,21054.728316832,16050.186930693071
2026-01-01,Home & Kitchen,Karnataka,New,141,138,131,186,2310319.6,16385.245390071,13780.821843971631
2026-01-01,Fashion,Telangana,Premium,137,132,126,186,2822285.4600000004,20600.62379562,14889.323576642335
2026-01-01,Electronics,Telangana,New,138,131,129,192,2817865.24,20419.313333333,15369.314130434788
2026-01-01,Grocery,Gujarat,Regular,275,271,241,379,5085112.330000001,18491.317563636,13500.644145454549
2026-01-01,Beauty,Tamil Nadu,Regular,354,348,308,481,7890787.9000000013,22290.361299435,16268.068333333331
2026-01-01,Home & Kitchen,Telangana,New,140,134,126,185,2783214.08,19880.100571429,15167.356428571426
2026-01-01,Home & Kitchen,Telangana,Premium,141,137,131,209,3438837.5600000005,24388.918865248,14935.185815602836
2026-01-01,Beauty,Telangana,Premium,78,78,76,105,1583841.0999999999,20305.655128205,15016.893333333335
2026-01-01,Home & Kitchen,Maharashtra,Premium,198,190,179,287,3804317.8899999997,19213.726717172,14022.609393939394
2026-01-01,Beauty,Karnataka,Regular,424,419,354,557,8421113.5500000026,19861.116863208,16109.759245283012
2026-01-01,Beauty,Uttar Pradesh,New,93,90,88,129,1731861.67,18622.168494624,14849.859892473121
2026-01-01,Grocery,Tamil Nadu,Regular,359,358,310,485,7644888.2499999981,21294.953342618,14986.087688022286
2026-01-01,Fashion,West Bengal,New,74,73,71,101,1483626.8799999997,20049.011891892,14513.707297297296
2026-01-01,Grocery,Karnataka,New,86,84,84,116,1343769.7300000002,15625.229418605,11863.544767441861
2026-01-01,Beauty,Uttar Pradesh,Regular,378,370,319,515,8576993.8700000066,22690.459973545,16235.96777777778
2026-01-01,Electronics,Delhi,Regular,574,544,438,765,11036215.160000002,19226.855679443,14265.399999999996
2026-01-01,Electronics,Telangana,Premium,182,172,164,241,3829398.64,21040.651868132,16109.208571428569
2026-01-01,Electronics,Uttar Pradesh,Premium,193,183,175,266,3920941.1800000011,20315.757409326,14911.126839378239
2026-01-01,Beauty,Telangana,New,69,65,67,90,1762227.32,25539.526376812,19273.828405797103
2026-01-01,Electronics,Telangana,Regular,816,780,553,1140,17867978.63,21897.032634804,15656.160281862758
2026-01-01,Fashion,Karnataka,Premium,164,158,150,248,3920670.1300000008,23906.525182927,14512.836524390241
2026-01-01,Home & Kitchen,Gujarat,Regular,464,448,373,643,9904881.3100000024,21346.726961207,15148.078081896554
2026-01-01,Sports,West Bengal,Premium,46,46,45,56,1186573.23,25795.070217391,18263.244782608697
2026-01-01,Home & Kitchen,West Bengal,Regular,344,329,290,478,8163183.0,23730.183139535,16229.059738372098
2026-01-01,Sports,Telangana,Premium,76,75,73,100,1674924.7400000005,22038.483421053,15104.662105263156
2026-01-01,Grocery,West Bengal,Regular,240,237,211,320,5062147.6500000013,21092.281875,13423.505041666667
2026-01-01,Sports,Karnataka,New,88,85,83,134,2149478.8600000003,24425.896136364,16754.833636363637
2026-01-01,Electronics,Uttar Pradesh,New,200,189,182,290,3923147.96,19615.7398,13965.568349999998
2026-01-01,Electronics,Delhi,New,139,136,133,196,2243409.9600000004,16139.64,12865.159928057552
2026-01-01,Electronics,Karnataka,Regular,916,881,595,1249,17657751.77,19277.021582969,14265.740010917038
2026-01-01,Electronics,West Bengal,New,91,88,89,119,1752525.7100000002,19258.524285714,14746.726483516484
2026-01-01,Electronics,Maharashtra,New,210,206,194,304,3747272.2400000007,17844.15352381,11725.158000000001
2026-01-01,Home & Kitchen,Tamil Nadu,New,109,108,103,147,2174178.0599999996,19946.587706422,14386.050642201833
2026-01-01,Grocery,Karnataka,Premium,91,90,90,116,1384087.6700000004,15209.754615385,11983.367692307693
2026-01-01,Home & Kitchen,West Bengal,New,89,87,84,122,2208515.28,24814.778426966,16942.304382022478
2026-01-01,Grocery,Uttar Pradesh,Premium,96,95,92,130,1564576.5000000002,16297.671875,12017.683020833338
2026-01-01,Sports,Tamil Nadu,Regular,290,282,254,394,6406713.8600000022,22092.116758621,16312.148413793106
2026-01-01,Sports,Uttar Pradesh,Regular,347,341,291,488,6611274.26,19052.663573487,13566.01167146974
2026-01-01,Beauty,Gujarat,Regular,312,300,265,413,5250938.99,16829.932660256,13152.2725
2026-01-01,Sports,Gujarat,Premium,46,45,45,63,993473.00999999989,21597.239347826,15391.659782608696
2026-01-01,Beauty,Gujarat,New,81,76,76,116,1670844.1300000001,20627.705308642,15232.779012345682
2026-01-01,Sports,Maharashtra,Regular,402,396,335,531,8113798.5600000005,20183.578507463,14203.245820895523
2026-01-01,Grocery,Delhi,Regular,297,291,266,424,5329110.6499999985,17943.133501684,11311.529259259256
2026-02-01,Beauty,Telangana,New,81,79,80,121,1265090.19,15618.397407407,11298.842962962965
2026-02-01,Home & Kitchen,Gujarat,New,79,75,74,118,1946396.83,24637.934556962,13677.755063291141
2026-02-01,Sports,Uttar Pradesh,New,72,72,71,103,1770756.44,24593.839444444,16478.75138888889
2026-02-01,Sports,Gujarat,New,43,42,42,57,1351653.35,31433.798837209,20162.406976744187
2026-02-01,Grocery,Telangana,Premium,73,70,71,102,1216453.66,16663.748767123,14091.185205479454
2026-02-01,Home & Kitchen,Delhi,Premium,77,77,75,108,1851759.3500000003,24048.822727273,15992.253896103897
2026-02-01,Home & Kitchen,Gujarat,Regular,404,396,339,540,7056716.4400000041,17467.11990099,13600.61665841584
2026-02-01,Sports,Uttar Pradesh,Regular,343,335,288,458,6656067.3599999985,19405.444198251,13953.582157434405
2026-02-01,Home & Kitchen,Tamil Nadu,Premium,114,111,106,157,2209612.7399999993,19382.567894737,14750.849824561401
2026-02-01,Sports,Delhi,Regular,230,227,208,317,5135696.9300000016,22329.117086957,15803.750304347826
2026-02-01,Grocery,Delhi,New,55,55,53,82,861276.76,15659.577454545,9109.8774545454544
2026-02-01,Home & Kitchen,West Bengal,Regular,336,327,288,440,6664318.5200000014,19834.281309524,14773.542113095236
2026-02-01,Sports,Telangana,Premium,72,71,72,90,1250615.5699999998,17369.660694444,14455.068750000002
2026-02-01,Beauty,Delhi,New,56,54,54,79,877648.34999999974,15672.291964286,10630.914464285714
2026-02-01,Grocery,Karnataka,Regular,405,400,345,576,7468341.1400000006,18440.348493827,12721.583111111113
2026-02-01,Sports,Uttar Pradesh,Premium,68,68,66,93,1955746.82,28760.982647059,16417.050588235295
2026-02-01,Grocery,Tamil Nadu,New,63,61,61,85,927454.57,14721.501111111,10288.545238095237
2026-02-01,Beauty,Karnataka,Premium,92,90,89,128,2140242.6300000004,23263.506847826,16112.486521739131
2026-02-01,Fashion,West Bengal,Regular,339,329,283,477,7562090.009999997,22307.050176991,15676.937286135697
2026-02-01,Fashion,Maharashtra,Regular,791,764,550,1082,15488938.480000004,19581.464576485,14492.275638432366
2026-02-01,Home & Kitchen,Tamil Nadu,Regular,505,490,406,706,9428393.4500000011,18670.086039604,13067.556693069308
2026-02-01,Sports,West Bengal,New,42,42,38,53,1122891.17,26735.504047619,19527.207857142857
2026-02-01,Home & Kitchen,West Bengal,Premium,69,68,66,89,1494211.13,21655.233768116,17132.206811594202
2026-02-01,Fashion,Gujarat,Regular,449,436,375,599,8877316.62,19771.306503341,14561.871358574612
2026-02-01,Beauty,Delhi,Premium,54,52,53,76,1412491.8199999998,26157.255925926,17634.885740740741
2026-02-01,Beauty,West Bengal,Premium,46,45,45,67,1292100.4999999998,28089.141304348,16896.137173913045
2026-02-01,Grocery,Karnataka,New,92,89,88,125,2441240.32,26535.220869565,17934.651086956521
2026-02-01,Grocery,Delhi,Premium,56,56,54,78,1573955.9700000002,28106.356607143,20219.664821428567
2026-02-01,Grocery,Gujarat,Premium,49,49,48,76,1372138.85,28002.833673469,16206.213265306122
2026-02-01,Sports,Maharashtra,New,65,63,63,87,1590637.0,24471.338461538,16687.270153846159
2026-02-01,Grocery,West Bengal,Premium,46,45,43,60,541228.74000000022,11765.842173913,9965.39260869565
2026-02-01,Beauty,Uttar Pradesh,Regular,380,372,320,518,7617718.79,20046.628394737,14859.619315789472
2026-02-01,Electronics,Telangana,Premium,143,137,130,204,2547522.62,17814.843496503,11941.303006993005
2026-02-01,Beauty,West Bengal,New,46,45,46,74,634659.82000000007,13796.952608696,9888.3254347826078
2026-02-01,Grocery,Karnataka,Premium,85,82,80,117,1321584.6600000001,15548.054823529,13191.909764705882
2026-02-01,Sports,Delhi,New,56,54,55,68,1334282.83,23826.479107143,18574.654285714281
2026-02-01,Sports,Tamil Nadu,Regular,249,245,216,356,5827454.3900000006,23403.431285141,16047.857590361442
2026-02-01,Home & Kitchen,Maharashtra,Premium,137,126,126,201,3274223.06,23899.438394161,14988.424233576638
2026-02-01,Grocery,Uttar Pradesh,Regular,393,388,328,524,7417795.4600000009,18874.797608142,14257.793867684482
2026-02-01,Electronics,Telangana,New,141,136,131,199,3446114.3400000003,24440.527234043,15719.901631205676
2026-02-01,Home & Kitchen,Tamil Nadu,New,98,94,92,134,1996325.4700000002,20370.668061224,17085.797040816331
2026-02-01,Beauty,Telangana,Regular,274,272,244,391,5550247.49,20256.37770073,14353.600401459851
2026-02-01,Grocery,Gujarat,Regular,278,273,245,396,6680260.0199999986,24029.712302158,15935.7523381295
2026-02-01,Electronics,Gujarat,New,103,96,102,146,2187648.9299999997,21239.31,13043.61718446602
2026-02-01,Electronics,Karnataka,New,170,163,155,245,3912139.0,23012.582352941,15263.1715882353
2026-02-01,Grocery,Maharashtra,New,94,93,91,132,2125547.4200000009,22612.206595745,15468.319893617019
2026-02-01,Beauty,Karnataka,Regular,378,373,311,529,8710689.9499999955,23044.153306878,15734.913148148151
2026-02-01,Sports,Telangana,Regular,298,295,259,396,5898381.4499999993,19793.226342282,14897.792751677849
2026-02-01,Home & Kitchen,Karnataka,New,142,140,131,205,3417112.6200000006,24064.173380282,17631.988380281688
2026-02-01,Fashion,Delhi,Premium,111,107,101,165,2099098.63,18910.798468468,14098.950450450453
2026-02-01,Beauty,Karnataka,New,93,89,87,141,2295786.3,24685.874193548,16978.94075268817
2026-02-01,Beauty,West Bengal,Regular,229,226,204,305,4604597.21,20107.41139738,15660.81668122271
2026-02-01,Electronics,Karnataka,Regular,814,782,561,1146,15946658.500000004,19590.48955774,13704.864754299753
2026-02-01,Electronics,Gujarat,Premium,117,111,109,142,1980136.7100000004,16924.245384615,13612.283931623931
2026-02-01,Fashion,Tamil Nadu,Regular,552,534,422,729,12490664.42,22628.015253623,16686.003260869573
2026-02-01,Electronics,Delhi,Regular,534,515,413,733,11056704.650000002,20705.439419476,15605.816385767792
2026-02-01,Electronics,Uttar Pradesh,New,176,169,158,247,2720436.96,15457.028181818,11506.195511363636
2026-02-01,Home & Kitchen,Gujarat,Premium,92,91,88,128,1666865.2300000004,18118.100326087,13375.014456521736
2026-02-01,Electronics,West Bengal,Regular,397,385,322,540,7305104.02,18400.765793451,13412.249118387906
2026-02-01,Home & Kitchen,Delhi,New,90,89,83,125,1578163.73,17535.152555556,14024.933444444445
2026-02-01,Beauty,Delhi,Regular,250,247,222,331,5402332.0000000019,21609.328,15840.848640000004
2026-02-01,Sports,Karnataka,Premium,82,81,81,118,1303560.27,15897.076463415,11823.899634146344
2026-02-01,Fashion,West Bengal,Premium,76,73,74,104,1511240.4299999995,19884.7425,14567.140789473682
2026-02-01,Electronics,Uttar Pradesh,Premium,175,168,161,264,4147427.46,23699.585485714,14776.813999999997
2026-02-01,Beauty,Maharashtra,Premium,76,75,72,98,1686027.4399999997,22184.571578947,16710.783289473686
2026-02-01,Electronics,Telangana,Regular,715,691,516,986,15631702.889999991,21862.521524476,15213.457594405589
2026-02-01,Fashion,Delhi,New,112,111,109,164,1984700.9599999997,17720.544285714,11873.432946428569
2026-02-01,Fashion,Karnataka,New,160,153,145,215,3984639.4100000011,24903.9963125,17266.455437499997
2026-02-01,Fashion,Telangana,New,133,132,122,181,2345134.8,17632.592481203,13510.374285714284
2026-02-01,Home & Kitchen,Maharashtra,New,132,127,127,186,2754663.9899999998,20868.666590909,15338.973787878784
2026-02-01,Sports,West Bengal,Premium,36,33,34,55,545462.25,15151.729166667,11911.619444444445
2026-02-01,Sports,Tamil Nadu,New,68,67,66,97,1371731.1400000001,20172.516764706,14600.811029411765
2026-02-01,Fashion,Gujarat,Premium,78,76,76,101,1302770.91,16702.191153846,13837.457564102564
2026-02-01,Fashion,Uttar Pradesh,New,122,118,113,167,2298056.74,18836.530655738,13972.229999999998
2026-02-01,Grocery,Uttar Pradesh,New,81,81,79,116,1422711.6900000002,17564.341851852,11528.472469135804
2026-02-01,Fashion,Tamil Nadu,Premium,124,122,115,171,2087299.3299999998,16833.059112903,12922.458306451614
2026-02-01,Sports,Gujarat,Premium,55,54,53,78,1350232.8499999999,24549.688181818,15297.809818181815
2026-02-01,Grocery,Uttar Pradesh,Premium,89,89,87,114,1631938.63,18336.389101124,13756.17606741573
2026-02-01,Sports,Telangana,New,62,62,60,81,1254371.2499999998,20231.794354839,14923.766451612903
2026-02-01,Fashion,Maharashtra,New,169,166,155,225,2726681.4800000004,16134.209940828,12629.483609467457
2026-02-01,Beauty,Maharashtra,New,107,104,100,134,1863607.75,17416.894859813,14138.418411214956
2026-02-01,Beauty,Gujarat,Premium,55,53,54,75,1151371.8400000003,20934.033454545,14546.154545454545
2026-02-01,Grocery,West Bengal,New,48,47,48,70,1055272.3599999999,21984.840833333,13877.56145833333
2026-02-01,Home & Kitchen,Telangana,New,129,126,123,176,2532277.4,19630.057364341,15966.183875968994
2026-02-01,Grocery,West Bengal,Regular,215,211,195,304,5024679.06,23370.60027907,15033.991209302323
2026-02-01,Electronics,Delhi,New,125,120,114,177,2485836.9299999997,19886.69544,13770.291759999998
2026-02-01,Grocery,Maharashtra,Premium,81,80,81,108,1329883.3900000001,16418.31345679,12990.906790123458
2026-02-01,Fashion,Delhi,Regular,480,462,381,670,10686138.36,22262.78825,16148.078312499998
2026-02-01,Sports,Karnataka,Regular,324,320,273,443,6563176.56,20256.717777778,14756.269907407399
2026-02-01,Sports,Gujarat,Regular,256,254,224,381,6203519.63,24232.498554688,17345.062890625
2026-02-01,Home & Kitchen,Uttar Pradesh,Regular,578,563,443,803,12241013.13,21178.223408304,14616.265415224914
2026-02-01,Electronics,Gujarat,Regular,561,540,431,743,9862776.4399999958,17580.706666667,13812.684723707671
2026-02-01,Fashion,Karnataka,Premium,152,145,145,207,3075084.0599999996,20230.816184211,14801.798618421051
2026-02-01,Electronics,Delhi,Premium,105,101,104,150,2142677.5799999996,20406.453142857,14955.193809523806
2026-02-01,Sports,Maharashtra,Premium,82,82,80,103,1971436.4400000002,24041.907804878,21001.880365853656
2026-02-01,Grocery,Telangana,Regular,352,345,296,486,4990138.59,14176.530085227,10831.866960227273
2026-02-01,Sports,Tamil Nadu,Premium,56,56,55,74,1258123.6899999997,22466.494464286,16010.233571428569
2026-02-01,Home & Kitchen,Karnataka,Regular,574,561,439,798,11086189.999999994,19313.919860627,14108.33818815331
2026-02-01,Electronics,Tamil Nadu,Premium,132,127,123,184,2204910.17,16703.864924242,14094.850378787878
2026-02-01,Grocery,Delhi,Regular,276,271,245,377,4859715.2200000007,17607.66384058,12919.04721014493
2026-02-01,Beauty,Uttar Pradesh,Premium,86,86,82,123,1831859.2900000005,21300.689418605,14676.659186046514
2026-02-01,Beauty,Tamil Nadu,Premium,77,76,76,108,1256071.09,16312.611558442,12483.463506493506
2026-02-01,Grocery,Tamil Nadu,Premium,70,67,67,86,1221045.8999999997,17443.512857143,15826.041714285713
2026-02-01,Beauty,Uttar Pradesh,New,81,79,78,116,1785385.7199999995,22041.799012346,14596.49
2026-02-01,Electronics,West Bengal,Premium,102,98,101,148,2042337.5300000003,20022.916960784,12666.802941176469
2026-02-01,Fashion,Gujarat,New,124,122,118,178,2535617.74,20448.53016129,12649.446451612901
2026-02-01,Grocery,Gujarat,New,65,65,63,94,1532408.6,23575.516923077,17570.213846153849
2026-02-01,Fashion,Uttar Pradesh,Premium,157,154,149,223,3860031.6599999988,24586.188917197,17120.76108280255
2026-02-01,Electronics,Maharashtra,Regular,919,893,598,1267,20832888.34999999,22669.084167573,16212.737083786735
2026-02-01,Beauty,Tamil Nadu,New,71,71,69,93,1402526.42,19753.893239437,14558.167042253521
2026-02-01,Electronics,Tamil Nadu,Regular,627,598,472,873,13641363.259999998,21756.560223285,15620.207017543857
2026-02-01,Electronics,Maharashtra,New,186,179,167,254,3081542.7999999989,16567.434408602,12250.6885483871
2026-02-01,Home & Kitchen,Uttar Pradesh,New,135,132,127,194,2366292.7899999996,17528.094740741,13263.841925925928
2026-02-01,Electronics,Maharashtra,Premium,186,180,171,262,3550208.79,19087.144032258,12128.373870967742
2026-02-01,Beauty,Gujarat,New,64,62,61,84,1451530.8299999996,22680.16921875,15646.21328125
2026-02-01,Electronics,West Bengal,New,80,76,77,117,2028870.8399999999,25360.8855,16452.19875
2026-02-01,Sports,Maharashtra,Regular,377,369,316,512,8427180.879999999,22353.264933687,15638.68557029178
2026-02-01,Fashion,Telangana,Regular,609,590,464,847,13950009.680000002,22906.419835796,16580.967241379305
2026-02-01,Home & Kitchen,Uttar Pradesh,Premium,136,132,123,196,2728110.2199999997,20059.633970588,14606.14411764706
2026-02-01,Sports,Karnataka,New,77,76,74,107,1684295.4899999998,21873.967402597,14407.75922077922
2026-02-01,Beauty,Gujarat,Regular,228,226,205,324,3975110.8499999992,17434.696710526,12434.368070175438
2026-02-01,Fashion,Maharashtra,Premium,184,180,170,264,4137874.0099999993,22488.445706522,16014.305543478264
2026-02-01,Grocery,Tamil Nadu,Regular,344,337,295,468,5667001.3199999984,16473.841046512,12634.474418604656
2026-02-01,Fashion,Telangana,Premium,116,115,110,162,2218581.3999999994,19125.701724138,13714.015948275865
2026-02-01,Sports,Delhi,Premium,44,42,42,63,526743.08000000007,11971.433636364,10095.609318181818
2026-02-01,Fashion,West Bengal,New,83,81,81,126,2443132.56,29435.332048193,18950.678554216869
2026-02-01,Fashion,Uttar Pradesh,Regular,722,702,493,990,15683104.479999997,21721.751357341,15760.710817174515
2026-02-01,Home & Kitchen,Karnataka,Premium,115,114,112,165,2615044.9900000007,22739.521652174,15855.04956521739
2026-02-01,Beauty,Tamil Nadu,Regular,341,335,290,477,7928889.6200000038,23251.875718475,15364.710586510262
2026-02-01,Electronics,Uttar Pradesh,Regular,843,807,585,1132,17180163.720000017,20379.79088968,15050.79075919336
2026-02-01,Grocery,Telangana,New,89,87,86,120,1758014.5899999999,19752.972921348,15626.662359550564
2026-02-01,Home & Kitchen,Maharashtra,Regular,720,699,508,978,14519411.910000004,20165.849875,15382.376430555547
2026-02-01,Grocery,Maharashtra,Regular,429,423,354,606,7579161.1100000041,17667.042214452,12232.124941724942
2026-02-01,Home & Kitchen,West Bengal,New,53,53,52,73,1197676.6,22597.671698113,17409.529622641512
2026-02-01,Beauty,Maharashtra,Regular,428,420,346,584,8824425.8199999947,20617.817336449,15278.184462616822
2026-02-01,Electronics,Tamil Nadu,New,141,137,135,206,2904645.4099999992,20600.322056738,14114.319645390069
2026-02-01,Home & Kitchen,Delhi,Regular,378,368,310,535,7142816.6899999967,18896.340449735,13501.007222222222
2026-02-01,Home & Kitchen,Telangana,Premium,109,107,103,161,2274184.4000000004,20864.07706422,12881.248623853209
2026-02-01,Fashion,Tamil Nadu,New,141,135,132,190,2648724.95,18785.283333333,14666.478936170211
2026-02-01,Home & Kitchen,Telangana,Regular,535,524,409,720,12662696.28,23668.59117757,17414.939121495325
2026-02-01,Electronics,Karnataka,Premium,188,186,174,259,3232048.4500000011,17191.747074468,12922.08765957447
2026-02-01,Sports,West Bengal,Regular,164,161,155,220,2999608.93,18290.298353659,13835.793841463414
2026-02-01,Fashion,Karnataka,Regular,706,686,506,987,14632630.709999999,20726.10582153,15099.362252124642
2026-02-01,Beauty,Telangana,Premium,73,73,70,106,1980728.8300000005,27133.271643836,17583.39876712329
2026-03-01,Electronics,Uttar Pradesh,Premium,231,225,201,306,4797017.9099999992,20766.311298701,14993.719956709952
2026-03-01,Sports,Maharashtra,New,81,80,78,111,1656201.43,20446.931234568,14165.697160493826
2026-03-01,Grocery,Delhi,Regular,303,297,264,417,5413557.5299999984,17866.52650165,11888.566732673267
2026-03-01,Beauty,Tamil Nadu,Regular,337,329,291,457,5975059.1400000025,17730.145816024,12200.592729970327
2026-03-01,Sports,Karnataka,Premium,75,75,73,88,1164469.7699999998,15526.2636,12860.53413333334
2026-03-01,Sports,Karnataka,New,76,74,74,102,1229723.44,16180.571578947,11538.422236842105
2026-03-01,Sports,Delhi,Premium,44,44,43,54,777445.97000000009,17669.226590909,15776.198181818181
2026-03-01,Fashion,Karnataka,Regular,736,705,512,966,14852551.610000007,20180.097296196,15549.624728260871
2026-03-01,Beauty,Telangana,New,88,87,84,113,1472869.4500000004,16737.152840909,13628.861704545452
2026-03-01,Home & Kitchen,Telangana,New,116,112,106,151,2460522.06,21211.397068966,15715.199396551721
2026-03-01,Sports,Delhi,New,46,46,45,59,781510.70000000007,16989.363043478,13548.966739130432
2026-03-01,Fashion,Uttar Pradesh,Regular,737,708,522,1001,13802012.91,18727.290244233,14518.503962008142
2026-03-01,Grocery,Karnataka,New,78,77,75,123,2119834.8400000003,27177.36974359,16141.831410256413
2026-03-01,Home & Kitchen,Karnataka,Regular,678,648,492,921,12963311.900000002,19119.929056047,14195.327182890853
2026-03-01,Electronics,West Bengal,Regular,459,445,374,621,9667631.2500000037,21062.37745098,15952.348409586053
2026-03-01,Home & Kitchen,Telangana,Premium,124,115,119,189,3430317.9400000004,27663.854354839,18392.452983870964
2026-03-01,Fashion,Telangana,New,125,122,117,166,2722716.1599999997,21781.72928,16666.13704
2026-03-01,Beauty,Karnataka,Premium,79,78,78,113,1932606.1800000002,24463.369367089,19233.181772151893
2026-03-01,Electronics,Gujarat,Regular,588,563,449,791,11660434.600000001,19830.671088435,14875.99846938776
2026-03-01,Sports,Tamil Nadu,Premium,75,71,72,110,2160545.17,28807.268933333,17458.098133333337
2026-03-01,Fashion,West Bengal,Regular,417,401,334,550,8474463.6799999978,20322.454868106,16013.966858513188
2026-03-01,Grocery,Telangana,New,81,81,77,103,1578504.2099999997,19487.706296296,14176.62913580247
2026-03-01,Fashion,Gujarat,Regular,528,513,404,734,10765810.659999998,20389.792916667,14434.688446969702
2026-03-01,Home & Kitchen,Maharashtra,Premium,162,158,146,223,3777352.5799999987,23316.991234568,17550.616111111121
2026-03-01,Home & Kitchen,Maharashtra,New,155,147,144,240,4213267.15,27182.368709677,14534.246387096775
2026-03-01,Beauty,Telangana,Premium,78,76,76,122,1539506.3799999997,19737.261282051,12277.251666666669
2026-03-01,Home & Kitchen,Gujarat,Regular,436,424,356,608,9645542.7299999967,22122.804426606,15405.477981651373
2026-03-01,Fashion,Telangana,Premium,156,152,147,219,2959114.6999999988,18968.683974359,14575.328076923077
2026-03-01,Home & Kitchen,West Bengal,Regular,334,322,290,465,7185108.6999999983,21512.301497006,15763.456946107786
2026-03-01,Fashion,Maharashtra,New,204,196,183,282,4091416.850000001,20055.96495098,15403.418039215689
2026-03-01,Beauty,Tamil Nadu,Premium,78,75,75,103,1434674.7000000002,18393.265384615,14865.540256410255
2026-03-01,Electronics,Telangana,New,158,153,142,210,2725561.6799999997,17250.390379747,12756.461835443037
2026-03-01,Home & Kitchen,Uttar Pradesh,Regular,641,625,473,858,13031645.030000003,20330.179453978,15833.858408736363
2026-03-01,Electronics,Uttar Pradesh,Regular,903,871,594,1218,18892975.77,20922.453787375,15109.46666666666
2026-03-01,Grocery,Karnataka,Premium,89,84,86,117,1818937.72,20437.50247191,14931.464606741572
2026-03-01,Grocery,Telangana,Premium,73,73,72,94,1243589.6800000002,17035.475068493,13132.44287671233
2026-03-01,Grocery,Karnataka,Regular,473,465,376,667,8565426.7,18108.724524313,12963.769704016919
2026-03-01,Home & Kitchen,Delhi,Regular,465,454,389,628,10968473.370000008,23588.114774194,16180.416967741938
2026-03-01,Grocery,West Bengal,Regular,242,238,218,331,5351220.03,22112.47946281,16911.46219008265
2026-03-01,Beauty,Delhi,Regular,271,264,238,374,5407691.370000002,19954.580701107,13678.036346863471
2026-03-01,Fashion,Maharashtra,Premium,211,204,188,298,5354286.61,25375.765924171,18455.274028436022
2026-03-01,Beauty,Karnataka,New,92,92,90,123,1968215.5799999996,21393.647608696,17319.431956521737
2026-03-01,Sports,Telangana,New,69,68,68,93,1262890.7399999998,18302.764347826,12689.537681159418
2026-03-01,Electronics,Telangana,Premium,185,179,172,242,3867963.3900000006,20907.910216216,16158.439567567568
2026-03-01,Sports,West Bengal,Premium,34,33,34,44,708479.14,20837.621764706,16814.163235294116
2026-03-01,Fashion,Delhi,Regular,488,471,379,668,9273976.2199999951,19004.049631148,14313.279221311483
2026-03-01,Grocery,Gujarat,Regular,281,274,245,377,6472113.6600000039,23032.432953737,15783.47163701068
2026-03-01,Beauty,Tamil Nadu,New,81,80,75,109,1118009.14,13802.581975309,10544.271358024693
2026-03-01,Grocery,Uttar Pradesh,Regular,439,430,362,591,9587732.9499999955,21839.938382688,15242.758086560363
2026-03-01,Beauty,Gujarat,Regular,267,265,236,373,6230007.9099999992,23333.362958801,15542.987153558051
2026-03-01,Electronics,Maharashtra,New,219,209,185,293,4415595.3500000006,20162.535844749,15162.812876712329
2026-03-01,Beauty,Delhi,New,58,57,56,80,1425997.51,24586.163965517,14473.663275862071
2026-03-01,Grocery,Delhi,Premium,59,58,56,87,1243377.6500000001,21074.197457627,13245.1813559322
2026-03-01,Grocery,Maharashtra,Premium,117,117,110,168,2697955.56,23059.449230769,15881.774529914528
2026-03-01,Sports,Telangana,Premium,61,61,60,93,1482758.61,24307.518196721,15399.788032786882
2026-03-01,Beauty,Uttar Pradesh,Regular,432,425,343,587,8983951.4900000021,20796.18400463,15163.178750000003
2026-03-01,Beauty,West Bengal,New,36,34,34,51,960562.37,26682.288055556,14872.932499999999
2026-03-01,Electronics,Maharashtra,Premium,241,229,209,343,4690837.0100000007,19464.053983402,14329.319128630705
2026-03-01,Grocery,Tamil Nadu,New,82,82,76,108,1442342.6400000001,17589.544390244,13879.312682926826
2026-03-01,Beauty,West Bengal,Regular,203,199,189,285,3927347.65,19346.540147783,14834.661921182265
2026-03-01,Beauty,Telangana,Regular,370,366,311,512,9468823.07,25591.413702703,18556.851513513506
2026-03-01,Grocery,Telangana,Regular,371,363,314,509,5857684.2900000019,15788.906442049,11880.820619946091
2026-03-01,Beauty,Maharashtra,New,115,114,105,162,2761630.92,24014.181913043,17593.67026086956
2026-03-01,Sports,West Bengal,Regular,191,190,176,260,3626021.24,18984.404397906,14068.872513089002
2026-03-01,Sports,Gujarat,Regular,224,223,201,304,4027638.9700000011,17980.531116071,14367.914821428574
2026-03-01,Electronics,Tamil Nadu,Regular,701,676,498,989,14943541.410000013,21317.46278174,15257.161911554926
2026-03-01,Beauty,Delhi,Premium,65,65,62,92,1446354.2799999998,22251.604307692,16200.761538461538
2026-03-01,Beauty,Karnataka,Regular,445,435,343,623,11232611.359999996,25241.823280899,17057.79244943821
2026-03-01,Electronics,Gujarat,New,137,129,128,192,3118587.2200000007,22763.410364964,16226.861240875913
2026-03-01,Beauty,Maharashtra,Premium,109,105,97,144,2353845.7299999995,21594.914954128,16434.56128440367
2026-03-01,Electronics,Gujarat,Premium,136,133,128,198,2220018.52,16323.665588235,10730.798823529409
2026-03-01,Electronics,Delhi,Regular,551,529,427,754,9857965.09,17891.043720508,13288.50693284937
2026-03-01,Beauty,Gujarat,Premium,55,54,53,81,1114417.1599999997,20262.130181818,12936.511454545456
2026-03-01,Electronics,West Bengal,Premium,104,99,103,149,2538813.41,24411.667403846,16829.280384615384
2026-03-01,Grocery,Delhi,New,68,68,61,104,1529658.62,22494.979705882,14005.456911764704
2026-03-01,Sports,Maharashtra,Regular,444,440,357,589,8800293.5100000016,19820.480878378,14904.619279279277
2026-03-01,Fashion,Telangana,Regular,681,657,482,956,13741806.719999997,20178.864493392,14689.911116005867
2026-03-01,Fashion,Tamil Nadu,Regular,599,579,450,829,11933514.490000006,19922.394808013,14976.52420701168
2026-03-01,Beauty,Maharashtra,Regular,479,472,384,662,9445726.38,19719.679290188,13654.589812108557
2026-03-01,Home & Kitchen,Tamil Nadu,New,105,101,101,139,1581568.3199999998,15062.555428571,13022.407714285713
2026-03-01,Fashion,West Bengal,Premium,94,88,83,125,1670248.25,17768.598404255,14698.241489361702
2026-03-01,Grocery,Maharashtra,New,104,99,97,140,2160907.98,20777.961346154,14592.138365384615
2026-03-01,Sports,Delhi,Regular,235,231,209,324,3941978.2299999991,16774.375446809,12559.365659574465
2026-03-01,Electronics,Telangana,Regular,802,770,538,1115,16404732.650000008,20454.778865337,14907.092219451364
2026-03-01,Home & Kitchen,Tamil Nadu,Regular,505,488,388,714,10658283.219999993,21105.511326733,15274.530178217823
2026-03-01,Grocery,Maharashtra,Regular,496,486,388,679,8482787.1400000043,17102.393427419,13605.413870967741
2026-03-01,Fashion,Gujarat,New,102,101,98,139,1993984.1300000001,19548.864019608,14957.658431372549
2026-03-01,Sports,Uttar Pradesh,Regular,357,346,298,489,6687561.8099999977,18732.666134454,14149.137703081233
2026-03-01,Grocery,Tamil Nadu,Regular,353,338,295,478,5741276.4300000016,16264.23917847,12003.918951841362
2026-03-01,Fashion,West Bengal,New,87,86,83,114,2314341.8599999994,26601.630574713,19104.437586206892
2026-03-01,Home & Kitchen,Gujarat,New,102,100,97,134,2012351.9400000006,19728.940588235,15297.119901960781
2026-03-01,Electronics,West Bengal,New,86,82,81,128,1990045.86,23140.068139535,15853.36406976744
2026-03-01,Home & Kitchen,Delhi,Premium,94,92,90,123,2015691.7099999997,21443.528829787,16609.60978723404
2026-03-01,Fashion,Gujarat,Premium,100,98,95,130,1552110.39,15521.1039,12333.295399999999
2026-03-01,Home & Kitchen,West Bengal,New,82,79,78,117,1637374.59,19967.982804878,14361.216463414634
2026-03-01,Sports,Telangana,Regular,343,333,280,480,6687628.5500000007,19497.459329446,14573.985947521862
2026-03-01,Sports,Gujarat,Premium,46,46,46,61,628387.35,13660.594565217,10942.66239130435
2026-03-01,Grocery,Tamil Nadu,Premium,72,70,71,103,1596179.68,22169.162222222,17262.096527777776
2026-03-01,Home & Kitchen,Karnataka,Premium,151,147,141,220,4234228.88,28041.250860927,18732.35211920529
2026-03-01,Beauty,Uttar Pradesh,Premium,85,84,79,134,1886317.3499999999,22191.968823529,14238.006470588234
2026-03-01,Home & Kitchen,Tamil Nadu,Premium,112,110,105,165,2719567.6100000003,24281.853660714,15816.304464285715
2026-03-01,Home & Kitchen,Maharashtra,Regular,736,723,502,998,14061286.139999993,19105.008342391,14623.790475543472
2026-03-01,Beauty,Uttar Pradesh,New,85,84,79,121,1742985.8800000001,20505.716235294,15143.480823529411
2026-03-01,Sports,Uttar Pradesh,Premium,86,84,83,124,1848687.77,21496.369418605,15037.361162790696
2026-03-01,Fashion,Karnataka,New,156,148,143,213,3372052.5599999987,21615.721538462,16833.0307051282
2026-03-01,Home & Kitchen,Karnataka,New,159,153,145,215,2896392.53,18216.305220126,13465.962830188682
2026-03-01,Grocery,Uttar Pradesh,New,90,89,87,121,1888156.9299999997,20979.521444444,14550.941111111113
2026-03-01,Sports,Tamil Nadu,Regular,309,303,264,428,6144021.4000000022,19883.564401294,13809.699482200656
2026-03-01,Fashion,Karnataka,Premium,161,155,153,224,3798051.4099999997,23590.381428571,16574.667888198754
2026-03-01,Electronics,Uttar Pradesh,New,201,189,183,288,5206178.49,25901.385522388,17009.267213930354
2026-03-01,Home & Kitchen,Gujarat,Premium,89,87,85,114,1199536.9400000002,13477.943146067,11976.516179775279
2026-03-01,Sports,Uttar Pradesh,New,94,91,91,136,1902892.2399999998,20243.534468085,14456.229468085105
2026-03-01,Home & Kitchen,West Bengal,Premium,73,72,72,106,1633338.2,22374.495890411,14951.632739726025
2026-03-01,Fashion,Delhi,Premium,112,109,109,162,1538866.08,13739.875714286,10529.043928571429
2026-03-01,Sports,West Bengal,New,45,45,45,58,392075.25,8712.783333333,6871.4466666666676
2026-03-01,Electronics,Karnataka,Regular,951,904,608,1333,23082400.38,24271.714384858,16464.845457413248
2026-03-01,Grocery,Gujarat,New,73,69,71,106,1451759.9500000002,19887.12260274,14141.988767123286
2026-03-01,Electronics,Tamil Nadu,New,168,160,159,240,4296915.43,25576.877559524,16518.134642857141
2026-03-01,Grocery,Gujarat,Premium,67,65,67,95,1415624.2100000002,21128.719552239,13776.52358208955
2026-03-01,Grocery,Uttar Pradesh,Premium,112,111,107,162,2441198.5900000003,21796.415982143,15469.059107142852
2026-03-01,Fashion,Maharashtra,Regular,866,838,572,1172,17055686.369999997,19694.78795612,14535.032517321022
2026-03-01,Electronics,Delhi,Premium,136,129,124,183,2659813.8699999996,19557.454926471,14246.991249999997
2026-03-01,Beauty,Gujarat,New,67,67,66,89,1056612.88,15770.341492537,12920.459253731342
2026-03-01,Electronics,Karnataka,New,183,177,162,248,4200509.6900000013,22953.604863388,17238.62142076503
2026-03-01,Sports,Maharashtra,Premium,88,85,85,115,1915541.8900000004,21767.521477273,16589.280340909092
2026-03-01,Electronics,Delhi,New,116,112,111,158,1901959.46,16396.202241379,12040.616982758622
2026-03-01,Home & Kitchen,Delhi,New,116,111,107,168,1789658.4000000004,15428.089655172,11339.114137931036
2026-03-01,Home & Kitchen,Uttar Pradesh,New,136,129,127,184,3565564.48,26217.385882353,17757.459705882342
2026-03-01,Grocery,West Bengal,New,55,55,53,67,1055793.4999999998,19196.245454545,16727.372909090911
2026-03-01,Home & Kitchen,Uttar Pradesh,Premium,140,139,128,184,2910960.13,20792.572357143,15729.018071428571
2026-03-01,Electronics,Maharashtra,Regular,1002,957,634,1381,21584519.219999991,21541.436347305,15726.069291417158
2026-03-01,Sports,Tamil Nadu,New,60,58,58,81,1120949.51,18682.491833333,16026.435999999998
2026-03-01,Electronics,Karnataka,Premium,195,188,183,267,3459223.7500000005,17739.608974359,13179.722512820514
2026-03-01,Fashion,Tamil Nadu,New,139,135,131,192,2958849.0299999989,21286.683669065,15623.637769784174
2026-03-01,Beauty,West Bengal,Premium,53,53,51,86,2440512.11,46047.398301887,23881.924716981131
2026-03-01,Sports,Karnataka,Regular,377,372,312,510,6523480.419999999,17303.661591512,12734.882758620686
2026-03-01,Fashion,Tamil Nadu,Premium,139,135,132,190,2113038.0799999996,15201.712805755,12354.50884892087
2026-03-01,Electronics,Tamil Nadu,Premium,137,132,133,180,2349036.3099999996,17146.250437956,13718.987956204381
2026-03-01,Sports,Gujarat,New,54,54,54,69,1141930.44,21146.86,15032.039629629628
2026-03-01,Fashion,Delhi,New,131,126,122,181,2327946.75,17770.585877863,13056.181984732821
2026-03-01,Grocery,West Bengal,Premium,51,51,48,73,1216147.9900000002,23846.039019608,15770.387450980388
2026-03-01,Fashion,Uttar Pradesh,Premium,163,160,161,223,3086559.91,18935.950368098,13318.487975460124
2026-03-01,Fashion,Uttar Pradesh,New,167,161,158,231,2912755.24,17441.648143713,12538.280538922158
2026-03-01,Home & Kitchen,Telangana,Regular,613,596,466,864,11740585.809999999,19152.668531811,14173.227911908647
2026-04-01,Fashion,Maharashtra,New,178,172,159,245,4183589.6100000003,23503.31241573,16867.934269662925
2026-04-01,Fashion,West Bengal,Premium,82,80,80,115,1680605.2000000002,20495.185365854,11483.568658536586
2026-04-01,Fashion,Tamil Nadu,Premium,125,124,116,173,2397162.86,19177.30288,14661.006719999998
2026-04-01,Fashion,Delhi,New,126,123,121,180,3395191.49,26945.964206349,17652.323730158736
2026-04-01,Beauty,Gujarat,New,56,55,56,81,998796.91000000015,17835.659107143,11663.172678571431
2026-04-01,Sports,Karnataka,New,70,68,69,98,1220955.2999999998,17442.218571429,13694.597999999998
2026-04-01,Sports,Maharashtra,New,82,82,81,109,1367049.4100000004,16671.334268293,14299.633048780488
2026-04-01,Sports,Tamil Nadu,Premium,72,71,70,110,1040382.94,14449.763055556,9483.1095833333347
2026-04-01,Home & Kitchen,Telangana,Premium,115,110,111,149,2345030.5600000005,20391.570086957,16946.611304347829
2026-04-01,Sports,Karnataka,Regular,322,319,279,438,6029623.09,18725.537546584,13903.631521739135
2026-04-01,Grocery,Delhi,Regular,289,277,253,394,5555120.8500000015,19221.871453287,15001.00951557093
2026-04-01,Sports,Gujarat,Premium,58,58,55,72,1472441.8499999996,25386.928448276,17362.260517241379
2026-04-01,Grocery,Telangana,Premium,86,84,84,115,1410786.3699999999,16404.492674419,13458.787325581394
2026-04-01,Beauty,Telangana,New,86,81,85,104,1619679.6999999997,18833.484883721,15984.318255813951
2026-04-01,Fashion,Uttar Pradesh,New,159,147,147,212,3497513.7,21996.941509434,16944.302138364779
2026-04-01,Fashion,Uttar Pradesh,Regular,732,711,531,1025,15553761.680000003,21248.308306011,15034.987745901646
2026-04-01,Beauty,Tamil Nadu,Premium,74,74,70,101,1472231.7000000002,19895.022972973,16347.748108108108
2026-04-01,Fashion,Uttar Pradesh,Premium,158,153,145,225,3710976.6500000004,23487.193987342,14904.298227848103
2026-04-01,Electronics,Gujarat,Regular,593,569,449,781,10157981.930000002,17129.817757167,13481.374620573355
2026-04-01,Grocery,Maharashtra,New,82,80,78,122,1365820.35,16656.345731707,9815.1723170731711
2026-04-01,Grocery,West Bengal,Premium,50,48,48,60,1057670.85,21153.417,16496.009000000002
2026-04-01,Fashion,Maharashtra,Premium,171,167,154,215,3288733.73,19232.360994152,15034.485029239766
2026-04-01,Home & Kitchen,Delhi,Regular,420,408,350,589,8799405.9200000037,20950.96647619,14029.640904761902
2026-04-01,Home & Kitchen,Uttar Pradesh,New,155,152,139,210,3066353.12,19782.923354839,13508.825483870967
2026-04-01,Electronics,West Bengal,Regular,434,422,359,607,7853636.2699999968,18095.936105991,12728.826451612902
2026-04-01,Fashion,West Bengal,Regular,429,409,349,592,9109398.37,21234.028834499,15361.69806526807
2026-04-01,Fashion,Karnataka,Regular,749,726,508,1025,15503571.659999991,20699.027583445,14564.533551401873
2026-04-01,Home & Kitchen,Karnataka,Regular,655,639,483,898,14390849.11,21970.762,15670.276641221373
2026-04-01,Beauty,West Bengal,New,51,50,51,77,977894.25000000012,19174.397058824,14995.640000000001
2026-04-01,Sports,Delhi,Premium,49,47,48,69,753123.20000000007,15369.86122449,10486.07387755102
2026-04-01,Home & Kitchen,Telangana,New,127,124,121,165,2263817.1899999995,17825.332204724,13267.187716535434
2026-04-01,Electronics,Maharashtra,Premium,190,183,171,252,3515930.7900000005,18504.898894737,13597.473157894732
2026-04-01,Fashion,Telangana,New,133,127,124,200,3079058.21,23150.813609023,15515.457744360896
2026-04-01,Sports,Karnataka,Premium,83,82,79,118,2114994.5300000003,25481.861807229,17089.001927710844
2026-04-01,Sports,Maharashtra,Premium,79,78,76,106,1605515.68,20322.983291139,13694.153544303797
2026-04-01,Electronics,Delhi,New,120,116,115,168,2425643.27,20213.693916667,12800.08608333333
2026-04-01,Fashion,Gujarat,Regular,500,491,390,679,10338022.340000004,20676.04468,15057.622100000008
2026-04-01,Grocery,Delhi,Premium,52,52,52,65,569237.72000000009,10946.879230769,10373.641538461539
2026-04-01,Home & Kitchen,West Bengal,Regular,366,350,295,500,7890898.709999999,21559.832540984,15777.882513661203
2026-04-01,Sports,Delhi,New,53,52,53,62,1051879.3699999999,19846.780566038,16141.352452830188
2026-04-01,Beauty,Telangana,Premium,77,77,74,113,1448674.8499999999,18813.959090909,12401.958571428573
2026-04-01,Beauty,Karnataka,New,87,84,83,129,2033967.7599999998,23378.939770115,17021.109885057467
2026-04-01,Home & Kitchen,Gujarat,Regular,449,438,365,598,8642201.4799999986,19247.664766147,14419.425367483298
2026-04-01,Fashion,Telangana,Premium,147,143,133,203,3257580.0700000008,22160.408639456,15158.395238095238
2026-04-01,Fashion,Tamil Nadu,New,140,138,134,194,2830727.5,20219.482142857,16001.35728571429
2026-04-01,Home & Kitchen,Uttar Pradesh,Regular,659,640,483,907,13690314.77,20774.377496206,14979.315614567526
2026-04-01,Electronics,Maharashtra,Regular,1006,971,640,1409,20048813.339999996,19929.237912525,13879.579751491057
2026-04-01,Electronics,Telangana,New,157,147,148,232,2997230.5200000005,19090.640254777,13039.715031847134
2026-04-01,Beauty,Delhi,Regular,274,266,235,386,6041518.2099999981,22049.336532847,14975.982554744522
2026-04-01,Grocery,Tamil Nadu,New,70,68,68,99,1447327.79,20676.111285714,13323.925
2026-04-01,Electronics,Uttar Pradesh,Regular,923,876,621,1291,18501054.229999997,20044.479122427,14047.047735644637
2026-04-01,Home & Kitchen,Uttar Pradesh,Premium,140,136,132,200,3122956.8499999996,22306.834642857,14761.700214285711
2026-04-01,Electronics,Telangana,Premium,158,155,141,205,3028255.0400000005,19166.171139241,13531.750126582276
2026-04-01,Home & Kitchen,Maharashtra,Premium,143,140,134,189,2569677.32,17969.771468531,14200.859020979022
2026-04-01,Grocery,West Bengal,Regular,243,238,220,336,4623616.9300000025,19027.230164609,12789.35818930041
2026-04-01,Electronics,Tamil Nadu,Premium,144,134,135,213,3922380.9900000007,27238.756875,16141.329583333336
2026-04-01,Grocery,Telangana,New,72,70,70,103,1710431.9699999997,23755.999583333,14888.500972222222
2026-04-01,Sports,Tamil Nadu,New,69,66,69,99,1699481.9999999998,24630.173913043,15096.189855072462
2026-04-01,Grocery,Gujarat,New,63,60,61,79,876345.94000000006,13910.253015873,11723.650000000001
2026-04-01,Grocery,West Bengal,New,57,56,55,74,1065627.7200000002,18695.223157895,14942.72228070175
2026-04-01,Sports,Gujarat,New,51,50,49,59,772044.89999999991,15138.135294118,13449.910392156862
2026-04-01,Grocery,Tamil Nadu,Premium,79,79,75,118,1541595.4500000002,19513.866455696,12887.962911392407
2026-04-01,Beauty,West Bengal,Regular,237,232,215,329,4088814.8400000012,17252.383291139,13717.487974683547
2026-04-01,Sports,West Bengal,Premium,34,34,34,53,540386.23,15893.712647059,10565.25705882353
2026-04-01,Beauty,West Bengal,Premium,34,34,34,51,835723.04999999981,24580.089705882,18915.733235294119
2026-04-01,Beauty,Gujarat,Regular,267,264,228,366,4573126.7299999995,17127.815468165,12776.981610486893
2026-04-01,Grocery,Gujarat,Regular,265,260,230,386,6118589.5,23089.016981132,15600.745735849057
2026-04-01,Electronics,Tamil Nadu,New,149,141,138,215,2749976.48,18456.217986577,13366.205167785236
2026-04-01,Electronics,Maharashtra,New,218,205,194,284,4088508.14,18754.624495413,14965.648165137616
2026-04-01,Home & Kitchen,Maharashtra,New,126,122,116,175,2648940.4499999997,21023.336904762,14888.302222222223
2026-04-01,Sports,Telangana,Regular,350,342,299,497,7347659.7800000031,20993.313657143,14941.5346
2026-04-01,Sports,Telangana,Premium,61,60,58,89,1398196.7000000002,22921.257377049,14125.463934426232
2026-04-01,Beauty,Gujarat,Premium,42,42,40,57,1312309.54,31245.465238095,21602.122619047619
2026-04-01,Grocery,Gujarat,Premium,65,63,63,88,1358757.9300000002,20903.968153846,13479.744153846155
2026-04-01,Home & Kitchen,Tamil Nadu,New,120,118,108,158,2021335.2599999998,16844.4605,12563.169666666668
2026-04-01,Electronics,Karnataka,Premium,179,175,161,246,3553356.7699999996,19851.155139665,15314.482011173186
2026-04-01,Beauty,Karnataka,Premium,96,95,91,126,1644971.4199999995,17135.118958333,13138.039583333333
2026-04-01,Grocery,Maharashtra,Premium,115,115,109,147,2130347.1999999997,18524.75826087,14819.989913043477
2026-04-01,Grocery,Karnataka,Premium,96,94,92,137,1870855.0199999996,19488.073125,11503.793854166664
2026-04-01,Electronics,Karnataka,New,178,169,166,258,3978539.77,22351.347022472,14574.672134831459
2026-04-01,Sports,Gujarat,Regular,248,243,214,347,5592721.8599999994,22551.297822581,16597.721612903228
2026-04-01,Beauty,Uttar Pradesh,Regular,431,425,364,602,9404367.4099999983,21819.877981439,15890.856473317865
2026-04-01,Electronics,Uttar Pradesh,New,187,179,170,245,3631088.6700000004,19417.586470588,15481.019465240641
2026-04-01,Fashion,Delhi,Regular,518,504,400,725,10096081.099999996,19490.504054054,14081.545559845559
2026-04-01,Beauty,Karnataka,Regular,380,374,315,545,7939896.1599999992,20894.463578947,14315.230973684209
2026-04-01,Sports,Telangana,New,50,47,50,65,1169629.36,23392.5872,17901.3656
2026-04-01,Grocery,Karnataka,New,101,98,95,138,1588751.63,15730.214158416,12469.763465346536
2026-04-01,Grocery,Uttar Pradesh,New,102,101,95,139,1504397.48,14748.994901961,11063.752843137256
2026-04-01,Sports,Maharashtra,Regular,376,371,317,528,6675207.4899999993,17753.211409574,12131.303696808516
2026-04-01,Electronics,Uttar Pradesh,Premium,195,187,176,263,3747956.9,19220.291794872,14545.580102564101
2026-04-01,Sports,West Bengal,Regular,191,185,174,263,3347750.3999999994,17527.489005236,14723.129528795807
2026-04-01,Home & Kitchen,Delhi,New,112,106,109,154,2869054.2500000005,25616.555803571,17327.43625
2026-04-01,Fashion,Maharashtra,Regular,853,822,576,1153,17576681.37,20605.722590856,15431.645181711603
2026-04-01,Sports,Tamil Nadu,Regular,277,270,249,383,5588185.8699999973,20173.956209386,14165.917942238266
2026-04-01,Grocery,Telangana,Regular,400,391,326,554,7291165.5099999979,18227.913775,13333.820574999998
2026-04-01,Beauty,Delhi,Premium,64,63,63,86,1734270.87,27097.98234375,18086.5053125
2026-04-01,Electronics,Gujarat,New,137,131,132,197,2757370.2600000007,20126.790218978,14109.594014598542
2026-04-01,Beauty,Tamil Nadu,New,84,80,83,125,1502128.6400000001,17882.483809524,12072.531904761907
2026-04-01,Electronics,Delhi,Regular,544,525,410,741,12382468.769999996,22761.891121324,16583.816764705887
2026-04-01,Electronics,Karnataka,Regular,846,810,556,1150,17022386.710000005,20121.024479905,15079.31762411347
2026-04-01,Electronics,Tamil Nadu,Regular,688,665,498,943,13408107.900000013,19488.528924419,14597.266904069769
2026-04-01,Home & Kitchen,Telangana,Regular,578,563,438,802,11000992.990000004,19032.859844291,13969.403408304495
2026-04-01,Home & Kitchen,Karnataka,New,165,157,154,237,3675025.3399999994,22272.880848485,14982.471333333338
2026-04-01,Grocery,Delhi,New,66,65,64,90,1671536.5699999998,25326.311666667,17139.827878787877
2026-04-01,Grocery,Karnataka,Regular,439,433,352,600,9347274.1599999927,21292.196264237,14811.563917995443
2026-04-01,Home & Kitchen,Karnataka,Premium,130,127,121,191,3031169.7200000007,23316.690153846,15123.341538461538
2026-04-01,Electronics,West Bengal,New,103,102,97,138,2166233.75,21031.395631068,16660.231553398062
2026-04-01,Fashion,Telangana,Regular,663,645,481,907,14135001.989999989,21319.761674208,16496.668174962295
2026-04-01,Beauty,Maharashtra,Regular,450,443,355,617,9095015.9699999988,20211.1466,14897.258333333339
2026-04-01,Electronics,Delhi,Premium,128,121,119,176,3271606.3600000003,25559.4246875,19109.148203125005
2026-04-01,Grocery,Uttar Pradesh,Regular,397,392,325,559,8519111.4300000034,21458.718967254,14880.180654911839
2026-04-01,Electronics,Telangana,Regular,737,712,503,998,13058144.809999997,17717.971248304,13915.06875169607
2026-04-01,Fashion,Tamil Nadu,Regular,574,554,432,781,12010138.069999995,20923.585487805,15509.475522648077
2026-04-01,Electronics,Gujarat,Premium,118,113,110,153,2440126.5799999996,20679.038813559,13818.294406779663
2026-04-01,Grocery,Maharashtra,Regular,475,467,378,618,8617111.7199999951,18141.287831579,14061.985305263162
2026-04-01,Sports,West Bengal,New,41,39,41,57,1025089.0400000002,25002.171707317,14236.068292682927
2026-04-01,Beauty,Delhi,New,71,70,64,103,1765129.9000000001,24860.984507042,15758.977323943662
2026-04-01,Fashion,Gujarat,Premium,92,89,89,125,1897240.4399999995,20622.178695652,14477.040108695652
2026-04-01,Home & Kitchen,Tamil Nadu,Regular,520,503,409,700,10668733.269999992,20516.79475,15412.129769230767
2026-04-01,Beauty,Maharashtra,New,103,102,95,132,2167695.1500000004,21045.583980583,16259.303495145628
2026-04-01,Home & Kitchen,Tamil Nadu,Premium,108,104,105,150,2103086.6100000003,19473.024166667,13197.187314814815
2026-04-01,Grocery,Uttar Pradesh,Premium,75,75,72,103,1245375.62,16605.008266667,11957.892533333334
2026-04-01,Fashion,West Bengal,New,89,86,84,124,1740769.9000000004,19559.212359551,13283.16606741573
2026-04-01,Home & Kitchen,Maharashtra,Regular,752,728,522,1041,14780445.620000007,19654.847898936,13943.441595744678
2026-04-01,Home & Kitchen,Gujarat,New,107,105,100,164,3528883.2900000005,32980.217663551,18895.435233644865
2026-04-01,Fashion,Gujarat,New,103,101,99,128,2366049.31,22971.352524272,17301.308252427185
2026-04-01,Sports,Uttar Pradesh,Regular,356,347,296,491,6970985.1900000023,19581.419073034,14826.681966292139
2026-04-01,Home & Kitchen,Gujarat,Premium,93,89,85,137,1790909.9600000004,19257.096344086,12521.126344086024
2026-04-01,Sports,Delhi,Regular,231,228,201,319,4691997.46,20311.677316017,14272.1777922078
2026-04-01,Beauty,Tamil Nadu,Regular,319,316,267,436,6645754.5300000012,20833.08630094,14583.863918495299
2026-04-01,Home & Kitchen,West Bengal,Premium,79,77,73,118,1144011.88,14481.163037975,9913.9767088607587
2026-04-01,Fashion,Karnataka,New,155,150,143,206,2048707.5700000005,13217.468193548,10736.166193548384
2026-04-01,Home & Kitchen,Delhi,Premium,91,87,88,116,1905861.7,20943.535164835,17382.05703296703
2026-04-01,Sports,Uttar Pradesh,Premium,81,81,76,108,1967833.6999999997,24294.243209877,17682.846419753081
2026-04-01,Sports,Uttar Pradesh,New,82,80,81,111,1122132.18,13684.538780488,10008.471829268294
2026-04-01,Electronics,West Bengal,Premium,84,79,78,115,1538498.9500000002,18315.463690476,15201.825476190479
2026-04-01,Beauty,Uttar Pradesh,New,83,79,81,115,1462990.7200000002,17626.394216867,13518.397469879519
2026-04-01,Home & Kitchen,West Bengal,New,83,80,81,101,1422415.5599999998,17137.53686747,14724.991204819278
2026-04-01,Beauty,Uttar Pradesh,Premium,85,82,84,127,1644175.3900000001,19343.239882353,13580.703764705882
2026-04-01,Grocery,Tamil Nadu,Regular,339,329,284,480,6866303.5199999986,20254.582654867,13883.644926253686
2026-04-01,Fashion,Delhi,Premium,104,103,101,143,2683600.5199999996,25803.851153846,19117.429230769227
2026-04-01,Beauty,Maharashtra,Premium,98,97,93,133,1528215.1200000003,15594.031836735,11228.611938775508
2026-04-01,Fashion,Karnataka,Premium,151,147,130,208,4073569.2600000007,26977.27986755,18190.820728476818
2026-04-01,Beauty,Telangana,Regular,360,356,306,480,7607376.3499999978,21131.600972222,16186.505472222221
2026-05-01,Beauty,Karnataka,Regular,427,417,342,585,9522447.0099999979,22300.812669789,15806.4737236534
2026-05-01,Sports,Maharashtra,Premium,89,88,81,123,1598234.77,17957.694044944,13773.370674157302
2026-05-01,Grocery,Uttar Pradesh,New,84,83,84,113,1215799.5700000005,14473.804404762,11945.82523809524
2026-05-01,Electronics,Karnataka,New,183,178,171,255,3587113.41,19601.712622951,14549.799508196718
2026-05-01,Sports,Karnataka,New,74,74,72,100,1255660.2200000002,16968.381351351,12414.58743243243
2026-05-01,Fashion,Karnataka,New,149,143,139,194,2942512.96,19748.409127517,14963.564899328856
2026-05-01,Beauty,West Bengal,Premium,43,43,42,71,1298017.1700000002,30186.445813953,16866.208604651161
2026-05-01,Home & Kitchen,Maharashtra,New,179,171,167,241,2960374.850000001,16538.40698324,13336.339664804471
2026-05-01,Grocery,Maharashtra,Regular,551,535,419,771,10852454.539999992,19695.924754991,13996.026914700546
2026-05-01,Electronics,Tamil Nadu,New,130,125,123,182,2720018.0600000005,20923.215846154,15060.873999999998
2026-05-01,Home & Kitchen,Karnataka,Regular,704,677,509,952,13592779.160000006,19307.924943182,14436.587514204552
2026-05-01,Beauty,Tamil Nadu,Regular,339,332,286,476,6263567.7300000014,18476.600973451,14180.571651917406
2026-05-01,Fashion,Tamil Nadu,New,110,103,105,156,2446903.1,22244.573636364,14489.39690909091
2026-05-01,Home & Kitchen,Tamil Nadu,Premium,114,111,109,157,2549701.6799999997,22365.804210526,18109.643859649124
2026-05-01,Beauty,Maharashtra,New,82,82,76,98,1350267.98,16466.682682927,15087.309390243903
2026-05-01,Home & Kitchen,Gujarat,Premium,100,97,94,137,1833069.08,18330.6908,13152.0277
2026-05-01,Beauty,Uttar Pradesh,Premium,86,84,81,108,1706764.6800000004,19846.100930233,16081.866162790702
2026-05-01,Electronics,West Bengal,Regular,475,452,373,650,10870519.71,22885.304652632,16389.788147368417
2026-05-01,Fashion,Uttar Pradesh,Regular,741,724,546,1025,16492107.409999996,22256.555209177,16277.760647773275
2026-05-01,Home & Kitchen,Gujarat,New,100,97,97,141,2480324.59,24803.2459,18357.0347
2026-05-01,Beauty,Gujarat,New,42,42,41,58,724040.73,17239.065,14714.089047619049
2026-05-01,Sports,West Bengal,New,49,48,49,68,712559.37000000011,14542.027959184,11526.10836734694
2026-05-01,Electronics,Gujarat,Regular,602,583,444,816,12517532.87,20793.2439701,15406.199601328906
2026-05-01,Sports,Uttar Pradesh,Regular,350,347,298,469,7224562.1099999994,20641.606028571,14398.391342857145
2026-05-01,Sports,Gujarat,New,59,58,54,76,1218859.3199999998,20658.632542373,15670.46627118644
2026-05-01,Fashion,West Bengal,Regular,453,436,374,632,10536040.820000006,23258.368256071,16861.868653421629
2026-05-01,Grocery,Tamil Nadu,Regular,347,339,292,481,7821870.7500000019,22541.41426513,15845.930317002878
2026-05-01,Electronics,Karnataka,Premium,202,194,182,290,3966346.5399999996,19635.378910891,15004.285099009903
2026-05-01,Home & Kitchen,Karnataka,New,147,145,142,213,3579509.0900000008,24350.401972789,16036.156734693877
2026-05-01,Sports,Maharashtra,New,83,83,81,118,1946208.6800000002,23448.297349398,17407.18590361446
2026-05-01,Sports,Uttar Pradesh,New,90,87,85,137,2352651.6899999995,26140.574333333,19169.06011111111
2026-05-01,Electronics,Delhi,Premium,121,116,115,169,3929025.2800000003,32471.283305785,20759.597933884295
2026-05-01,Home & Kitchen,Maharashtra,Premium,171,165,152,223,2908083.64,17006.337076023,13375.134210526314
2026-05-01,Home & Kitchen,Uttar Pradesh,Regular,667,652,484,907,13462557.920000002,20183.745007496,14962.275217391303
2026-05-01,Electronics,Delhi,Regular,592,565,453,813,10433785.510000002,17624.637685811,13662.722550675679
2026-05-01,Electronics,Maharashtra,Regular,1046,1004,648,1442,19443551.15,18588.481022945,13762.563546845133
2026-05-01,Beauty,Maharashtra,Premium,95,93,93,141,2458346.0099999993,25877.326421053,14833.240421052629
2026-05-01,Home & Kitchen,Karnataka,Premium,147,145,134,214,3463714.9300000006,23562.686598639,15217.52789115646
2026-05-01,Home & Kitchen,Delhi,Regular,436,423,355,620,10065156.240000004,23085.220733945,16082.053830275225
2026-05-01,Home & Kitchen,Telangana,Premium,130,124,123,184,2828545.14,21758.039538462,14954.816076923069
2026-05-01,Grocery,Tamil Nadu,Premium,76,74,73,105,1598983.6899999997,21039.259078947,17081.420131578947
2026-05-01,Beauty,Karnataka,New,80,79,78,113,1633998.1899999997,20424.977375,14583.796999999999
2026-05-01,Fashion,Uttar Pradesh,Premium,153,148,140,207,2242921.72,14659.619084967,11366.94267973856
2026-05-01,Home & Kitchen,Telangana,New,131,127,117,199,2804261.0199999996,21406.572671756,13579.163816793895
2026-05-01,Sports,Tamil Nadu,Premium,58,58,58,83,1551093.5199999996,26742.991724138,17043.876551724137
2026-05-01,Electronics,Uttar Pradesh,Regular,877,847,572,1227,18155971.04000001,20702.361505131,14867.813090079819
2026-05-01,Home & Kitchen,Gujarat,Regular,510,484,408,718,9934350.9400000013,19479.119490196,14156.274882352944
2026-05-01,Fashion,West Bengal,Premium,90,88,89,131,2697076.4399999995,29967.516,21155.391333333329
2026-05-01,Grocery,Delhi,Regular,279,269,253,397,4653302.41,16678.503261649,12643.854086021509
2026-05-01,Home & Kitchen,Tamil Nadu,Regular,498,489,390,703,10631064.250000004,21347.518574297,15071.004196787146
2026-05-01,Home & Kitchen,West Bengal,Regular,387,379,323,553,8256853.4300000006,21335.538578811,15090.782196382432
2026-05-01,Sports,Tamil Nadu,New,64,61,63,76,1067420.98,16678.4528125,12897.858125000002
2026-05-01,Electronics,Maharashtra,Premium,195,186,180,265,4755954.290000001,24389.509179487,17340.951641025647
2026-05-01,Beauty,Maharashtra,Regular,483,476,379,652,9483571.7600000016,19634.724140787,14860.837681159419
2026-05-01,Sports,Delhi,New,73,68,70,101,1530546.39,20966.38890411,14999.210821917808
2026-05-01,Sports,Uttar Pradesh,Premium,91,91,89,121,2038087.01,22396.560549451,18161.342637362643
2026-05-01,Electronics,Telangana,Regular,788,754,555,1084,15953395.640000008,20245.425939086,15364.273616751265
2026-05-01,Electronics,Uttar Pradesh,New,201,195,183,298,4250941.83,21148.964328358,13895.647860696517
2026-05-01,Grocery,Gujarat,New,60,56,57,88,1102408.85,18373.480833333,13561.600166666669
2026-05-01,Fashion,Gujarat,Premium,115,112,107,151,1743673.75,15162.380434783,12321.347565217391
2026-05-01,Beauty,Telangana,New,79,77,78,121,1888951.8,23910.782278481,14523.214810126581
2026-05-01,Home & Kitchen,Delhi,New,111,108,104,149,2249857.8200000003,20268.989369369,16293.895945945944
2026-05-01,Fashion,Delhi,New,120,119,108,161,2152614.0300000003,17938.45025,12907.549083333333
2026-05-01,Beauty,Delhi,Regular,279,275,241,381,5696780.73,20418.568924731,15452.010358422936
2026-05-01,Grocery,Delhi,Premium,70,69,68,92,1222052.5000000002,17457.892857143,11518.653000000002
2026-05-01,Electronics,Karnataka,Regular,924,889,589,1275,17815642.640000008,19280.998528139,13709.215270562772
2026-05-01,Fashion,Gujarat,Regular,491,475,381,678,8978990.7099999972,18287.1501222,13567.133686354377
2026-05-01,Fashion,Tamil Nadu,Premium,138,135,126,187,3165677.149999999,22939.689492754,16828.644057971014
2026-05-01,Electronics,West Bengal,Premium,95,93,92,121,2123434.6,22351.943157895,16569.566315789471
2026-05-01,Fashion,Telangana,New,141,137,129,200,2798963.0700000012,19850.801914894,12784.123333333335
2026-05-01,Fashion,Delhi,Premium,111,107,104,162,2096034.83,18883.196666667,11878.853063063061
2026-05-01,Grocery,Karnataka,New,87,84,84,113,1365075.0700000003,15690.518045977,11261.686321839083
2026-05-01,Grocery,Telangana,New,100,94,93,131,1633975.8200000003,16339.7582,13567.318000000003
2026-05-01,Fashion,Maharashtra,New,199,193,184,278,4125328.310000001,20730.293015075,15754.467537688439
2026-05-01,Fashion,Uttar Pradesh,New,181,174,171,242,3663633.379999999,20241.06839779,14944.678895027628
2026-05-01,Grocery,Delhi,New,70,69,68,94,1064319.8800000001,15204.569714286,12832.874000000003
2026-05-01,Sports,Karnataka,Premium,87,87,86,124,2092760.35,24054.716666667,15491.6691954023
2026-05-01,Fashion,Gujarat,New,119,113,109,173,2295888.0,19293.176470588,12238.555294117647
2026-05-01,Electronics,Gujarat,Premium,119,113,112,153,2024715.3899999997,17014.415042017,13584.307394957981
2026-05-01,Fashion,Karnataka,Premium,162,157,152,237,4201234.1099999994,25933.543888889,17354.439320987651
2026-05-01,Sports,Tamil Nadu,Regular,303,295,261,410,6007477.3100000015,19826.657788779,14857.463597359734
2026-05-01,Sports,Delhi,Regular,238,230,213,327,4664550.1399999987,19598.950168067,13640.976512605041
2026-05-01,Fashion,Telangana,Regular,658,634,485,906,15772205.880000005,23969.91775076,16585.021200607913
2026-05-01,Electronics,Gujarat,New,128,122,122,169,1702475.5200000003,13300.59,10979.136093749998
2026-05-01,Sports,West Bengal,Premium,39,39,39,52,678046.06,17385.796410256,12750.128717948715
2026-05-01,Sports,Maharashtra,Regular,442,436,359,602,8114972.1500000013,18359.665497738,14003.654004524884
2026-05-01,Fashion,Telangana,Premium,155,144,147,211,2980733.0399999996,19230.535741935,13997.231419354837
2026-05-01,Home & Kitchen,Maharashtra,Regular,786,760,550,1063,14963608.84999999,19037.670292621,15082.556323155213
2026-05-01,Beauty,Tamil Nadu,New,76,76,72,109,1632620.91,21481.854078947,15266.419605263158
2026-05-01,Fashion,Tamil Nadu,Regular,618,598,476,850,11305398.989999998,18293.525873786,13780.11035598705
2026-05-01,Fashion,West Bengal,New,105,97,99,132,1925724.5600000008,18340.233904762,14703.427047619047
2026-05-01,Beauty,Tamil Nadu,Premium,70,68,68,92,1049580.1800000002,14994.002571429,10388.643
2026-05-01,Beauty,Delhi,Premium,55,55,54,76,1209720.6500000001,21994.920909091,18038.053818181819
2026-05-01,Beauty,Uttar Pradesh,Regular,402,395,321,575,9363597.56,23292.531243781,16395.366965174122
2026-05-01,Electronics,West Bengal,New,107,103,104,147,1903590.5099999998,17790.565514019,14044.364392523359
2026-05-01,Grocery,Uttar Pradesh,Premium,96,95,94,133,785970.89000000013,8187.196770833,6311.961666666667
2026-05-01,Grocery,Gujarat,Premium,51,51,51,71,1231733.3699999999,24151.634705882,16375.128235294118
2026-05-01,Beauty,Gujarat,Premium,48,48,48,64,962610.69000000018,20054.389375,15911.498541666668
2026-05-01,Beauty,West Bengal,Regular,251,248,220,359,6002786.59,23915.484422311,16302.116772908368
2026-05-01,Electronics,Delhi,New,134,127,120,181,2811589.1200000006,20982.008358209,16905.597611940302
2026-05-01,Fashion,Maharashtra,Regular,816,786,560,1132,17804289.54999999,21818.982291667,14805.242769607845
2026-05-01,Beauty,Uttar Pradesh,New,99,97,91,147,2469104.1300000004,24940.445757576,18434.644545454539
2026-05-01,Grocery,Maharashtra,Premium,109,105,106,152,2256149.71,20698.621192661,14765.6447706422
2026-05-01,Electronics,Telangana,New,163,158,150,223,2408126.51,14773.782269939,12036.09294478528
2026-05-01,Grocery,Tamil Nadu,New,91,88,83,128,1172827.81,12888.217692308,8219.74054945055
2026-05-01,Grocery,Maharashtra,New,114,111,110,158,1420173.7499999998,12457.664473684,10536.63359649123
2026-05-01,Grocery,West Bengal,Premium,55,55,53,82,1228446.8,22335.396363636,12795.016363636363
2026-05-01,Fashion,Maharashtra,Premium,208,201,190,289,5150522.3200000022,24762.126538462,17877.783942307695
2026-05-01,Home & Kitchen,West Bengal,Premium,71,69,67,105,1104458.0400000003,15555.747042254,10561.415070422536
2026-05-01,Home & Kitchen,Telangana,Regular,553,535,421,762,11615217.840000009,21004.010560579,14928.453996383365
2026-05-01,Electronics,Maharashtra,New,209,201,187,282,3788881.4900000007,18128.619569378,14176.807272727274
2026-05-01,Grocery,West Bengal,New,55,54,50,67,793318.66999999993,14423.975818182,13290.426
2026-05-01,Grocery,Gujarat,Regular,290,285,257,410,6097644.5399999982,21026.360482759,15090.695344827585
2026-05-01,Electronics,Tamil Nadu,Regular,728,698,519,1014,15718328.409999995,21591.110453297,14990.353475274716
2026-05-01,Electronics,Telangana,Premium,173,164,159,226,3965270.89,22920.640982659,16995.129075144512
2026-05-01,Beauty,West Bengal,New,57,55,55,85,1198261.62,21022.133684211,11845.017368421051
2026-05-01,Sports,Gujarat,Premium,50,49,48,70,751238.75999999989,15024.7752,11191.947
2026-05-01,Grocery,Telangana,Regular,383,377,319,539,7294789.87,19046.448746736,13436.64637075718
2026-05-01,Sports,Delhi,Premium,56,56,55,81,1263721.3099999998,22566.451964286,16877.729285714286
2026-05-01,Fashion,Delhi,Regular,531,514,417,722,12190647.56,22957.905009416,15972.757137476459
2026-05-01,Home & Kitchen,Uttar Pradesh,Premium,135,132,126,181,2557687.25,18945.831481481,14512.401111111114
2026-05-01,Grocery,West Bengal,Regular,234,228,209,306,4957923.7699999986,21187.708418803,16987.791538461541
2026-05-01,Electronics,Tamil Nadu,Premium,179,167,162,237,2983336.0699999989,16666.681955307,12952.363854748606
2026-05-01,Home & Kitchen,Tamil Nadu,New,118,114,109,175,2516728.61,21328.208559322,13773.108474576267
2026-05-01,Beauty,Gujarat,Regular,273,271,240,383,6712726.6599999992,24588.742344322,16886.240183150188
2026-05-01,Home & Kitchen,Uttar Pradesh,New,135,128,122,189,3062914.91,22688.258592593,15460.755259259258
2026-05-01,Fashion,Karnataka,Regular,773,747,549,1107,14823953.330000002,19177.171190168,14209.383932729619
2026-05-01,Home & Kitchen,West Bengal,New,67,65,65,95,2416790.83,36071.504925373,23930.977014925375
2026-05-01,Grocery,Telangana,Premium,66,66,64,97,872932.78000000014,13226.254242424,7812.405303030303
2026-05-01,Grocery,Karnataka,Regular,446,436,360,598,8289608.0000000009,18586.565022422,13757.644529147979
2026-05-01,Beauty,Telangana,Premium,66,65,65,80,1069114.49,16198.704393939,13210.192575757577
2026-05-01,Sports,Telangana,Regular,329,324,281,442,6574748.7799999984,19984.038844985,15380.939179331306
2026-05-01,Home & Kitchen,Delhi,Premium,113,110,104,152,2266148.4800000004,20054.411327434,13334.334690265488
2026-05-01,Beauty,Telangana,Regular,364,354,297,511,8091612.8999999985,22229.705769231,15041.73486263736
2026-05-01,Grocery,Uttar Pradesh,Regular,439,428,351,616,9227954.200000003,21020.396810934,14407.477630979496
2026-05-01,Sports,Gujarat,Regular,262,258,231,358,5880669.79,22445.304541985,15507.532251908398
2026-05-01,Sports,Karnataka,Regular,379,373,318,514,8878478.0800000019,23426.06353562,17747.884802110813
2026-05-01,Sports,West Bengal,Regular,223,219,198,310,4454569.6599999983,19975.648699552,14660.771659192826
2026-05-01,Grocery,Karnataka,Premium,95,93,90,140,1864266.59,19623.858842105,12936.76663157895
2026-05-01,Beauty,Delhi,New,61,59,59,92,1245533.52,20418.582295082,13360.139344262296
2026-05-01,Sports,Telangana,Premium,57,55,55,82,951138.90000000014,16686.647368421,12527.7050877193
2026-05-01,Beauty,Karnataka,Premium,95,94,89,137,2515456.2100000004,26478.486421053,18087.521894736841
2026-05-01,Sports,Telangana,New,62,61,59,88,1303185.4899999998,21019.120806452,12783.518064516127
2026-05-01,Electronics,Uttar Pradesh,Premium,179,175,161,255,2653461.2199999988,14823.805698324,11572.00642458101
2026-06-01,Beauty,Tamil Nadu,New,68,67,67,92,849176.50999999989,12487.889852941,10206.850294117647
2026-06-01,Fashion,Delhi,Premium,101,98,95,137,1408430.0099999998,13944.851584158,10626.713663366334
2026-06-01,Grocery,Uttar Pradesh,Regular,434,428,354,624,8514805.7999999933,19619.368202765,13375.811382488484
2026-06-01,Beauty,Telangana,Regular,347,344,291,474,7406377.7100000046,21344.027982709,15051.130172910665
2026-06-01,Sports,Telangana,New,61,56,60,84,1492155.43,24461.56442623,17231.440163934429
2026-06-01,Electronics,Delhi,Regular,512,493,398,677,11984148.229999995,23406.539511719,16828.439414062494
2026-06-01,Beauty,Maharashtra,New,90,89,84,126,1910392.0700000003,21226.578555556,16340.742555555556
2026-06-01,Beauty,West Bengal,Regular,221,217,197,313,4891995.07,22135.724298643,15942.766199095022
2026-06-01,Home & Kitchen,West Bengal,Premium,62,60,62,78,1302519.88,21008.38516129,16573.472096774192
2026-06-01,Electronics,Maharashtra,Regular,949,899,609,1305,19272322.180000018,20308.031801897,14551.612202318225
2026-06-01,Fashion,Karnataka,Regular,797,762,543,1106,16181470.54999999,20302.97434128,14646.045696361358
2026-06-01,Beauty,Gujarat,Regular,260,259,232,373,4785241.77,18404.776038462,12292.677846153849
2026-06-01,Beauty,Delhi,Regular,254,249,222,339,4801395.1199999982,18903.130393701,14132.608228346457
2026-06-01,Home & Kitchen,Maharashtra,Premium,129,126,124,182,2349151.31,18210.475271318,14695.612170542629
2026-06-01,Grocery,Delhi,New,62,60,62,87,1261903.68,20353.28516129,14701.482903225808
2026-06-01,Grocery,Delhi,Premium,62,61,59,92,1312585.37,21170.731774194,13511.209032258064
2026-06-01,Grocery,Gujarat,Premium,49,49,48,68,880482.90999999992,17969.038979592,11303.85612244898
2026-06-01,Home & Kitchen,Uttar Pradesh,New,119,116,112,158,2426006.2299999995,20386.60697479,15632.896890756303
2026-06-01,Beauty,Telangana,New,50,49,46,73,1070244.7399999998,21404.8948,14925.7402
2026-06-01,Electronics,Uttar Pradesh,Premium,186,180,176,264,3711539.4899999998,19954.513387097,14254.672365591403
2026-06-01,Electronics,Karnataka,New,185,182,168,251,3664593.9999999995,19808.616216216,14068.767405405406
2026-06-01,Sports,West Bengal,New,37,37,37,48,720065.81,19461.238108108,15073.46081081081
2026-06-01,Electronics,Tamil Nadu,Premium,164,155,141,215,2925346.9200000009,17837.481219512,14095.306463414632
2026-06-01,Beauty,Karnataka,Premium,99,97,93,135,1543226.42,15588.145656566,12084.640202020202
2026-06-01,Sports,Telangana,Regular,286,281,245,396,5158114.0999999978,18035.363986014,13119.799405594402
2026-06-01,Electronics,Tamil Nadu,New,117,113,111,160,2298638.2600000002,19646.480854701,14873.755555555559
2026-06-01,Sports,Maharashtra,Regular,376,370,322,507,8088198.4999999991,21511.166223404,15676.189095744674
2026-06-01,Grocery,Gujarat,Regular,282,277,245,394,4771936.2400000012,16921.759716312,12562.928014184397
2026-06-01,Grocery,Karnataka,New,102,98,97,144,1735285.6099999999,17012.604019608,13107.008039215687
2026-06-01,Electronics,Delhi,Premium,116,113,107,156,2550965.5599999996,21991.082413793,16867.646379310343
2026-06-01,Sports,Tamil Nadu,Regular,284,281,251,408,5360695.879999998,18875.68971831,13150.308697183104
2026-06-01,Fashion,Delhi,Regular,483,467,386,641,10129340.93,20971.720351967,14926.991677018636
2026-06-01,Grocery,Tamil Nadu,New,67,67,64,84,1500032.7500000002,22388.548507463,17857.860597014929
2026-06-01,Sports,Gujarat,Regular,200,198,181,284,5142426.2899999991,25712.13145,18707.067550000007
2026-06-01,Home & Kitchen,Uttar Pradesh,Regular,605,590,449,850,13631905.940000009,22532.075933884,16333.731570247928
2026-06-01,Sports,Delhi,New,56,56,54,79,1336917.48,23873.526428571,15135.603928571429
2026-06-01,Grocery,West Bengal,New,47,47,46,68,636380.92999999993,13540.019787234,9388.77404255319
2026-06-01,Home & Kitchen,West Bengal,New,71,71,70,101,1286691.8099999998,18122.419859155,13473.102112676055
2026-06-01,Electronics,Karnataka,Premium,188,180,167,259,3969653.0599999996,21115.175851064,15429.415372340423
2026-06-01,Sports,West Bengal,Regular,183,178,169,252,3776662.8100000005,20637.501693989,15966.546338797809
2026-06-01,Home & Kitchen,Telangana,Regular,499,492,389,691,10298767.610000003,20638.812845691,15208.264368737477
2026-06-01,Electronics,Telangana,Premium,166,159,156,247,3983101.27,23994.585963855,16058.892831325307
2026-06-01,Beauty,Uttar Pradesh,New,99,96,93,154,2532933.3300000005,25585.185151515,14825.84232323232
2026-06-01,Grocery,Karnataka,Premium,90,89,87,126,1640803.1700000002,18231.146333333,12696.280333333336
2026-06-01,Fashion,Maharashtra,Regular,832,800,565,1170,18511392.45,22249.269771635,15653.920060096161
2026-06-01,Beauty,Uttar Pradesh,Regular,410,404,335,559,7919881.2799999993,19316.783609756,14689.624999999995
2026-06-01,Electronics,West Bengal,New,108,104,104,148,2202763.5499999993,20395.958796296,14623.444537037036
2026-06-01,Beauty,Maharashtra,Regular,430,427,352,629,9671053.5900000017,22490.822302326,16139.132581395354
2026-06-01,Grocery,West Bengal,Regular,256,249,229,364,5326371.919999999,20806.1403125,15205.630546875003
2026-06-01,Electronics,Tamil Nadu,Regular,666,642,486,912,14183970.579999996,21297.253123123,15820.181246246249
2026-06-01,Electronics,Maharashtra,New,205,200,183,284,4223173.8299999991,20600.84795122,14414.143024390245
2026-06-01,Fashion,Tamil Nadu,Premium,142,139,137,208,3813789.4899999993,26857.672464789,19391.658028169019
2026-06-01,Fashion,Uttar Pradesh,New,142,139,131,207,2410866.52,16977.933239437,12576.673309859156
2026-06-01,Grocery,Maharashtra,Premium,108,106,98,136,2147680.9099999997,19885.934351852,14078.81574074074
2026-06-01,Home & Kitchen,Tamil Nadu,Premium,122,118,117,169,2969816.3600000003,24342.75704918,17528.975573770495
2026-06-01,Fashion,Telangana,Regular,622,604,468,858,13129342.35999999,21108.267459807,15359.232974276531
2026-06-01,Home & Kitchen,Gujarat,Regular,413,404,342,570,8825678.8999999985,21369.682566586,14858.988837772402
2026-06-01,Grocery,Uttar Pradesh,Premium,94,90,92,125,1378618.31,14666.152234043,12039.482127659574
2026-06-01,Sports,Telangana,Premium,74,74,69,102,1507650.8299999998,20373.659864865,14610.197297297294
2026-06-01,Grocery,Delhi,Regular,277,272,237,376,4892219.2700000014,17661.441407942,12819.516967509024
2026-06-01,Electronics,Delhi,New,139,131,132,191,2446501.1900000009,17600.727985612,13500.262374100721
2026-06-01,Grocery,Maharashtra,Regular,463,455,365,638,9451406.1900000013,20413.404298056,15059.93563714903
2026-06-01,Electronics,Uttar Pradesh,New,181,172,159,249,3746052.1599999997,20696.420773481,14551.704198895024
2026-06-01,Grocery,Telangana,Premium,76,76,75,111,1587917.49,20893.651184211,16605.920394736844
2026-06-01,Beauty,Telangana,Premium,76,74,73,99,1579858.7099999997,20787.614605263,15661.665394736841
2026-06-01,Home & Kitchen,West Bengal,Regular,345,335,293,485,7430244.9100000011,21536.941768116,16573.504985507247
2026-06-01,Electronics,Gujarat,New,119,112,110,164,1990371.4899999998,16725.810840336,11615.869243697478
2026-06-01,Electronics,Telangana,Regular,708,679,500,987,15329446.76,21651.760960452,15069.287189265537
2026-06-01,Beauty,West Bengal,New,45,45,45,62,880892.97,19575.399333333,14696.271111111109
2026-06-01,Home & Kitchen,Uttar Pradesh,Premium,145,142,137,200,2660160.88,18345.937103448,12480.643586206897
2026-06-01,Fashion,West Bengal,Premium,75,71,72,106,1571091.8599999994,20947.891466667,15503.915333333334
2026-06-01,Grocery,Gujarat,New,60,57,60,84,1168670.0800000003,19477.834666667,13113.824166666665
2026-06-01,Grocery,West Bengal,Premium,43,42,43,65,1078187.8,25074.134883721,12694.9423255814
2026-06-01,Sports,Gujarat,New,54,53,52,73,1258026.6600000001,23296.79,15613.073888888888
2026-06-01,Home & Kitchen,Gujarat,New,91,90,86,122,1641319.33,18036.476153846,13844.44054945055
2026-06-01,Home & Kitchen,Gujarat,Premium,91,83,85,139,1194868.0399999998,13130.418021978,9227.6858241758218
2026-06-01,Electronics,Maharashtra,Premium,197,193,174,272,4484098.88,22761.923248731,14671.312436548225
2026-06-01,Fashion,Tamil Nadu,Regular,543,525,400,757,11673470.920000002,21498.104825046,16028.17379373849
2026-06-01,Beauty,Delhi,New,70,68,66,93,1086697.81,15524.254428571,11652.907142857144
2026-06-01,Grocery,Telangana,New,78,77,77,108,1492765.38,19138.017692308,15293.923205128203
2026-06-01,Fashion,Gujarat,Regular,491,475,396,689,11631785.389999999,23689.990610998,16892.536293279016
2026-06-01,Fashion,West Bengal,Regular,379,367,313,536,7411620.7199999969,19555.727493404,14591.580554089711
2026-06-01,Home & Kitchen,Tamil Nadu,New,100,96,95,134,1626404.3599999996,16264.0436,12625.2799
2026-06-01,Grocery,Karnataka,Regular,420,412,346,595,9164883.77,21821.151833333,14807.594523809528
2026-06-01,Home & Kitchen,Karnataka,Premium,141,136,131,184,2270257.4600000004,16101.116737589,12957.362765957447
2026-06-01,Grocery,Maharashtra,New,104,99,102,146,2748934.0999999996,26432.058653846,16987.794134615386
2026-06-01,Electronics,Karnataka,Regular,862,835,562,1175,18360443.839999992,21299.818839907,15488.761206496518
2026-06-01,Fashion,Tamil Nadu,New,137,131,130,185,2754755.2700000005,20107.70270073,16679.815182481751
2026-06-01,Beauty,Gujarat,Premium,48,46,48,73,1317447.9,27446.83125,20211.025416666664
2026-06-01,Home & Kitchen,Tamil Nadu,Regular,486,476,388,668,12059154.660000004,24813.075432099,17621.644279835404
2026-06-01,Fashion,Telangana,New,135,132,125,178,2139289.88,15846.591703704,11438.156222222222
2026-06-01,Home & Kitchen,Maharashtra,New,157,148,149,213,3100985.0400000005,19751.497070064,15084.569554140133
2026-06-01,Fashion,Telangana,Premium,133,129,123,180,2516627.2399999993,18922.009323308,15398.138045112781
2026-06-01,Beauty,Karnataka,New,80,80,75,119,1123074.5300000003,14038.431625,10306.45775
2026-06-01,Grocery,Tamil Nadu,Regular,377,365,302,495,8217985.3200000012,21798.369549072,17462.786021220159
2026-06-01,Sports,Tamil Nadu,New,60,60,58,83,1438454.17,23974.236166667,18568.369666666669
2026-06-01,Fashion,Gujarat,Premium,108,105,104,144,1976642.45,18302.244907407,13608.675462962963
2026-06-01,Sports,Gujarat,Premium,47,47,46,61,802608.55,17076.777659574,14597.350425531913
2026-06-01,Beauty,Maharashtra,Premium,95,95,92,123,1934481.93,20362.967684211,16112.836421052629
2026-06-01,Electronics,West Bengal,Premium,89,88,86,121,1448934.0300000003,16280.157640449,11052.899550561799
2026-06-01,Fashion,Maharashtra,Premium,168,160,151,247,3528912.39,21005.430892857,15373.620357142856
2026-06-01,Electronics,Gujarat,Regular,532,506,405,732,10055331.890000002,18900.999793233,13889.725319548872
2026-06-01,Fashion,Karnataka,Premium,147,144,136,210,3262229.5300000007,22192.037619048,14620.928843537416
2026-06-01,Fashion,Karnataka,New,156,149,145,225,3492807.26,22389.790128205,16922.83391025641
2026-06-01,Sports,Uttar Pradesh,New,77,74,70,107,1761415.2500000002,22875.522727273,15584.854025974026
2026-06-01,Sports,Uttar Pradesh,Regular,357,351,287,484,7387609.26,20693.583361345,15716.4093557423
2026-06-01,Fashion,Maharashtra,New,169,164,161,239,4426581.76,26192.79147929,16846.8673964497
2026-06-01,Fashion,Uttar Pradesh,Premium,155,147,145,216,3790493.25,24454.79516129,18563.874387096774
2026-06-01,Grocery,Uttar Pradesh,New,78,75,77,112,1382666.96,17726.499487179,12529.695769230766
2026-06-01,Home & Kitchen,Delhi,New,89,89,83,117,1707549.4200000004,19185.948539326,15808.757191011235
2026-06-01,Fashion,Delhi,New,105,101,99,155,2139940.75,20380.388095238,12572.776285714284
2026-06-01,Sports,Maharashtra,New,83,79,81,111,1282891.61,15456.525421687,13076.086987951807
2026-06-01,Home & Kitchen,Karnataka,Regular,666,646,499,909,13985765.890000004,20999.648483483,15714.447072072073
2026-06-01,Electronics,Gujarat,Premium,102,99,99,144,2162755.04,21203.480784314,14443.985784313725
2026-06-01,Beauty,Delhi,Premium,48,47,48,71,1232343.23,25673.817291667,20132.457291666669
2026-06-01,Home & Kitchen,Telangana,New,124,119,115,170,2429303.74,19591.159193548,13870.828306451613
2026-06-01,Sports,West Bengal,Premium,50,49,50,66,1001315.8299999998,20026.3166,15400.811800000003
2026-06-01,Sports,Delhi,Premium,48,48,48,77,806003.82,16791.74625,13250.064375
2026-06-01,Sports,Maharashtra,Premium,83,82,81,112,1307566.8800000001,15753.817831325,11930.78048192771
2026-06-01,Beauty,Tamil Nadu,Regular,347,343,293,494,6874501.58,19811.243746398,13554.149308357353
2026-06-01,Electronics,West Bengal,Regular,455,433,362,635,11704306.549999997,25723.750659341,16853.117582417588
2026-06-01,Sports,Uttar Pradesh,Premium,87,87,84,113,1870463.55,21499.581034483,16555.435632183908
2026-06-01,Beauty,Gujarat,New,59,56,58,81,1499393.6300000004,25413.451355932,17805.837627118643
2026-06-01,Grocery,Tamil Nadu,Premium,53,51,50,87,1358087.48,25624.292075472,17245.039433962262
2026-06-01,Sports,Tamil Nadu,Premium,55,53,53,64,1540873.2599999998,28015.877454545,26812.712363636365
2026-06-01,Home & Kitchen,Karnataka,New,152,146,143,214,3656600.46,24056.581973684,17123.587960526318
2026-06-01,Beauty,Uttar Pradesh,Premium,82,80,82,114,1486722.18,18130.758292683,13946.083414634144
2026-06-01,Beauty,Karnataka,Regular,406,396,337,553,8654757.7100000028,21317.137216749,15080.198152709356
2026-06-01,Home & Kitchen,Delhi,Premium,96,94,92,128,2113596.32,22016.628333333,15101.346666666665
2026-06-01,Sports,Karnataka,Regular,361,357,306,518,8393727.84,23251.32365651,16079.372022160669
2026-06-01,Fashion,Gujarat,New,100,99,96,133,2346240.2600000002,23462.4026,17384.7733
2026-06-01,Electronics,Uttar Pradesh,Regular,817,786,574,1100,15945206.42,19516.776523868,14761.08794369645
2026-06-01,Home & Kitchen,Delhi,Regular,401,385,330,569,8736840.8699999973,21787.633092269,14919.645137157102
2026-06-01,Home & Kitchen,Telangana,Premium,115,114,112,160,2726171.870000002,23705.842347826,17153.903478260869
2026-06-01,Fashion,West Bengal,New,83,81,80,111,1674119.04,20170.108915663,14979.150602409642
2026-06-01,Beauty,Tamil Nadu,Premium,61,59,60,78,1756097.1199999996,28788.477377049,23765.927868852461
2026-06-01,Sports,Delhi,Regular,214,210,194,290,5020637.98,23460.925140187,15303.495140186915
2026-06-01,Sports,Karnataka,New,68,68,66,89,1195006.42,17573.623823529,13925.310735294117
2026-06-01,Beauty,West Bengal,Premium,48,47,46,62,765511.70000000007,15948.160416667,13442.83145833333
2026-06-01,Sports,Karnataka,Premium,71,69,70,91,1310035.01,18451.197323944,15703.046760563382
2026-06-01,Home & Kitchen,Maharashtra,Regular,703,684,508,974,14450354.810000002,20555.27,14951.016941678519
2026-06-01,Fashion,Uttar Pradesh,Regular,761,727,525,1077,17050978.520000007,22406.016452037,14985.044323258873
2026-06-01,Grocery,Telangana,Regular,340,331,283,456,6568757.0599999977,19319.873705882,13368.260382352944
2026-06-01,Electronics,Telangana,New,143,140,132,194,3143583.54,21983.101678322,12922.92335664335